gene	series	occurrence_bin	n_alleles	alleles_per_k
HLA-A	known	1	122	122.0
HLA-A	known	2	30	30.0
HLA-A	known	3-4	36	18.0
HLA-A	known	5-8	26	6.5
HLA-A	known	9-16	20	2.5
HLA-A	known	17-32	11	0.6875
HLA-A	known	33-64	7	0.21875
HLA-A	known	65-128	11	0.171875
HLA-A	known	129-256	13	0.1015625
HLA-A	known	257-512	9	0.03515625
HLA-A	known	513-1024	7	0.013671875
HLA-A	known	>1024	5	0.0048828125
HLA-A	cds_changing	1	57	57.0
HLA-A	cds_changing	2	0	0.0
HLA-A	cds_changing	3-4	0	0.0
HLA-A	cds_changing	5-8	0	0.0
HLA-A	cds_changing	9-16	0	0.0
HLA-A	cds_changing	17-32	0	0.0
HLA-A	cds_changing	33-64	0	0.0
HLA-A	cds_changing	65-128	0	0.0
HLA-A	cds_changing	129-256	0	0.0
HLA-A	cds_changing	257-512	0	0.0
HLA-A	cds_changing	513-1024	0	0.0
HLA-A	cds_changing	>1024	0	0.0
HLA-A	noncoding_only	1	26	26.0
HLA-A	noncoding_only	2	8	8.0
HLA-A	noncoding_only	3-4	6	3.0
HLA-A	noncoding_only	5-8	9	2.25
HLA-A	noncoding_only	9-16	5	0.625
HLA-A	noncoding_only	17-32	10	0.625
HLA-A	noncoding_only	33-64	4	0.125
HLA-A	noncoding_only	65-128	2	0.03125
HLA-A	noncoding_only	129-256	0	0.0
HLA-A	noncoding_only	257-512	0	0.0
HLA-A	noncoding_only	513-1024	0	0.0
HLA-A	noncoding_only	>1024	0	0.0
HLA-A	flagged_artifact	1	571	571.0
HLA-A	flagged_artifact	2	11	11.0
HLA-A	flagged_artifact	3-4	7	3.5
HLA-A	flagged_artifact	5-8	5	1.25
HLA-A	flagged_artifact	9-16	1	0.125
HLA-A	flagged_artifact	17-32	0	0.0
HLA-A	flagged_artifact	33-64	0	0.0
HLA-A	flagged_artifact	65-128	0	0.0
HLA-A	flagged_artifact	129-256	0	0.0
HLA-A	flagged_artifact	257-512	0	0.0
HLA-A	flagged_artifact	513-1024	0	0.0
HLA-A	flagged_artifact	>1024	0	0.0
HLA-B	known	1	166	166.0
HLA-B	known	2	61	61.0
HLA-B	known	3-4	58	29.0
HLA-B	known	5-8	41	10.25
HLA-B	known	9-16	40	5.0
HLA-B	known	17-32	35	2.1875
HLA-B	known	33-64	29	0.90625
HLA-B	known	65-128	25	0.390625
HLA-B	known	129-256	25	0.1953125
HLA-B	known	257-512	16	0.0625
HLA-B	known	513-1024	5	0.009765625
HLA-B	known	>1024	1	0.0009765625
HLA-B	cds_changing	1	85	85.0
HLA-B	cds_changing	2	3	3.0
HLA-B	cds_changing	3-4	0	0.0
HLA-B	cds_changing	5-8	0	0.0
HLA-B	cds_changing	9-16	0	0.0
HLA-B	cds_changing	17-32	0	0.0
HLA-B	cds_changing	33-64	0	0.0
HLA-B	cds_changing	65-128	0	0.0
HLA-B	cds_changing	129-256	0	0.0
HLA-B	cds_changing	257-512	0	0.0
HLA-B	cds_changing	513-1024	0	0.0
HLA-B	cds_changing	>1024	0	0.0
HLA-B	noncoding_only	1	41	41.0
HLA-B	noncoding_only	2	21	21.0
HLA-B	noncoding_only	3-4	7	3.5
HLA-B	noncoding_only	5-8	13	3.25
HLA-B	noncoding_only	9-16	10	1.25
HLA-B	noncoding_only	17-32	16	1.0
HLA-B	noncoding_only	33-64	18	0.5625
HLA-B	noncoding_only	65-128	8	0.125
HLA-B	noncoding_only	129-256	1	0.0078125
HLA-B	noncoding_only	257-512	0	0.0
HLA-B	noncoding_only	513-1024	0	0.0
HLA-B	noncoding_only	>1024	0	0.0
HLA-B	flagged_artifact	1	697	697.0
HLA-B	flagged_artifact	2	16	16.0
HLA-B	flagged_artifact	3-4	0	0.0
HLA-B	flagged_artifact	5-8	0	0.0
HLA-B	flagged_artifact	9-16	0	0.0
HLA-B	flagged_artifact	17-32	0	0.0
HLA-B	flagged_artifact	33-64	0	0.0
HLA-B	flagged_artifact	65-128	0	0.0
HLA-B	flagged_artifact	129-256	0	0.0
HLA-B	flagged_artifact	257-512	0	0.0
HLA-B	flagged_artifact	513-1024	0	0.0
HLA-B	flagged_artifact	>1024	0	0.0
HLA-C	known	1	149	149.0
HLA-C	known	2	35	35.0
HLA-C	known	3-4	44	22.0
HLA-C	known	5-8	27	6.75
HLA-C	known	9-16	24	3.0
HLA-C	known	17-32	13	0.8125
HLA-C	known	33-64	14	0.4375
HLA-C	known	65-128	9	0.140625
HLA-C	known	129-256	10	0.078125
HLA-C	known	257-512	14	0.0546875
HLA-C	known	513-1024	13	0.025390625
HLA-C	known	>1024	2	0.001953125
HLA-C	cds_changing	1	78	78.0
HLA-C	cds_changing	2	1	1.0
HLA-C	cds_changing	3-4	0	0.0
HLA-C	cds_changing	5-8	0	0.0
HLA-C	cds_changing	9-16	0	0.0
HLA-C	cds_changing	17-32	0	0.0
HLA-C	cds_changing	33-64	0	0.0
HLA-C	cds_changing	65-128	0	0.0
HLA-C	cds_changing	129-256	0	0.0
HLA-C	cds_changing	257-512	0	0.0
HLA-C	cds_changing	513-1024	0	0.0
HLA-C	cds_changing	>1024	0	0.0
HLA-C	noncoding_only	1	38	38.0
HLA-C	noncoding_only	2	2	2.0
HLA-C	noncoding_only	3-4	7	3.5
HLA-C	noncoding_only	5-8	4	1.0
HLA-C	noncoding_only	9-16	3	0.375
HLA-C	noncoding_only	17-32	6	0.375
HLA-C	noncoding_only	33-64	10	0.3125
HLA-C	noncoding_only	65-128	5	0.078125
HLA-C	noncoding_only	129-256	3	0.0234375
HLA-C	noncoding_only	257-512	0	0.0
HLA-C	noncoding_only	513-1024	0	0.0
HLA-C	noncoding_only	>1024	0	0.0
HLA-C	flagged_artifact	1	780	780.0
HLA-C	flagged_artifact	2	20	20.0
HLA-C	flagged_artifact	3-4	2	1.0
HLA-C	flagged_artifact	5-8	0	0.0
HLA-C	flagged_artifact	9-16	0	0.0
HLA-C	flagged_artifact	17-32	0	0.0
HLA-C	flagged_artifact	33-64	0	0.0
HLA-C	flagged_artifact	65-128	0	0.0
HLA-C	flagged_artifact	129-256	0	0.0
HLA-C	flagged_artifact	257-512	0	0.0
HLA-C	flagged_artifact	513-1024	0	0.0
HLA-C	flagged_artifact	>1024	0	0.0
HLA-DPA1	known	1	31	31.0
HLA-DPA1	known	2	10	10.0
HLA-DPA1	known	3-4	10	5.0
HLA-DPA1	known	5-8	9	2.25
HLA-DPA1	known	9-16	16	2.0
HLA-DPA1	known	17-32	12	0.75
HLA-DPA1	known	33-64	10	0.3125
HLA-DPA1	known	65-128	11	0.171875
HLA-DPA1	known	129-256	1	0.0078125
HLA-DPA1	known	257-512	8	0.03125
HLA-DPA1	known	513-1024	4	0.0078125
HLA-DPA1	known	>1024	7	0.0068359375
HLA-DPA1	cds_changing	1	38	38.0
HLA-DPA1	cds_changing	2	1	1.0
HLA-DPA1	cds_changing	3-4	0	0.0
HLA-DPA1	cds_changing	5-8	0	0.0
HLA-DPA1	cds_changing	9-16	0	0.0
HLA-DPA1	cds_changing	17-32	0	0.0
HLA-DPA1	cds_changing	33-64	0	0.0
HLA-DPA1	cds_changing	65-128	0	0.0
HLA-DPA1	cds_changing	129-256	0	0.0
HLA-DPA1	cds_changing	257-512	0	0.0
HLA-DPA1	cds_changing	513-1024	0	0.0
HLA-DPA1	cds_changing	>1024	0	0.0
HLA-DPA1	noncoding_only	1	28	28.0
HLA-DPA1	noncoding_only	2	9	9.0
HLA-DPA1	noncoding_only	3-4	5	2.5
HLA-DPA1	noncoding_only	5-8	4	1.0
HLA-DPA1	noncoding_only	9-16	4	0.5
HLA-DPA1	noncoding_only	17-32	2	0.125
HLA-DPA1	noncoding_only	33-64	0	0.0
HLA-DPA1	noncoding_only	65-128	2	0.03125
HLA-DPA1	noncoding_only	129-256	0	0.0
HLA-DPA1	noncoding_only	257-512	2	0.0078125
HLA-DPA1	noncoding_only	513-1024	0	0.0
HLA-DPA1	noncoding_only	>1024	1	0.0009765625
HLA-DPA1	flagged_artifact	1	296	296.0
HLA-DPA1	flagged_artifact	2	25	25.0
HLA-DPA1	flagged_artifact	3-4	5	2.5
HLA-DPA1	flagged_artifact	5-8	3	0.75
HLA-DPA1	flagged_artifact	9-16	2	0.25
HLA-DPA1	flagged_artifact	17-32	0	0.0
HLA-DPA1	flagged_artifact	33-64	0	0.0
HLA-DPA1	flagged_artifact	65-128	0	0.0
HLA-DPA1	flagged_artifact	129-256	0	0.0
HLA-DPA1	flagged_artifact	257-512	0	0.0
HLA-DPA1	flagged_artifact	513-1024	0	0.0
HLA-DPA1	flagged_artifact	>1024	0	0.0
HLA-DPB1	known	1	66	66.0
HLA-DPB1	known	2	29	29.0
HLA-DPB1	known	3-4	32	16.0
HLA-DPB1	known	5-8	36	9.0
HLA-DPB1	known	9-16	40	5.0
HLA-DPB1	known	17-32	26	1.625
HLA-DPB1	known	33-64	29	0.90625
HLA-DPB1	known	65-128	17	0.265625
HLA-DPB1	known	129-256	13	0.1015625
HLA-DPB1	known	257-512	9	0.03515625
HLA-DPB1	known	513-1024	6	0.01171875
HLA-DPB1	known	>1024	2	0.001953125
HLA-DPB1	cds_changing	1	39	39.0
HLA-DPB1	cds_changing	2	3	3.0
HLA-DPB1	cds_changing	3-4	0	0.0
HLA-DPB1	cds_changing	5-8	0	0.0
HLA-DPB1	cds_changing	9-16	0	0.0
HLA-DPB1	cds_changing	17-32	0	0.0
HLA-DPB1	cds_changing	33-64	0	0.0
HLA-DPB1	cds_changing	65-128	0	0.0
HLA-DPB1	cds_changing	129-256	0	0.0
HLA-DPB1	cds_changing	257-512	0	0.0
HLA-DPB1	cds_changing	513-1024	0	0.0
HLA-DPB1	cds_changing	>1024	0	0.0
HLA-DPB1	noncoding_only	1	47	47.0
HLA-DPB1	noncoding_only	2	9	9.0
HLA-DPB1	noncoding_only	3-4	11	5.5
HLA-DPB1	noncoding_only	5-8	7	1.75
HLA-DPB1	noncoding_only	9-16	5	0.625
HLA-DPB1	noncoding_only	17-32	8	0.5
HLA-DPB1	noncoding_only	33-64	8	0.25
HLA-DPB1	noncoding_only	65-128	3	0.046875
HLA-DPB1	noncoding_only	129-256	4	0.03125
HLA-DPB1	noncoding_only	257-512	3	0.01171875
HLA-DPB1	noncoding_only	513-1024	2	0.00390625
HLA-DPB1	noncoding_only	>1024	0	0.0
HLA-DPB1	flagged_artifact	1	436	436.0
HLA-DPB1	flagged_artifact	2	31	31.0
HLA-DPB1	flagged_artifact	3-4	16	8.0
HLA-DPB1	flagged_artifact	5-8	7	1.75
HLA-DPB1	flagged_artifact	9-16	3	0.375
HLA-DPB1	flagged_artifact	17-32	0	0.0
HLA-DPB1	flagged_artifact	33-64	0	0.0
HLA-DPB1	flagged_artifact	65-128	0	0.0
HLA-DPB1	flagged_artifact	129-256	0	0.0
HLA-DPB1	flagged_artifact	257-512	0	0.0
HLA-DPB1	flagged_artifact	513-1024	0	0.0
HLA-DPB1	flagged_artifact	>1024	0	0.0
HLA-DQA1	known	1	16	16.0
HLA-DQA1	known	2	12	12.0
HLA-DQA1	known	3-4	13	6.5
HLA-DQA1	known	5-8	11	2.75
HLA-DQA1	known	9-16	12	1.5
HLA-DQA1	known	17-32	14	0.875
HLA-DQA1	known	33-64	14	0.4375
HLA-DQA1	known	65-128	11	0.171875
HLA-DQA1	known	129-256	12	0.09375
HLA-DQA1	known	257-512	16	0.0625
HLA-DQA1	known	513-1024	6	0.01171875
HLA-DQA1	known	>1024	3	0.0029296875
HLA-DQA1	cds_changing	1	53	53.0
HLA-DQA1	cds_changing	2	1	1.0
HLA-DQA1	cds_changing	3-4	0	0.0
HLA-DQA1	cds_changing	5-8	0	0.0
HLA-DQA1	cds_changing	9-16	0	0.0
HLA-DQA1	cds_changing	17-32	0	0.0
HLA-DQA1	cds_changing	33-64	0	0.0
HLA-DQA1	cds_changing	65-128	0	0.0
HLA-DQA1	cds_changing	129-256	0	0.0
HLA-DQA1	cds_changing	257-512	0	0.0
HLA-DQA1	cds_changing	513-1024	0	0.0
HLA-DQA1	cds_changing	>1024	0	0.0
HLA-DQA1	noncoding_only	1	16	16.0
HLA-DQA1	noncoding_only	2	4	4.0
HLA-DQA1	noncoding_only	3-4	4	2.0
HLA-DQA1	noncoding_only	5-8	1	0.25
HLA-DQA1	noncoding_only	9-16	3	0.375
HLA-DQA1	noncoding_only	17-32	4	0.25
HLA-DQA1	noncoding_only	33-64	1	0.03125
HLA-DQA1	noncoding_only	65-128	5	0.078125
HLA-DQA1	noncoding_only	129-256	6	0.046875
HLA-DQA1	noncoding_only	257-512	1	0.00390625
HLA-DQA1	noncoding_only	513-1024	2	0.00390625
HLA-DQA1	noncoding_only	>1024	0	0.0
HLA-DQA1	flagged_artifact	1	349	349.0
HLA-DQA1	flagged_artifact	2	16	16.0
HLA-DQA1	flagged_artifact	3-4	3	1.5
HLA-DQA1	flagged_artifact	5-8	1	0.25
HLA-DQA1	flagged_artifact	9-16	0	0.0
HLA-DQA1	flagged_artifact	17-32	0	0.0
HLA-DQA1	flagged_artifact	33-64	0	0.0
HLA-DQA1	flagged_artifact	65-128	0	0.0
HLA-DQA1	flagged_artifact	129-256	0	0.0
HLA-DQA1	flagged_artifact	257-512	0	0.0
HLA-DQA1	flagged_artifact	513-1024	0	0.0
HLA-DQA1	flagged_artifact	>1024	0	0.0
HLA-DQB1	known	1	46	46.0
HLA-DQB1	known	2	25	25.0
HLA-DQB1	known	3-4	14	7.0
HLA-DQB1	known	5-8	16	4.0
HLA-DQB1	known	9-16	12	1.5
HLA-DQB1	known	17-32	13	0.8125
HLA-DQB1	known	33-64	10	0.3125
HLA-DQB1	known	65-128	6	0.09375
HLA-DQB1	known	129-256	7	0.0546875
HLA-DQB1	known	257-512	6	0.0234375
HLA-DQB1	known	513-1024	9	0.017578125
HLA-DQB1	known	>1024	6	0.005859375
HLA-DQB1	cds_changing	1	39	39.0
HLA-DQB1	cds_changing	2	1	1.0
HLA-DQB1	cds_changing	3-4	0	0.0
HLA-DQB1	cds_changing	5-8	0	0.0
HLA-DQB1	cds_changing	9-16	1	0.125
HLA-DQB1	cds_changing	17-32	0	0.0
HLA-DQB1	cds_changing	33-64	0	0.0
HLA-DQB1	cds_changing	65-128	0	0.0
HLA-DQB1	cds_changing	129-256	0	0.0
HLA-DQB1	cds_changing	257-512	0	0.0
HLA-DQB1	cds_changing	513-1024	0	0.0
HLA-DQB1	cds_changing	>1024	0	0.0
HLA-DQB1	noncoding_only	1	26	26.0
HLA-DQB1	noncoding_only	2	7	7.0
HLA-DQB1	noncoding_only	3-4	3	1.5
HLA-DQB1	noncoding_only	5-8	3	0.75
HLA-DQB1	noncoding_only	9-16	3	0.375
HLA-DQB1	noncoding_only	17-32	2	0.125
HLA-DQB1	noncoding_only	33-64	5	0.15625
HLA-DQB1	noncoding_only	65-128	2	0.03125
HLA-DQB1	noncoding_only	129-256	4	0.03125
HLA-DQB1	noncoding_only	257-512	1	0.00390625
HLA-DQB1	noncoding_only	513-1024	1	0.001953125
HLA-DQB1	noncoding_only	>1024	0	0.0
HLA-DQB1	flagged_artifact	1	445	445.0
HLA-DQB1	flagged_artifact	2	27	27.0
HLA-DQB1	flagged_artifact	3-4	10	5.0
HLA-DQB1	flagged_artifact	5-8	5	1.25
HLA-DQB1	flagged_artifact	9-16	0	0.0
HLA-DQB1	flagged_artifact	17-32	0	0.0
HLA-DQB1	flagged_artifact	33-64	1	0.03125
HLA-DQB1	flagged_artifact	65-128	0	0.0
HLA-DQB1	flagged_artifact	129-256	0	0.0
HLA-DQB1	flagged_artifact	257-512	0	0.0
HLA-DQB1	flagged_artifact	513-1024	0	0.0
HLA-DQB1	flagged_artifact	>1024	0	0.0
HLA-DRB1	known	1	35	35.0
HLA-DRB1	known	2	15	15.0
HLA-DRB1	known	3-4	14	7.0
HLA-DRB1	known	5-8	15	3.75
HLA-DRB1	known	9-16	18	2.25
HLA-DRB1	known	17-32	11	0.6875
HLA-DRB1	known	33-64	16	0.5
HLA-DRB1	known	65-128	7	0.109375
HLA-DRB1	known	129-256	9	0.0703125
HLA-DRB1	known	257-512	7	0.02734375
HLA-DRB1	known	513-1024	2	0.00390625
HLA-DRB1	known	>1024	1	0.0009765625
HLA-DRB1	cds_changing	1	33	33.0
HLA-DRB1	cds_changing	2	3	3.0
HLA-DRB1	cds_changing	3-4	0	0.0
HLA-DRB1	cds_changing	5-8	0	0.0
HLA-DRB1	cds_changing	9-16	0	0.0
HLA-DRB1	cds_changing	17-32	0	0.0
HLA-DRB1	cds_changing	33-64	0	0.0
HLA-DRB1	cds_changing	65-128	0	0.0
HLA-DRB1	cds_changing	129-256	0	0.0
HLA-DRB1	cds_changing	257-512	0	0.0
HLA-DRB1	cds_changing	513-1024	0	0.0
HLA-DRB1	cds_changing	>1024	0	0.0
HLA-DRB1	noncoding_only	1	57	57.0
HLA-DRB1	noncoding_only	2	16	16.0
HLA-DRB1	noncoding_only	3-4	6	3.0
HLA-DRB1	noncoding_only	5-8	6	1.5
HLA-DRB1	noncoding_only	9-16	7	0.875
HLA-DRB1	noncoding_only	17-32	7	0.4375
HLA-DRB1	noncoding_only	33-64	7	0.21875
HLA-DRB1	noncoding_only	65-128	6	0.09375
HLA-DRB1	noncoding_only	129-256	7	0.0546875
HLA-DRB1	noncoding_only	257-512	14	0.0546875
HLA-DRB1	noncoding_only	513-1024	8	0.015625
HLA-DRB1	noncoding_only	>1024	1	0.0009765625
HLA-DRB1	flagged_artifact	1	466	466.0
HLA-DRB1	flagged_artifact	2	30	30.0
HLA-DRB1	flagged_artifact	3-4	10	5.0
HLA-DRB1	flagged_artifact	5-8	0	0.0
HLA-DRB1	flagged_artifact	9-16	0	0.0
HLA-DRB1	flagged_artifact	17-32	1	0.0625
HLA-DRB1	flagged_artifact	33-64	0	0.0
HLA-DRB1	flagged_artifact	65-128	0	0.0
HLA-DRB1	flagged_artifact	129-256	0	0.0
HLA-DRB1	flagged_artifact	257-512	0	0.0
HLA-DRB1	flagged_artifact	513-1024	0	0.0
HLA-DRB1	flagged_artifact	>1024	0	0.0
ALL_CLASSICAL	known	1	631	631.0
ALL_CLASSICAL	known	2	217	217.0
ALL_CLASSICAL	known	3-4	221	110.5
ALL_CLASSICAL	known	5-8	181	45.25
ALL_CLASSICAL	known	9-16	182	22.75
ALL_CLASSICAL	known	17-32	135	8.4375
ALL_CLASSICAL	known	33-64	129	4.03125
ALL_CLASSICAL	known	65-128	97	1.515625
ALL_CLASSICAL	known	129-256	90	0.703125
ALL_CLASSICAL	known	257-512	85	0.33203125
ALL_CLASSICAL	known	513-1024	52	0.1015625
ALL_CLASSICAL	known	>1024	27	0.0263671875
ALL_CLASSICAL	cds_changing	1	422	422.0
ALL_CLASSICAL	cds_changing	2	13	13.0
ALL_CLASSICAL	cds_changing	3-4	0	0.0
ALL_CLASSICAL	cds_changing	5-8	0	0.0
ALL_CLASSICAL	cds_changing	9-16	1	0.125
ALL_CLASSICAL	cds_changing	17-32	0	0.0
ALL_CLASSICAL	cds_changing	33-64	0	0.0
ALL_CLASSICAL	cds_changing	65-128	0	0.0
ALL_CLASSICAL	cds_changing	129-256	0	0.0
ALL_CLASSICAL	cds_changing	257-512	0	0.0
ALL_CLASSICAL	cds_changing	513-1024	0	0.0
ALL_CLASSICAL	cds_changing	>1024	0	0.0
ALL_CLASSICAL	noncoding_only	1	279	279.0
ALL_CLASSICAL	noncoding_only	2	76	76.0
ALL_CLASSICAL	noncoding_only	3-4	49	24.5
ALL_CLASSICAL	noncoding_only	5-8	47	11.75
ALL_CLASSICAL	noncoding_only	9-16	40	5.0
ALL_CLASSICAL	noncoding_only	17-32	55	3.4375
ALL_CLASSICAL	noncoding_only	33-64	53	1.65625
ALL_CLASSICAL	noncoding_only	65-128	33	0.515625
ALL_CLASSICAL	noncoding_only	129-256	25	0.1953125
ALL_CLASSICAL	noncoding_only	257-512	21	0.08203125
ALL_CLASSICAL	noncoding_only	513-1024	13	0.025390625
ALL_CLASSICAL	noncoding_only	>1024	2	0.001953125
ALL_CLASSICAL	flagged_artifact	1	4040	4040.0
ALL_CLASSICAL	flagged_artifact	2	176	176.0
ALL_CLASSICAL	flagged_artifact	3-4	53	26.5
ALL_CLASSICAL	flagged_artifact	5-8	21	5.25
ALL_CLASSICAL	flagged_artifact	9-16	6	0.75
ALL_CLASSICAL	flagged_artifact	17-32	1	0.0625
ALL_CLASSICAL	flagged_artifact	33-64	1	0.03125
ALL_CLASSICAL	flagged_artifact	65-128	0	0.0
ALL_CLASSICAL	flagged_artifact	129-256	0	0.0
ALL_CLASSICAL	flagged_artifact	257-512	0	0.0
ALL_CLASSICAL	flagged_artifact	513-1024	0	0.0
ALL_CLASSICAL	flagged_artifact	>1024	0	0.0
