gene	category	ancestry	n_haplotypes	S_obs	Q1_uniques	Q2_duplicates	chao2	chao2_ci_lo	chao2_ci_hi	ace	jackknife1	jackknife2	pct_discovered	pct_discovered_ci_lo	pct_discovered_ci_hi	low_confidence_chao2	chao2_ci_widened
HLA-A	all	AFR	5948	357	254	22	1823.03	312.19	1823.03	1650.29	610.96	842.88	19.6	19.6	100.0	False	True
HLA-A	all	AMR	5341	326	207	20	1397.02	283.73	1397.02	998.71	532.96	719.89	23.3	23.3	100.0	False	True
HLA-A	all	EAS	2884	191	127	12	862.81	161.6	862.81	624.47	317.96	432.88	22.1	22.1	100.0	False	True
HLA-A	all	EUR	5943	330	235	24	1480.33	285.13	1480.33	1411.7	564.96	775.89	22.3	22.3	100.0	False	True
HLA-A	all	MID	959	107	61	8	339.32	87.87	339.32	283.32	167.94	220.83	31.5	31.5	100.0	False	True
HLA-A	all	SAS	2451	146	84	10	498.66	123.43	498.66	379.96	229.97	303.91	29.3	29.3	100.0	False	True
HLA-A	all	POOLED	23571	1015	774	47	7387.88	927.07	7387.88	5643.51	1788.97	2515.91	13.7	13.7	100.0	False	True
HLA-A	known	AFR	5553	122	46	16	188.11	105.53	188.11	194.15	167.99	197.98	64.9	64.9	100.0	False	True
HLA-A	known	AMR	5057	155	65	15	295.81	131.98	295.81	273.09	219.99	269.97	52.4	52.4	100.0	False	True
HLA-A	known	EAS	2715	83	32	8	146.98	70.61	146.98	124.39	114.99	138.97	56.5	56.5	100.0	False	True
HLA-A	known	EUR	5592	118	47	17	182.96	101.17	182.96	192.29	164.99	194.98	64.5	64.5	100.0	False	True
HLA-A	known	MID	913	67	27	4	158.03	55.71	158.03	115.6	93.97	116.92	42.4	42.4	100.0	False	True
HLA-A	known	SAS	2322	68	21	5	112.08	58.0	112.08	94.94	88.99	104.98	60.7	60.7	100.0	False	True
HLA-A	known	POOLED	22197	297	122	30	545.06	266.37	545.06	496.31	418.99	510.99	54.5	54.5	100.0	False	True
HLA-A	novel	AFR	414	235	208	6	3831.62	194.59	3831.62	2784.26	442.5	643.54	6.1	6.1	100.0	False	True
HLA-A	novel	AMR	307	171	142	5	2180.83	139.62	2180.83	980.78	312.54	448.66	7.8	7.8	100.0	False	True
HLA-A	novel	EAS	171	108	95	4	1229.53	84.41	1229.53	1093.82	202.44	292.4	8.8	8.8	100.0	False	True
HLA-A	novel	EUR	375	212	188	7	2729.84	175.78	2729.84	2279.19	399.5	579.55	7.8	7.8	100.0	False	True
HLA-A	novel	MID	49	40	34	4	181.55	27.61	181.55	180.03	73.31	102.16	22.0	22.0	100.0	False	True
HLA-A	novel	SAS	131	78	63	5	471.87	59.19	471.87	403.87	140.52	197.67	16.5	16.5	100.0	False	True
HLA-A	novel	POOLED	1447	718	652	17	13212.42	642.76	13212.42	10130.14	1369.55	2003.68	5.4	5.4	100.0	False	True
HLA-B	all	AFR	6001	521	322	46	1647.81	468.7	1647.81	1580.15	842.95	1118.86	31.6	31.6	100.0	False	True
HLA-B	all	AMR	5354	511	277	45	1363.39	462.68	1363.39	1224.36	787.95	1019.87	37.5	37.5	100.0	False	True
HLA-B	all	EAS	2876	312	163	32	727.0	273.85	727.0	718.76	474.94	605.86	42.9	42.9	100.0	False	True
HLA-B	all	EUR	5935	473	301	37	1697.13	421.6	1697.13	1638.62	773.95	1037.87	27.9	27.9	100.0	False	True
HLA-B	all	MID	969	174	78	23	306.12	150.47	306.12	287.91	251.92	306.83	56.8	56.8	100.0	False	True
HLA-B	all	SAS	2449	251	138	26	617.08	217.36	617.08	641.76	388.94	500.86	40.7	40.7	100.0	False	True
HLA-B	all	POOLED	23630	1431	984	99	6320.97	1335.21	6320.97	6168.59	2414.96	3299.89	22.6	22.6	100.0	False	True
HLA-B	known	AFR	5141	227	75	36	305.11	203.0	305.11	322.27	301.99	340.98	74.4	74.4	100.0	False	True
HLA-B	known	AMR	4662	262	85	28	390.99	235.28	390.99	370.75	346.98	403.96	67.0	67.0	100.0	False	True
HLA-B	known	EAS	2501	156	46	18	214.75	137.95	214.75	211.94	201.98	229.97	72.6	72.6	100.0	False	True
HLA-B	known	EUR	5304	225	95	26	398.52	198.18	398.52	392.64	319.98	388.96	56.5	56.5	100.0	False	True
HLA-B	known	MID	848	110	33	18	140.21	95.35	140.21	144.03	142.96	157.95	78.5	78.5	100.0	False	True
HLA-B	known	SAS	2129	135	50	20	197.47	117.42	197.47	220.34	184.98	214.96	68.4	68.4	100.0	False	True
HLA-B	known	POOLED	20625	502	166	61	727.86	460.4	727.86	721.75	667.99	772.98	69.0	69.0	100.0	False	True
HLA-B	novel	AFR	896	294	247	10	3341.05	252.53	3341.05	2560.55	540.72	777.21	8.8	8.8	100.0	False	True
HLA-B	novel	AMR	728	249	192	17	1331.75	209.44	1331.75	1354.37	440.74	615.28	18.7	18.7	100.0	False	True
HLA-B	novel	EAS	391	156	117	14	643.64	127.56	643.64	770.61	272.7	375.21	24.2	24.2	100.0	False	True
HLA-B	novel	EUR	662	248	206	11	2174.0	204.95	2174.0	2333.22	453.69	648.12	11.4	11.4	100.0	False	True
HLA-B	novel	MID	123	64	45	5	264.85	48.15	264.85	173.14	108.63	148.02	24.2	24.2	100.0	False	True
HLA-B	novel	SAS	327	116	88	6	759.36	92.97	759.36	578.37	203.73	285.25	15.3	15.3	100.0	False	True
HLA-B	novel	POOLED	3133	929	818	38	9730.45	850.28	9730.45	13093.78	1746.74	2526.25	9.5	9.5	100.0	False	True
HLA-C	all	AFR	6013	408	285	24	2099.91	361.28	2099.91	2160.68	692.95	953.87	19.4	19.4	100.0	False	True
HLA-C	all	AMR	5357	418	280	24	2051.03	370.19	2051.03	1644.64	697.95	953.86	20.4	20.4	100.0	False	True
HLA-C	all	EAS	2874	267	168	23	880.35	230.46	880.35	810.47	434.94	579.85	30.3	30.3	100.0	False	True
HLA-C	all	EUR	5922	401	284	24	2081.05	352.24	2081.05	1987.09	684.95	944.87	19.3	19.3	100.0	False	True
HLA-C	all	MID	953	127	65	8	390.79	106.76	390.79	262.05	191.93	248.82	32.5	32.5	100.0	False	True
HLA-C	all	SAS	2442	212	130	19	656.55	180.32	656.55	649.21	341.95	452.86	32.3	32.3	100.0	False	True
HLA-C	all	POOLED	23605	1303	1036	57	10717.48	1204.68	10717.48	9376.37	2338.96	3317.88	12.2	12.2	100.0	False	True
HLA-C	known	AFR	5323	154	61	18	257.34	132.16	257.34	282.41	214.99	257.98	59.8	59.8	100.0	False	True
HLA-C	known	AMR	4818	163	62	12	323.13	143.21	323.13	265.16	224.99	274.97	50.4	50.4	100.0	False	True
HLA-C	known	EAS	2518	114	36	18	149.99	98.93	149.99	154.7	149.99	167.98	76.0	76.0	100.0	False	True
HLA-C	known	EUR	5400	150	58	21	230.08	131.28	230.08	257.82	207.99	244.98	65.2	65.2	100.0	False	True
HLA-C	known	MID	859	75	27	5	147.82	63.81	147.82	112.99	101.97	123.92	50.7	50.7	100.0	False	True
HLA-C	known	SAS	2167	100	34	16	136.11	84.59	136.11	146.88	133.98	151.98	73.5	73.5	100.0	False	True
HLA-C	known	POOLED	21124	354	149	35	671.14	317.07	671.14	608.11	502.99	616.98	52.7	52.7	100.0	False	True
HLA-C	novel	AFR	716	254	224	6	4429.49	208.44	4429.49	3784.32	477.69	695.09	5.7	5.7	100.0	False	True
HLA-C	novel	AMR	564	255	218	12	2231.66	212.81	2231.66	2329.93	472.61	677.9	11.4	11.4	100.0	False	True
HLA-C	novel	EAS	370	153	132	5	1890.69	122.94	1890.69	1625.77	284.64	410.97	8.1	8.1	100.0	False	True
HLA-C	novel	EUR	564	251	226	3	8748.57	207.65	8748.57	3900.32	476.6	698.81	2.9	2.9	100.0	False	True
HLA-C	novel	MID	96	52	38	3	290.16	38.55	290.16	163.05	89.6	123.91	17.9	17.9	100.0	False	True
HLA-C	novel	SAS	279	112	96	3	1642.49	89.43	1642.49	1049.94	207.66	300.0	6.8	6.8	100.0	False	True
HLA-C	novel	POOLED	2594	949	887	22	18823.22	855.11	18823.22	25246.61	1835.66	2700.0	5.0	5.0	100.0	False	True
HLA-DMA	all	AFR	6008	159	119	9	945.59	129.37	945.59	1172.14	277.98	387.95	16.8	16.8	100.0	False	True
HLA-DMA	all	AMR	5357	146	99	13	522.89	121.39	522.89	756.39	244.98	330.95	27.9	27.9	100.0	False	True
HLA-DMA	all	EAS	2907	79	52	4	416.88	62.37	416.88	289.76	130.98	178.95	19.0	19.0	100.0	False	True
HLA-DMA	all	EUR	5979	160	119	9	946.59	132.6	946.59	1022.2	278.98	388.94	16.9	16.9	100.0	False	True
HLA-DMA	all	MID	965	41	16	4	72.97	32.5	72.97	72.51	56.98	68.96	56.2	56.2	100.0	False	True
HLA-DMA	all	SAS	2456	78	54	5	369.48	60.5	369.48	492.0	131.98	180.94	21.1	21.1	100.0	False	True
HLA-DMA	all	POOLED	23718	460	362	37	2230.79	406.95	2230.79	2468.71	821.98	1146.96	20.6	20.6	100.0	False	True
HLA-DMA	known	AFR	5354	28	4	2	32.0	24.0	36.0	37.44	32.0	34.0	87.5	77.8	100.0	False	False
HLA-DMA	known	AMR	4912	31	3	2	33.25	28.0	38.52	34.81	34.0	35.0	93.2	80.5	100.0	False	False
HLA-DMA	known	EAS	2609	23	6	0	37.99	19.0	37.99	28.68	29.0	34.99	60.5	60.5	100.0	True	True
HLA-DMA	known	EUR	5486	32	4	2	36.0	28.14	40.0	35.38	36.0	38.0	88.9	80.0	100.0	False	False
HLA-DMA	known	MID	902	25	5	2	31.24	21.0	36.49	31.72	29.99	32.99	80.0	68.5	100.0	False	False
HLA-DMA	known	SAS	2247	20	5	0	30.0	16.0	30.0	33.39	25.0	29.99	66.7	66.7	100.0	True	True
HLA-DMA	known	POOLED	21553	36	4	1	44.0	32.08	44.52	39.19	40.0	43.0	81.8	80.9	100.0	False	False
HLA-DMA	novel	AFR	690	131	115	7	1074.27	102.55	1074.27	1170.16	245.83	353.53	12.2	12.2	100.0	False	True
HLA-DMA	novel	AMR	470	115	96	11	533.02	89.5	533.02	632.0	210.8	295.46	21.6	21.6	100.0	False	True
HLA-DMA	novel	EAS	313	56	46	4	319.65	40.58	319.65	396.29	101.85	143.6	17.5	17.5	100.0	False	True
HLA-DMA	novel	EUR	520	128	115	7	1070.83	101.1	1070.83	1420.45	242.78	350.38	12.0	12.0	100.0	False	True
HLA-DMA	novel	MID	67	16	11	2	45.8	10.03	45.8	40.43	26.84	35.6	34.9	34.9	100.0	False	True
HLA-DMA	novel	SAS	218	58	49	5	297.0	41.97	297.0	337.38	106.78	150.39	19.5	19.5	100.0	False	True
HLA-DMA	novel	POOLED	2281	424	358	36	2203.28	370.3	2203.28	2570.0	781.84	1103.58	19.2	19.2	100.0	False	True
HLA-DMB	all	AFR	6003	164	97	12	555.98	137.64	555.98	545.93	260.98	345.96	29.5	29.5	100.0	False	True
HLA-DMB	all	AMR	5371	171	97	15	484.57	143.97	484.57	529.39	267.98	349.95	35.3	35.3	100.0	False	True
HLA-DMB	all	EAS	2914	133	76	15	325.47	110.65	325.47	376.48	208.97	269.94	40.9	40.9	100.0	False	True
HLA-DMB	all	EUR	5984	171	104	12	621.59	142.61	621.59	597.02	274.98	366.95	27.5	27.5	100.0	False	True
HLA-DMB	all	MID	960	67	22	4	127.44	56.3	127.44	89.2	88.98	106.94	52.6	52.6	100.0	False	True
HLA-DMB	all	SAS	2461	106	59	4	540.95	88.91	540.95	316.03	164.98	219.93	19.6	19.6	100.0	False	True
HLA-DMB	all	POOLED	23738	486	357	33	2416.96	431.48	2416.96	2704.45	842.98	1166.96	20.1	20.1	100.0	False	True
HLA-DMB	known	AFR	3588	55	6	3	61.0	50.21	70.99	58.62	61.0	64.0	90.2	77.5	100.0	False	False
HLA-DMB	known	AMR	4041	58	6	3	64.0	53.21	74.0	61.87	64.0	67.0	90.6	78.4	100.0	False	False
HLA-DMB	known	EAS	1876	51	9	10	55.05	44.18	71.04	58.33	60.0	59.0	92.6	71.8	100.0	False	False
HLA-DMB	known	EUR	4694	60	9	3	73.5	53.58	80.49	66.65	69.0	75.0	81.6	74.5	100.0	False	False
HLA-DMB	known	MID	725	47	6	4	51.49	41.67	60.5	49.63	52.99	54.99	91.3	77.7	100.0	False	False
HLA-DMB	known	SAS	1763	47	8	3	57.66	41.5	66.25	53.66	55.0	59.99	81.5	70.9	100.0	False	False
HLA-DMB	known	POOLED	16726	68	0	6	68.0	65.14	79.5	68.0	68.0	62.0	100.0	85.5	100.0	False	False
HLA-DMB	novel	AFR	2463	109	91	9	568.87	83.31	568.87	772.18	199.96	281.9	19.2	19.2	100.0	False	True
HLA-DMB	novel	AMR	1378	113	91	12	457.79	87.42	457.79	536.73	203.93	282.83	24.7	24.7	100.0	False	True
HLA-DMB	novel	EAS	1054	82	67	5	530.47	62.95	530.47	833.96	148.94	210.82	15.5	15.5	100.0	False	True
HLA-DMB	novel	EUR	1324	111	95	9	612.01	88.73	612.01	642.71	205.93	291.81	18.1	18.1	100.0	False	True
HLA-DMB	novel	MID	238	20	16	0	139.5	12.66	139.5	222.74	35.93	51.8	14.3	14.3	100.0	True	True
HLA-DMB	novel	SAS	711	59	51	1	1357.67	42.56	1357.67	686.79	109.93	159.79	4.3	4.3	100.0	False	True
HLA-DMB	novel	POOLED	7174	418	357	27	2777.84	361.7	2777.84	3170.11	774.95	1104.86	15.0	15.0	100.0	False	True
HLA-DOA	all	AFR	6063	213	151	13	1089.82	177.21	1089.82	1199.97	363.98	501.93	19.5	19.5	100.0	False	True
HLA-DOA	all	AMR	5389	174	109	10	767.94	146.87	767.94	612.41	282.98	381.94	22.7	22.7	100.0	False	True
HLA-DOA	all	EAS	2914	106	63	8	353.98	86.86	353.98	296.11	168.98	223.94	29.9	29.9	100.0	False	True
HLA-DOA	all	EUR	6010	187	122	16	652.05	158.2	652.05	748.53	308.98	414.95	28.7	28.7	100.0	False	True
HLA-DOA	all	MID	963	62	27	2	244.06	50.27	244.06	106.42	88.97	113.92	25.4	25.4	100.0	False	True
HLA-DOA	all	SAS	2462	85	46	6	261.26	70.47	261.26	254.55	130.98	170.95	32.5	32.5	100.0	False	True
HLA-DOA	all	POOLED	23847	538	412	37	2831.74	476.2	2831.74	3594.14	949.98	1324.95	19.0	19.0	100.0	False	True
HLA-DOA	known	AFR	4951	48	10	6	56.33	41.4	72.04	61.36	58.0	62.0	85.2	66.6	100.0	False	False
HLA-DOA	known	AMR	4900	48	4	1	56.0	44.17	56.0	49.5	52.0	55.0	85.7	85.7	100.0	False	False
HLA-DOA	known	EAS	2643	40	10	3	56.66	33.5	64.52	49.17	50.0	56.99	70.6	62.0	100.0	False	False
HLA-DOA	known	EUR	5564	50	5	6	52.08	45.11	65.0	52.95	55.0	54.0	96.0	76.9	100.0	False	False
HLA-DOA	known	MID	880	36	7	0	56.98	31.11	56.98	39.99	42.99	49.98	63.2	63.2	100.0	True	True
HLA-DOA	known	SAS	2236	31	4	1	39.0	27.61	39.0	34.51	35.0	38.0	79.5	79.5	100.0	False	True
HLA-DOA	known	POOLED	21217	62	5	4	65.12	57.32	74.5	65.63	67.0	68.0	95.2	83.2	100.0	False	False
HLA-DOA	novel	AFR	1144	165	141	7	1583.83	134.3	1583.83	1660.07	305.88	439.65	10.4	10.4	100.0	False	True
HLA-DOA	novel	AMR	514	126	105	9	737.31	99.63	737.31	812.32	230.8	326.44	17.1	17.1	100.0	False	True
HLA-DOA	novel	EAS	282	66	53	5	345.9	47.06	345.9	437.05	118.81	166.49	19.1	19.1	100.0	False	True
HLA-DOA	novel	EUR	468	137	117	10	819.99	110.28	819.99	1366.55	253.75	360.31	16.7	16.7	100.0	False	True
HLA-DOA	novel	MID	86	26	20	2	124.84	16.72	124.84	138.71	45.77	63.37	20.8	20.8	100.0	False	True
HLA-DOA	novel	SAS	232	54	42	5	229.64	39.18	229.64	289.76	95.82	132.52	23.5	23.5	100.0	False	True
HLA-DOA	novel	POOLED	2729	476	407	33	2984.91	416.45	2984.91	3785.62	882.85	1256.59	15.9	15.9	100.0	False	True
HLA-DOB	all	AFR	6029	121	81	10	449.0	98.13	449.0	592.38	201.99	272.96	26.9	26.9	100.0	False	True
HLA-DOB	all	AMR	5385	124	82	7	604.2	101.97	604.2	545.42	205.98	280.96	20.5	20.5	100.0	False	True
HLA-DOB	all	EAS	2921	59	28	5	137.37	47.05	137.37	136.07	86.99	109.98	42.9	42.9	100.0	False	True
HLA-DOB	all	EUR	5987	138	87	11	481.99	114.12	481.99	461.04	224.99	300.96	28.6	28.6	100.0	False	True
HLA-DOB	all	MID	968	43	17	4	79.09	34.55	79.09	93.95	59.98	72.96	54.4	54.4	100.0	False	True
HLA-DOB	all	SAS	2464	61	33	3	242.43	47.91	242.43	180.98	93.99	123.96	25.2	25.2	100.0	False	True
HLA-DOB	all	POOLED	23800	338	250	25	1587.95	293.71	1587.95	1627.79	587.99	812.97	21.3	21.3	100.0	False	True
HLA-DOB	known	AFR	4449	31	7	3	39.16	25.25	48.52	41.84	38.0	42.0	79.2	63.9	100.0	False	False
HLA-DOB	known	AMR	4534	32	7	3	40.16	27.0	48.0	41.68	39.0	43.0	79.7	66.7	100.0	False	False
HLA-DOB	known	EAS	2433	25	6	1	42.99	20.5	42.99	34.86	31.0	35.99	58.1	58.1	100.0	False	True
HLA-DOB	known	EUR	5226	32	2	1	34.0	29.0	39.52	32.64	34.0	35.0	94.1	81.0	100.0	False	False
HLA-DOB	known	MID	798	23	4	3	25.66	19.0	34.48	27.64	26.99	28.0	89.6	66.7	100.0	False	False
HLA-DOB	known	SAS	2115	21	2	1	23.0	18.0	25.02	22.4	23.0	24.0	91.3	83.9	100.0	False	False
HLA-DOB	known	POOLED	19595	39	3	4	40.12	36.0	49.5	40.53	42.0	41.0	97.2	78.8	100.0	False	False
HLA-DOB	novel	AFR	1629	90	74	7	480.9	69.0	480.9	717.71	163.95	230.88	18.7	18.7	100.0	False	True
HLA-DOB	novel	AMR	890	92	75	4	794.33	70.1	794.33	657.31	166.92	237.76	11.6	11.6	100.0	False	True
HLA-DOB	novel	EAS	501	34	22	4	94.38	23.52	94.38	99.32	55.96	73.89	36.0	36.0	100.0	False	True
HLA-DOB	novel	EUR	788	106	85	10	466.79	83.04	466.79	771.26	190.89	265.71	22.7	22.7	100.0	False	True
HLA-DOB	novel	MID	176	20	13	1	104.02	13.04	104.02	111.0	32.93	44.8	19.2	19.2	100.0	False	True
HLA-DOB	novel	SAS	354	40	31	2	279.57	28.55	279.57	228.58	70.91	99.75	14.3	14.3	100.0	False	True
HLA-DOB	novel	POOLED	4344	299	247	21	1751.26	255.87	1751.26	1846.36	545.94	771.84	17.1	17.1	100.0	False	True
HLA-DPA1	all	AFR	6021	243	156	18	918.89	207.0	918.89	977.14	398.97	536.93	26.4	26.4	100.0	False	True
HLA-DPA1	all	AMR	5351	181	109	5	1368.88	153.54	1368.88	576.62	289.98	393.94	13.2	13.2	100.0	False	True
HLA-DPA1	all	EAS	2898	101	55	9	269.0	82.19	269.0	240.62	155.98	201.95	37.5	37.5	100.0	False	True
HLA-DPA1	all	EUR	5944	189	119	10	896.93	160.04	896.93	618.55	307.98	416.94	21.1	21.1	100.0	False	True
HLA-DPA1	all	MID	970	72	34	6	168.23	58.29	168.23	130.34	105.96	133.91	42.8	42.8	100.0	False	True
HLA-DPA1	all	SAS	2447	98	60	5	457.85	79.13	457.85	400.42	157.98	212.93	21.4	21.4	100.0	False	True
HLA-DPA1	all	POOLED	23676	553	391	44	2290.21	494.68	2290.21	2743.33	943.98	1290.96	24.1	24.1	100.0	False	True
HLA-DPA1	known	AFR	5194	81	21	6	117.74	70.79	117.74	111.68	102.0	116.99	68.8	68.8	100.0	False	True
HLA-DPA1	known	AMR	4664	79	19	5	115.09	69.58	115.09	98.92	98.0	111.99	68.6	68.6	100.0	False	True
HLA-DPA1	known	EAS	2462	49	12	5	63.39	41.61	69.51	59.77	61.0	67.99	77.3	70.5	100.0	False	False
HLA-DPA1	known	EUR	5359	70	15	4	98.12	62.0	98.12	81.66	85.0	95.99	71.3	71.3	100.0	False	True
HLA-DPA1	known	MID	846	46	13	4	67.1	38.03	67.1	56.94	58.98	67.97	68.6	68.6	100.0	False	True
HLA-DPA1	known	SAS	2093	45	13	4	66.11	37.9	70.98	65.76	57.99	66.99	68.1	63.4	100.0	False	False
HLA-DPA1	known	POOLED	20655	129	31	10	177.05	115.54	177.05	170.8	160.0	181.0	72.9	72.9	100.0	False	True
HLA-DPA1	novel	AFR	855	162	135	12	920.49	132.23	920.49	1258.38	296.84	419.57	17.6	17.6	100.0	False	True
HLA-DPA1	novel	AMR	718	102	90	0	4101.42	78.17	4101.42	1164.32	191.87	281.62	2.5	2.5	100.0	True	True
HLA-DPA1	novel	EAS	449	52	43	4	282.61	36.32	282.61	350.4	94.9	133.74	18.4	18.4	100.0	False	True
HLA-DPA1	novel	EUR	613	119	104	6	1018.86	94.49	1018.86	828.21	222.83	320.52	11.7	11.7	100.0	False	True
HLA-DPA1	novel	MID	124	26	21	2	135.36	17.4	135.36	120.67	46.83	65.54	19.2	19.2	100.0	False	True
HLA-DPA1	novel	SAS	365	53	47	1	1154.47	37.1	1154.47	984.9	99.87	145.62	4.6	4.6	100.0	False	True
HLA-DPA1	novel	POOLED	3132	424	360	34	2329.27	369.63	2329.27	2968.29	783.89	1109.69	18.2	18.2	100.0	False	True
HLA-DPA2	all	AFR	5985	149	117	6	1289.56	121.72	1289.56	1571.27	265.98	376.94	11.6	11.6	100.0	False	True
HLA-DPA2	all	AMR	5339	118	84	9	509.93	94.09	509.93	923.53	201.98	276.96	23.1	23.1	100.0	False	True
HLA-DPA2	all	EAS	2870	84	59	8	301.49	66.1	301.49	554.7	142.98	193.95	27.9	27.9	100.0	False	True
HLA-DPA2	all	EUR	5933	124	99	4	1348.92	99.68	1348.92	1281.34	222.98	317.95	9.2	9.2	100.0	False	True
HLA-DPA2	all	MID	961	33	14	2	81.95	25.69	81.95	69.35	46.99	58.96	40.3	40.3	100.0	False	True
HLA-DPA2	all	SAS	2437	52	33	3	233.43	39.55	233.43	193.06	84.99	114.96	22.3	22.3	100.0	False	True
HLA-DPA2	all	POOLED	23570	432	357	33	2362.96	378.0	2362.96	3030.99	788.98	1112.96	18.3	18.3	100.0	False	True
HLA-DPA2	known	AFR	929	5	0	0	5.0	5.0	5.0	5.0	5.0	5.0	100.0	100.0	100.0	False	False
HLA-DPA2	known	AMR	2333	5	1	0	5.0	4.0	5.0	5.0	6.0	7.0	100.0	100.0	100.0	False	False
HLA-DPA2	known	EAS	744	5	0	0	5.0	5.0	5.0	5.0	5.0	5.0	100.0	100.0	100.0	False	False
HLA-DPA2	known	EUR	2701	5	0	0	5.0	5.0	5.0	5.0	5.0	5.0	100.0	100.0	100.0	False	False
HLA-DPA2	known	MID	419	4	0	0	4.0	4.0	4.0	4.0	4.0	4.0	100.0	100.0	100.0	False	False
HLA-DPA2	known	SAS	954	5	1	0	5.0	4.0	5.0	5.0	6.0	7.0	100.0	100.0	100.0	False	False
HLA-DPA2	known	POOLED	8101	6	0	0	6.0	6.0	6.0	6.0	6.0	6.0	100.0	100.0	100.0	False	False
HLA-DPA2	novel	AFR	5079	144	117	6	1284.53	116.81	1284.53	1769.85	260.98	371.93	11.2	11.2	100.0	False	True
HLA-DPA2	novel	AMR	3049	113	83	9	495.6	91.6	495.6	900.08	195.97	269.93	22.8	22.8	100.0	False	True
HLA-DPA2	novel	EAS	2142	79	59	8	296.46	61.12	296.46	482.56	137.97	188.93	26.6	26.6	100.0	False	True
HLA-DPA2	novel	EUR	3272	119	99	4	1343.75	95.36	1343.75	1469.14	217.97	312.91	8.9	8.9	100.0	False	True
HLA-DPA2	novel	MID	545	29	14	2	77.91	22.06	77.91	65.35	42.97	54.93	37.2	37.2	100.0	False	True
HLA-DPA2	novel	SAS	1496	47	32	3	217.55	36.16	217.55	179.78	78.98	107.94	21.6	21.6	100.0	False	True
HLA-DPA2	novel	POOLED	15607	426	357	33	2356.92	369.33	2356.92	2640.81	782.98	1106.94	18.1	18.1	100.0	False	True
HLA-DPB1	all	AFR	5973	377	226	30	1228.12	330.7	1228.12	1189.04	602.96	798.9	30.7	30.7	100.0	False	True
HLA-DPB1	all	AMR	5308	354	182	34	841.03	315.64	841.03	738.22	535.97	683.92	42.1	42.1	100.0	False	True
HLA-DPB1	all	EAS	2870	219	113	22	509.1	189.21	509.1	467.28	331.96	422.9	43.0	43.0	100.0	False	True
HLA-DPB1	all	EUR	5894	356	197	45	787.14	315.6	787.14	882.67	552.97	704.92	45.2	45.2	100.0	False	True
HLA-DPB1	all	MID	958	138	68	15	291.97	116.85	291.97	258.29	205.93	258.83	47.3	47.3	100.0	False	True
HLA-DPB1	all	SAS	2425	176	88	10	563.04	151.25	563.04	370.19	263.96	341.9	31.3	31.3	100.0	False	True
HLA-DPB1	all	POOLED	23473	942	586	69	3430.27	865.25	3430.27	3058.36	1527.98	2044.93	27.5	27.5	100.0	False	True
HLA-DPB1	known	AFR	4334	148	46	12	236.15	129.42	236.15	212.8	193.99	227.98	62.7	62.7	100.0	False	True
HLA-DPB1	known	AMR	4365	167	44	16	227.49	150.31	227.49	206.64	210.99	238.98	73.4	73.4	100.0	False	True
HLA-DPB1	known	EAS	2059	113	32	18	141.43	98.66	141.43	146.34	144.98	158.98	79.9	79.9	100.0	False	True
HLA-DPB1	known	EUR	5075	178	54	31	225.02	157.91	225.02	242.85	231.99	254.99	79.1	79.1	100.0	False	True
HLA-DPB1	known	MID	751	85	31	9	138.32	72.15	138.32	120.88	115.96	137.91	61.5	61.5	100.0	False	True
HLA-DPB1	known	SAS	1863	96	30	5	185.95	83.37	185.95	131.16	125.98	150.96	51.6	51.6	100.0	False	True
HLA-DPB1	known	POOLED	18483	305	66	29	380.1	282.26	380.1	366.78	371.0	407.99	80.2	80.2	100.0	False	True
HLA-DPB1	novel	AFR	1674	229	180	18	1128.46	193.72	1128.46	1407.92	408.89	570.71	20.3	20.3	100.0	False	True
HLA-DPB1	novel	AMR	978	187	138	18	715.46	155.65	715.46	827.77	324.86	444.63	26.1	26.1	100.0	False	True
HLA-DPB1	novel	EAS	836	106	81	4	925.14	83.14	925.14	543.2	186.9	263.72	11.5	11.5	100.0	False	True
HLA-DPB1	novel	EUR	842	178	143	14	907.45	146.51	907.45	1216.2	320.83	449.54	19.6	19.6	100.0	False	True
HLA-DPB1	novel	MID	210	53	37	6	166.54	39.3	166.54	192.98	89.82	120.56	31.8	31.8	100.0	False	True
HLA-DPB1	novel	SAS	576	80	58	5	415.82	63.41	415.82	352.44	137.9	190.72	19.2	19.2	100.0	False	True
HLA-DPB1	novel	POOLED	5125	637	520	40	4016.34	569.86	4016.34	4116.75	1156.9	1636.72	15.9	15.9	100.0	False	True
HLA-DPB2	all	AFR	5886	192	144	17	801.78	157.35	801.78	1028.46	335.98	462.94	23.9	23.9	100.0	False	True
HLA-DPB2	all	AMR	5241	159	123	11	846.55	130.98	846.55	1273.05	281.98	393.94	18.8	18.8	100.0	False	True
HLA-DPB2	all	EAS	2839	95	70	5	584.83	75.64	584.83	598.85	164.98	229.93	16.2	16.2	100.0	False	True
HLA-DPB2	all	EUR	5830	190	149	16	883.66	157.96	883.66	1172.35	338.97	471.93	21.5	21.5	100.0	False	True
HLA-DPB2	all	MID	952	40	23	2	172.11	29.72	172.11	129.23	62.98	83.93	23.2	23.2	100.0	False	True
HLA-DPB2	all	SAS	2429	90	69	4	684.88	70.01	684.88	706.21	158.97	223.92	13.1	13.1	100.0	False	True
HLA-DPB2	all	POOLED	23221	567	456	45	2877.3	507.25	2877.3	3253.64	1022.98	1433.95	19.7	19.7	100.0	False	True
HLA-DPB2	known	AFR	280	5	0	1	5.0	4.0	5.0	5.0	5.0	4.01	100.0	100.0	100.0	False	False
HLA-DPB2	known	AMR	616	5	0	0	5.0	5.0	5.0	5.0	5.0	5.0	100.0	100.0	100.0	False	False
HLA-DPB2	known	EAS	382	4	0	0	4.0	4.0	4.0	4.0	4.0	4.0	100.0	100.0	100.0	False	False
HLA-DPB2	known	EUR	1237	5	0	0	5.0	5.0	5.0	5.0	5.0	5.0	100.0	100.0	100.0	False	False
HLA-DPB2	known	MID	189	4	0	1	4.0	3.0	4.99	4.0	4.0	3.02	100.0	80.1	100.0	False	False
HLA-DPB2	known	SAS	378	3	0	0	3.0	3.0	3.0	3.0	3.0	3.0	100.0	100.0	100.0	False	False
HLA-DPB2	known	POOLED	3088	5	0	0	5.0	5.0	5.0	5.0	5.0	5.0	100.0	100.0	100.0	False	False
HLA-DPB2	novel	AFR	5615	187	144	16	834.88	154.75	834.88	1051.59	330.97	458.93	22.4	22.4	100.0	False	True
HLA-DPB2	novel	AMR	4638	154	123	11	841.53	126.06	841.53	1354.83	276.97	388.93	18.3	18.3	100.0	False	True
HLA-DPB2	novel	EAS	2461	91	70	5	580.8	70.96	580.8	593.89	160.97	225.92	15.7	15.7	100.0	False	True
HLA-DPB2	novel	EUR	4610	185	149	16	878.63	151.57	878.63	1167.35	333.97	466.91	21.1	21.1	100.0	False	True
HLA-DPB2	novel	MID	764	36	23	1	300.15	26.08	300.15	162.34	58.97	80.91	12.0	12.0	100.0	False	True
HLA-DPB2	novel	SAS	2055	87	69	4	681.84	69.79	681.84	507.24	155.97	220.91	12.8	12.8	100.0	False	True
HLA-DPB2	novel	POOLED	20181	562	456	45	2872.29	498.94	2872.29	3248.64	1017.98	1428.94	19.6	19.6	100.0	False	True
HLA-DQA1	all	AFR	5965	266	161	11	1444.03	233.16	1444.03	926.65	426.97	576.92	18.4	18.4	100.0	False	True
HLA-DQA1	all	AMR	5340	209	108	11	739.08	183.76	739.08	590.94	316.98	413.95	28.3	28.3	100.0	False	True
HLA-DQA1	all	EAS	2892	142	61	12	296.99	121.51	296.99	264.56	202.98	251.95	47.8	47.8	100.0	False	True
HLA-DQA1	all	EUR	5893	221	125	13	821.86	189.61	821.86	669.46	345.98	457.94	26.9	26.9	100.0	False	True
HLA-DQA1	all	MID	954	93	29	9	139.67	81.04	139.67	120.93	121.97	141.94	66.6	66.6	100.0	False	True
HLA-DQA1	all	SAS	2453	127	62	11	301.66	106.82	301.66	278.49	188.97	239.94	42.1	42.1	100.0	False	True
HLA-DQA1	all	POOLED	23543	603	427	33	3365.44	537.74	3365.44	3593.27	1029.98	1423.95	17.9	17.9	100.0	False	True
HLA-DQA1	known	AFR	4933	95	13	7	107.07	87.17	115.82	103.32	108.0	114.0	88.7	82.0	100.0	False	False
HLA-DQA1	known	AMR	4677	96	17	5	124.89	87.03	124.89	111.39	113.0	124.99	76.9	76.9	100.0	False	True
HLA-DQA1	known	EAS	2371	76	12	12	82.0	68.12	88.25	83.85	87.99	88.0	92.7	86.1	100.0	False	False
HLA-DQA1	known	EUR	5080	96	22	9	122.88	84.79	122.88	119.35	118.0	130.99	78.1	78.1	100.0	False	True
HLA-DQA1	known	MID	789	63	13	7	75.06	54.89	79.78	71.67	75.98	81.98	83.9	79.0	100.0	False	False
HLA-DQA1	known	SAS	1947	64	14	8	76.24	55.89	82.75	75.7	77.99	83.99	83.9	77.3	100.0	False	False
HLA-DQA1	known	POOLED	19837	140	16	12	150.67	130.45	158.35	151.74	156.0	160.0	92.9	88.4	100.0	False	False
HLA-DQA1	novel	AFR	1099	171	148	4	2906.51	138.25	2906.51	3313.05	318.87	462.61	5.9	5.9	100.0	False	True
HLA-DQA1	novel	AMR	718	113	91	6	802.12	87.68	802.12	735.96	203.87	288.64	14.1	14.1	100.0	False	True
HLA-DQA1	novel	EAS	548	66	49	0	1239.85	51.54	1239.85	462.71	114.91	163.73	5.3	5.3	100.0	True	True
HLA-DQA1	novel	EUR	870	125	103	4	1449.6	99.45	1449.6	1266.03	227.88	326.66	8.6	8.6	100.0	False	True
HLA-DQA1	novel	MID	174	30	16	2	93.63	21.81	93.63	55.48	45.91	59.76	32.0	32.0	100.0	False	True
HLA-DQA1	novel	SAS	516	63	48	3	446.26	46.82	446.26	655.13	110.91	155.74	14.1	14.1	100.0	False	True
HLA-DQA1	novel	POOLED	3931	463	411	21	4483.91	403.54	4483.91	4447.15	873.9	1263.7	10.3	10.3	100.0	False	True
HLA-DQA2	all	AFR	6034	135	91	9	594.98	111.9	594.98	867.76	225.98	307.96	22.7	22.7	100.0	False	True
HLA-DQA2	all	AMR	5395	128	89	6	787.96	104.75	787.96	919.44	216.98	299.95	16.2	16.2	100.0	False	True
HLA-DQA2	all	EAS	2907	82	51	5	342.01	65.72	342.01	307.28	132.98	178.95	24.0	24.0	100.0	False	True
HLA-DQA2	all	EUR	5959	123	87	5	879.77	99.14	879.77	949.93	209.99	291.96	14.0	14.0	100.0	False	True
HLA-DQA2	all	MID	967	40	14	2	88.95	33.12	88.95	73.99	53.99	65.96	45.0	45.0	100.0	False	True
HLA-DQA2	all	SAS	2463	62	35	3	266.08	49.13	266.08	253.38	96.99	128.96	23.3	23.3	100.0	False	True
HLA-DQA2	all	POOLED	23771	392	318	22	2690.18	343.69	2690.18	3376.86	709.99	1005.96	14.6	14.6	100.0	False	True
HLA-DQA2	known	AFR	2748	23	3	3	24.5	20.0	31.0	26.0	26.0	26.0	93.9	74.2	100.0	False	False
HLA-DQA2	known	AMR	3361	20	1	1	20.5	18.0	21.0	20.94	21.0	21.0	97.6	95.2	100.0	False	False
HLA-DQA2	known	EAS	1704	22	3	3	23.5	18.12	30.0	24.89	25.0	25.0	93.6	73.3	100.0	False	False
HLA-DQA2	known	EUR	3364	22	0	2	22.0	21.0	24.0	22.0	22.0	20.0	100.0	91.7	100.0	False	False
HLA-DQA2	known	MID	544	20	4	1	27.99	16.0	27.99	24.94	23.99	26.98	71.5	71.5	100.0	False	True
HLA-DQA2	known	SAS	1347	19	2	0	20.0	17.0	22.0	20.91	21.0	23.0	95.0	86.4	100.0	True	False
HLA-DQA2	known	POOLED	13099	25	0	2	25.0	23.0	27.0	25.0	25.0	23.0	100.0	92.6	100.0	False	False
HLA-DQA2	novel	AFR	3346	112	88	6	757.14	89.86	757.14	1019.66	199.97	281.93	14.8	14.8	100.0	False	True
HLA-DQA2	novel	AMR	2077	108	88	5	882.03	83.22	882.03	1044.9	195.96	278.88	12.2	12.2	100.0	False	True
HLA-DQA2	novel	EAS	1230	60	48	2	635.53	43.52	635.53	379.24	107.96	153.89	9.4	9.4	100.0	False	True
HLA-DQA2	novel	EUR	2649	101	87	3	1362.02	78.18	1362.02	1522.44	187.97	271.9	7.4	7.4	100.0	False	True
HLA-DQA2	novel	MID	429	20	10	1	69.88	14.0	69.88	63.76	29.98	38.94	28.6	28.6	100.0	False	True
HLA-DQA2	novel	SAS	1126	43	33	3	224.34	31.53	224.34	319.16	75.97	105.92	19.2	19.2	100.0	False	True
HLA-DQA2	novel	POOLED	10872	367	318	20	2894.87	316.72	2894.87	3366.17	684.97	982.92	12.7	12.7	100.0	False	True
HLA-DQB1	all	AFR	5938	278	173	24	901.42	239.97	901.42	853.38	450.97	599.92	30.8	30.8	100.0	False	True
HLA-DQB1	all	AMR	5319	253	165	14	1225.14	218.0	1225.14	980.31	417.97	568.91	20.7	20.7	100.0	False	True
HLA-DQB1	all	EAS	2884	141	79	12	400.95	118.53	400.95	427.36	219.97	286.93	35.2	35.2	100.0	False	True
HLA-DQB1	all	EUR	5891	249	166	11	1501.33	212.18	1501.33	985.98	414.97	569.92	16.6	16.6	100.0	False	True
HLA-DQB1	all	MID	956	92	40	9	180.8	77.26	180.8	164.67	131.96	162.9	50.9	50.9	100.0	False	True
HLA-DQB1	all	SAS	2448	135	71	11	364.04	112.86	364.04	314.58	205.97	265.93	37.1	37.1	100.0	False	True
HLA-DQB1	all	POOLED	23482	750	550	61	3229.4	671.54	3229.4	3817.77	1299.98	1788.94	23.2	23.2	100.0	False	True
HLA-DQB1	known	AFR	5121	81	16	11	92.63	72.45	95.75	93.68	97.0	102.0	87.4	84.6	100.0	False	False
HLA-DQB1	known	AMR	4750	91	27	7	143.06	79.09	143.06	126.25	117.99	137.99	63.6	63.6	100.0	False	True
HLA-DQB1	known	EAS	2552	63	18	9	80.99	53.0	83.84	87.91	80.99	89.99	77.8	75.1	100.0	False	False
HLA-DQB1	known	EUR	5302	95	35	8	171.55	80.82	171.55	152.33	129.99	156.98	55.4	55.4	100.0	False	True
HLA-DQB1	known	MID	850	56	16	6	77.31	47.56	77.31	75.54	71.98	81.96	72.4	72.4	100.0	False	True
HLA-DQB1	known	SAS	2192	64	16	7	82.28	55.27	87.51	80.19	79.99	88.99	77.8	73.1	100.0	False	False
HLA-DQB1	known	POOLED	20811	170	46	25	212.32	153.04	212.32	226.25	216.0	237.0	80.1	80.1	100.0	False	True
HLA-DQB1	novel	AFR	858	197	157	13	1143.93	163.12	1143.93	1186.85	353.82	497.5	17.2	17.2	100.0	False	True
HLA-DQB1	novel	AMR	612	162	138	7	1520.06	134.92	1520.06	1607.58	299.77	430.36	10.7	10.7	100.0	False	True
HLA-DQB1	novel	EAS	359	78	61	3	696.44	59.54	696.44	675.06	138.83	196.52	11.2	11.2	100.0	False	True
HLA-DQB1	novel	EUR	629	154	131	3	3009.62	127.43	3009.62	1424.97	284.79	412.39	5.1	5.1	100.0	False	True
HLA-DQB1	novel	MID	115	36	24	3	131.17	25.14	131.17	103.67	59.79	80.45	27.4	27.4	100.0	False	True
HLA-DQB1	novel	SAS	264	71	55	4	447.69	54.7	447.69	400.09	125.79	176.42	15.9	15.9	100.0	False	True
HLA-DQB1	novel	POOLED	2839	580	504	36	4106.76	512.92	4106.76	5539.61	1083.82	1551.51	14.1	14.1	100.0	False	True
HLA-DQB2	all	AFR	6017	149	104	10	689.71	122.39	689.71	815.35	252.98	346.95	21.6	21.6	100.0	False	True
HLA-DQB2	all	AMR	5402	145	93	12	505.31	121.03	505.31	608.79	237.98	318.96	28.7	28.7	100.0	False	True
HLA-DQB2	all	EAS	2904	69	40	6	202.29	54.75	202.29	232.34	108.99	142.96	34.1	34.1	100.0	False	True
HLA-DQB2	all	EUR	5965	147	102	8	797.14	121.44	797.14	763.42	248.98	342.95	18.4	18.4	100.0	False	True
HLA-DQB2	all	MID	966	47	19	3	107.1	37.5	107.1	78.87	65.98	81.95	43.9	43.9	100.0	False	True
HLA-DQB2	all	SAS	2471	91	62	5	475.24	71.85	475.24	514.67	152.97	209.93	19.1	19.1	100.0	False	True
HLA-DQB2	all	POOLED	23770	445	351	32	2369.93	385.99	2369.93	2688.27	795.99	1114.96	18.8	18.8	100.0	False	True
HLA-DQB2	known	AFR	3070	22	1	1	22.5	20.0	24.0	22.35	23.0	23.0	97.8	91.7	100.0	False	False
HLA-DQB2	known	AMR	3528	25	0	1	25.0	24.0	26.0	25.0	25.0	24.0	100.0	96.2	100.0	False	False
HLA-DQB2	known	EAS	1567	21	2	5	21.4	18.0	30.99	22.37	23.0	20.01	98.1	67.8	100.0	False	False
HLA-DQB2	known	EUR	3970	23	1	0	23.0	21.0	25.0	23.53	24.0	25.0	100.0	92.0	100.0	False	False
HLA-DQB2	known	MID	594	19	3	0	21.99	16.0	21.99	20.35	21.99	24.98	86.4	86.4	100.0	True	False
HLA-DQB2	known	SAS	1640	19	4	0	25.0	15.0	26.0	23.7	23.0	26.99	76.0	73.1	100.0	True	False
HLA-DQB2	known	POOLED	14400	27	1	0	27.0	26.0	28.0	28.12	28.0	29.0	100.0	96.4	100.0	False	False
HLA-DQB2	novel	AFR	3007	127	103	9	716.19	101.15	716.19	1020.05	229.97	323.91	17.7	17.7	100.0	False	True
HLA-DQB2	novel	AMR	1922	120	93	11	512.93	95.94	512.93	548.33	212.95	294.87	23.4	23.4	100.0	False	True
HLA-DQB2	novel	EAS	1366	48	38	1	769.47	33.56	769.47	466.92	85.97	122.92	6.2	6.2	100.0	False	True
HLA-DQB2	novel	EUR	2044	124	101	8	761.25	100.0	761.25	779.04	224.95	317.86	16.3	16.3	100.0	False	True
HLA-DQB2	novel	MID	376	28	16	3	70.55	20.2	70.55	60.82	43.96	56.9	39.7	39.7	100.0	False	True
HLA-DQB2	novel	SAS	840	72	58	5	408.0	54.49	408.0	726.59	129.93	182.81	17.6	17.6	100.0	False	True
HLA-DQB2	novel	POOLED	9569	418	350	32	2331.86	363.12	2331.86	2699.42	767.96	1085.9	17.9	17.9	100.0	False	True
HLA-DRA	all	AFR	5929	203	149	14	995.76	171.95	995.76	1220.56	351.97	486.93	20.4	20.4	100.0	False	True
HLA-DRA	all	AMR	5313	168	123	5	1680.62	140.34	1680.62	1098.04	290.98	408.93	10.0	10.0	100.0	False	True
HLA-DRA	all	EAS	2872	107	77	3	1094.82	85.23	1094.82	913.65	183.97	257.92	9.8	9.8	100.0	False	True
HLA-DRA	all	EUR	5898	171	126	6	1493.78	140.18	1493.78	1107.24	296.98	416.94	11.4	11.4	100.0	False	True
HLA-DRA	all	MID	951	50	22	1	291.75	39.23	291.75	104.28	71.98	92.93	17.1	17.1	100.0	False	True
HLA-DRA	all	SAS	2416	75	45	2	581.04	60.56	581.04	314.38	119.98	162.95	12.9	12.9	100.0	False	True
HLA-DRA	all	POOLED	23423	534	435	26	4172.79	476.59	4172.79	3807.6	968.98	1377.95	12.8	12.8	100.0	False	True
HLA-DRA	known	AFR	4876	38	4	3	40.67	34.0	49.5	41.67	42.0	43.0	93.4	76.8	100.0	False	False
HLA-DRA	known	AMR	4682	39	5	2	45.25	34.74	50.02	42.71	44.0	47.0	86.2	78.0	100.0	False	False
HLA-DRA	known	EAS	2481	30	7	3	38.16	25.0	45.99	50.57	37.0	41.0	78.6	65.2	100.0	False	False
HLA-DRA	known	EUR	5311	39	3	4	40.12	35.12	50.5	40.67	42.0	41.0	97.2	77.2	100.0	False	False
HLA-DRA	known	MID	829	29	4	1	36.99	25.12	36.99	31.48	33.0	35.99	78.4	78.4	100.0	False	False
HLA-DRA	known	SAS	2088	26	2	1	28.0	23.0	30.76	26.96	28.0	29.0	92.9	84.5	100.0	False	False
HLA-DRA	known	POOLED	20308	48	4	5	49.6	44.0	59.76	51.83	52.0	51.0	96.8	80.3	100.0	False	False
HLA-DRA	novel	AFR	1112	165	145	11	1119.82	132.23	1119.82	1124.46	309.87	443.64	14.7	14.7	100.0	False	True
HLA-DRA	novel	AMR	663	129	118	3	2446.17	101.46	2446.17	1859.16	246.82	361.48	5.3	5.3	100.0	False	True
HLA-DRA	novel	EAS	412	77	70	0	2486.14	57.17	2486.14	1186.9	146.83	216.49	3.1	3.1	100.0	True	True
HLA-DRA	novel	EUR	620	132	123	2	3908.15	103.82	3908.15	2649.15	254.8	375.41	3.4	3.4	100.0	False	True
HLA-DRA	novel	MID	127	21	18	0	172.8	12.76	172.8	172.8	38.86	56.57	12.2	12.2	100.0	True	True
HLA-DRA	novel	SAS	336	49	43	1	970.75	34.01	970.75	603.12	91.87	133.62	5.0	5.0	100.0	False	True
HLA-DRA	novel	POOLED	3273	486	431	21	4907.53	425.05	4907.53	3779.74	916.87	1326.62	9.9	9.9	100.0	False	True
HLA-DRB1	all	AFR	5903	301	186	19	1211.27	260.21	1211.27	994.71	486.97	653.92	24.9	24.9	100.0	False	True
HLA-DRB1	all	AMR	5243	285	161	16	1094.88	249.67	1094.88	838.79	445.97	590.92	26.0	26.0	100.0	False	True
HLA-DRB1	all	EAS	2855	191	102	22	427.37	163.27	427.37	469.58	292.96	372.92	44.7	44.7	100.0	False	True
HLA-DRB1	all	EUR	5832	280	161	25	798.33	245.24	798.33	875.65	440.97	576.93	35.1	35.1	100.0	False	True
HLA-DRB1	all	MID	939	105	40	9	193.79	90.13	193.79	153.33	144.96	175.9	54.2	54.2	100.0	False	True
HLA-DRB1	all	SAS	2416	161	82	13	419.51	136.75	419.51	328.45	242.97	311.91	38.4	38.4	100.0	False	True
HLA-DRB1	all	POOLED	23234	814	575	60	3569.09	737.87	3569.09	4013.32	1388.98	1903.93	22.8	22.8	100.0	False	True
HLA-DRB1	known	AFR	1962	84	23	9	113.37	73.48	113.37	105.35	106.99	120.98	74.1	74.1	100.0	False	True
HLA-DRB1	known	AMR	2111	96	25	10	127.24	83.71	127.24	120.56	120.99	135.98	75.5	75.5	100.0	False	True
HLA-DRB1	known	EAS	793	56	13	11	63.67	47.53	70.85	67.7	68.98	70.99	88.0	79.0	100.0	False	False
HLA-DRB1	known	EUR	2836	83	21	9	107.49	73.28	107.49	106.23	103.99	115.99	77.2	77.2	100.0	False	True
HLA-DRB1	known	MID	330	43	12	7	53.25	35.44	65.01	53.18	54.96	59.95	80.7	66.1	100.0	False	False
HLA-DRB1	known	SAS	764	53	19	7	78.75	43.39	78.75	71.95	71.98	83.95	67.3	67.3	100.0	False	True
HLA-DRB1	known	POOLED	8815	150	35	15	190.83	134.11	190.83	186.36	185.0	204.99	78.6	78.6	100.0	False	True
HLA-DRB1	novel	AFR	4009	217	163	10	1545.12	182.52	1545.12	1539.43	379.96	532.89	14.0	14.0	100.0	False	True
HLA-DRB1	novel	AMR	3202	189	136	6	1729.85	158.61	1729.85	1398.43	324.96	454.88	10.9	10.9	100.0	False	True
HLA-DRB1	novel	EAS	2086	135	89	11	494.87	110.78	494.87	560.36	223.96	301.89	27.3	27.3	100.0	False	True
HLA-DRB1	novel	EUR	3063	197	140	16	809.3	165.77	809.3	1145.61	336.95	460.88	24.3	24.3	100.0	False	True
HLA-DRB1	novel	MID	615	62	28	2	257.68	51.1	257.68	107.17	89.95	115.87	24.1	24.1	100.0	False	True
HLA-DRB1	novel	SAS	1668	108	63	6	438.55	89.61	438.55	315.54	170.96	227.9	24.6	24.6	100.0	False	True
HLA-DRB1	novel	POOLED	14670	664	540	45	3903.78	590.31	3903.78	4994.49	1203.96	1698.9	17.0	17.0	100.0	False	True
HLA-DRB3	all	AFR	2936	88	62	3	728.45	69.63	728.45	512.2	149.98	208.94	12.1	12.1	100.0	False	True
HLA-DRB3	all	AMR	2021	70	43	1	994.04	56.04	994.04	224.17	112.98	154.94	7.0	7.0	100.0	False	True
HLA-DRB3	all	EAS	1091	50	33	4	186.0	37.27	186.0	163.89	82.97	111.92	26.9	26.9	100.0	False	True
HLA-DRB3	all	EUR	2492	72	46	5	283.52	56.09	283.52	324.11	117.98	158.95	25.4	25.4	100.0	False	True
HLA-DRB3	all	MID	483	27	9	2	47.21	21.58	47.21	38.79	35.98	42.96	57.2	57.2	100.0	False	True
HLA-DRB3	all	SAS	946	37	18	4	77.46	28.24	77.46	91.49	54.98	68.96	47.8	47.8	100.0	False	True
HLA-DRB3	all	POOLED	9988	218	165	13	1265.01	186.28	1265.01	1221.24	382.98	534.95	17.2	17.2	100.0	False	True
HLA-DRB3	known	AFR	1148	22	4	1	29.99	18.0	29.99	25.53	26.0	28.99	73.4	73.4	100.0	False	True
HLA-DRB3	known	AMR	654	24	3	1	28.49	21.0	33.98	25.28	27.0	28.99	84.2	70.6	100.0	False	False
HLA-DRB3	known	EAS	391	14	4	2	17.99	10.0	20.98	17.69	17.99	19.98	77.8	66.7	100.0	False	False
HLA-DRB3	known	EUR	920	21	2	3	21.67	18.0	26.99	22.66	23.0	22.0	96.9	77.8	100.0	False	False
HLA-DRB3	known	MID	138	14	1	1	14.5	12.0	15.99	14.32	14.99	15.0	96.6	87.6	100.0	False	False
HLA-DRB3	known	SAS	199	17	2	4	17.5	14.0	23.96	18.89	18.99	17.03	97.2	71.0	100.0	False	False
HLA-DRB3	known	POOLED	3457	26	0	1	26.0	25.0	28.0	26.0	26.0	25.0	100.0	92.9	100.0	False	False
HLA-DRB3	novel	AFR	1803	66	58	2	906.53	48.02	906.53	787.36	123.97	179.91	7.3	7.3	100.0	False	True
HLA-DRB3	novel	AMR	1377	46	40	0	825.43	32.79	825.43	591.78	85.97	125.91	5.6	5.6	100.0	True	True
HLA-DRB3	novel	EAS	704	36	29	2	245.95	25.05	245.95	221.03	64.96	91.88	14.6	14.6	100.0	False	True
HLA-DRB3	novel	EUR	1576	51	44	2	534.69	36.3	534.69	622.07	94.97	136.92	9.5	9.5	100.0	False	True
HLA-DRB3	novel	MID	347	13	8	1	44.91	8.0	44.91	35.93	20.98	27.94	28.9	28.9	100.0	False	True
HLA-DRB3	novel	SAS	750	20	16	0	139.84	11.5	139.84	250.03	35.98	51.94	14.3	14.3	100.0	True	True
HLA-DRB3	novel	POOLED	6569	192	165	12	1326.2	157.44	1326.2	1241.43	356.97	509.93	14.5	14.5	100.0	False	True
HLA-DRB4	all	AFR	1157	37	20	1	236.83	27.91	236.83	145.31	56.98	75.95	15.6	15.6	100.0	False	True
HLA-DRB4	all	AMR	1665	45	26	2	213.9	34.1	213.9	216.47	70.98	94.96	21.0	21.0	100.0	False	True
HLA-DRB4	all	EAS	870	32	13	2	74.2	24.58	74.2	52.43	44.99	55.96	43.1	43.1	100.0	False	True
HLA-DRB4	all	EUR	1784	41	18	2	121.95	32.87	121.95	89.06	58.99	74.97	33.6	33.6	100.0	False	True
HLA-DRB4	all	MID	249	17	5	2	23.22	12.37	28.45	21.4	21.98	24.96	73.2	59.8	100.0	False	False
HLA-DRB4	all	SAS	674	22	8	1	53.95	16.25	53.95	35.49	29.99	36.97	40.8	40.8	100.0	False	True
HLA-DRB4	all	POOLED	6409	99	69	5	575.03	80.38	575.03	640.27	167.99	231.97	17.2	17.2	100.0	False	True
HLA-DRB4	known	AFR	634	11	0	1	11.0	10.0	12.0	11.0	11.0	10.0	100.0	91.7	100.0	False	False
HLA-DRB4	known	AMR	786	12	2	1	14.0	10.0	15.0	15.0	14.0	15.0	85.7	80.0	100.0	False	False
HLA-DRB4	known	EAS	503	13	2	0	14.0	11.0	15.0	13.89	15.0	16.99	92.9	86.7	100.0	True	False
HLA-DRB4	known	EUR	1310	15	1	1	15.5	13.0	18.0	15.33	16.0	16.0	96.8	83.3	100.0	False	False
HLA-DRB4	known	MID	182	8	3	0	10.98	5.0	10.98	16.57	10.98	13.95	72.8	72.8	100.0	True	False
HLA-DRB4	known	SAS	463	10	2	0	11.0	8.0	12.0	11.35	12.0	13.99	90.9	83.4	100.0	True	False
HLA-DRB4	known	POOLED	3886	16	1	0	16.0	15.0	16.5	16.3	17.0	18.0	100.0	97.0	100.0	False	False
HLA-DRB4	novel	AFR	524	26	20	0	215.64	17.66	215.64	382.7	45.96	65.89	12.1	12.1	100.0	True	True
HLA-DRB4	novel	AMR	881	33	24	1	320.67	23.5	320.67	225.04	56.97	79.92	10.3	10.3	100.0	False	True
HLA-DRB4	novel	EAS	368	19	11	2	49.17	13.24	49.17	53.7	29.97	38.93	38.6	38.6	100.0	False	True
HLA-DRB4	novel	EUR	475	26	17	1	170.2	17.74	170.2	156.04	42.96	58.9	15.3	15.3	100.0	False	True
HLA-DRB4	novel	MID	68	9	2	2	9.99	6.0	13.43	10.13	10.97	11.0	90.1	67.0	100.0	False	False
HLA-DRB4	novel	SAS	211	12	6	1	29.91	7.37	29.91	38.28	17.97	22.93	40.1	40.1	100.0	False	True
HLA-DRB4	novel	POOLED	2529	83	68	5	545.22	62.61	545.22	543.0	150.97	213.93	15.2	15.2	100.0	False	True
HLA-DRB5	all	AFR	926	26	15	1	138.38	17.5	138.38	64.7	40.98	54.95	18.8	18.8	100.0	False	True
HLA-DRB5	all	AMR	636	37	24	4	108.89	26.64	108.89	98.48	60.96	80.91	34.0	34.0	100.0	False	True
HLA-DRB5	all	EAS	589	27	15	1	139.31	19.26	139.31	99.94	41.97	55.93	19.4	19.4	100.0	False	True
HLA-DRB5	all	EUR	763	31	21	3	104.4	21.5	104.4	123.82	51.97	69.93	29.7	29.7	100.0	False	True
HLA-DRB5	all	MID	91	6	2	0	6.99	4.0	6.99	10.09	7.98	9.93	85.8	85.8	100.0	True	False
HLA-DRB5	all	SAS	574	16	8	1	47.94	11.0	47.94	32.97	23.99	30.96	33.4	33.4	100.0	False	True
HLA-DRB5	all	POOLED	3584	92	67	5	540.77	72.06	540.77	480.67	158.98	220.95	17.0	17.0	100.0	False	True
HLA-DRB5	known	AFR	118	4	1	0	4.0	2.0	4.99	5.11	4.99	5.97	100.0	80.1	100.0	False	False
HLA-DRB5	known	AMR	123	4	1	0	4.0	2.48	4.99	4.62	4.99	5.98	100.0	80.1	100.0	False	False
HLA-DRB5	known	EAS	133	7	1	1	7.5	5.0	8.98	7.6	7.99	8.0	93.4	77.9	100.0	False	False
HLA-DRB5	known	EUR	244	6	2	2	7.0	3.0	10.48	7.43	7.99	8.0	85.8	57.2	100.0	False	False
HLA-DRB5	known	MID	16	2	1	0	2.0	1.0	2.0	2.0	2.94	3.81	100.0	100.0	100.0	False	False
HLA-DRB5	known	SAS	20	4	2	0	4.95	2.0	4.95	8.05	5.9	7.7	80.8	80.8	100.0	True	False
HLA-DRB5	known	POOLED	656	9	0	1	9.0	8.0	10.0	9.0	9.0	8.0	100.0	90.0	100.0	False	False
HLA-DRB5	novel	AFR	810	22	14	1	119.88	15.2	119.88	65.33	35.98	48.95	18.4	18.4	100.0	False	True
HLA-DRB5	novel	AMR	513	33	23	4	99.0	22.94	99.0	98.36	55.96	74.89	33.3	33.3	100.0	False	True
HLA-DRB5	novel	EAS	456	20	14	0	110.8	13.0	110.8	116.37	33.97	47.91	18.1	18.1	100.0	True	True
HLA-DRB5	novel	EUR	519	25	19	1	205.15	16.31	205.15	173.79	43.96	61.9	12.2	12.2	100.0	False	True
HLA-DRB5	novel	MID	75	4	1	0	4.0	3.0	4.0	5.08	4.99	5.96	100.0	100.0	100.0	False	False
HLA-DRB5	novel	SAS	554	12	6	1	29.97	7.5	29.97	25.85	17.99	22.97	40.0	40.0	100.0	False	True
HLA-DRB5	novel	POOLED	2930	83	67	4	643.93	64.56	643.93	603.19	149.98	212.94	12.9	12.9	100.0	False	True
HLA-E	all	AFR	5947	242	188	19	1171.95	203.29	1171.95	1324.71	429.97	598.91	20.6	20.6	100.0	False	True
HLA-E	all	AMR	5315	226	174	19	1022.59	191.42	1022.59	1127.32	399.97	554.91	22.1	22.1	100.0	False	True
HLA-E	all	EAS	2865	132	103	6	1015.77	108.27	1015.77	959.55	234.96	331.9	13.0	13.0	100.0	False	True
HLA-E	all	EUR	5895	234	181	17	1197.4	199.4	1197.4	1120.88	414.97	578.92	19.5	19.5	100.0	False	True
HLA-E	all	MID	947	57	41	3	336.87	43.28	336.87	273.37	97.96	135.88	16.9	16.9	100.0	False	True
HLA-E	all	SAS	2417	96	68	8	384.88	76.03	384.88	419.26	163.97	223.93	24.9	24.9	100.0	False	True
HLA-E	all	POOLED	23431	765	633	49	4853.49	683.98	4853.49	5775.18	1397.97	1981.93	15.8	15.8	100.0	False	True
HLA-E	known	AFR	5415	42	8	7	46.57	35.95	64.33	48.07	50.0	51.0	90.2	65.3	100.0	False	False
HLA-E	known	AMR	4883	45	11	7	53.64	37.31	63.99	53.25	56.0	60.0	83.9	70.3	100.0	False	False
HLA-E	known	EAS	2602	33	10	5	43.0	26.58	54.28	46.51	43.0	47.99	76.8	60.8	100.0	False	False
HLA-E	known	EUR	5379	49	14	5	68.6	40.89	71.02	59.51	63.0	71.99	71.4	69.0	100.0	False	False
HLA-E	known	MID	830	23	12	1	94.91	16.58	94.91	56.95	34.99	45.96	24.2	24.2	100.0	False	True
HLA-E	known	SAS	2209	27	7	4	33.12	21.67	48.49	33.57	34.0	37.0	81.5	55.7	100.0	False	False
HLA-E	known	POOLED	21358	80	22	5	128.4	69.58	128.4	114.85	102.0	119.0	62.3	62.3	100.0	False	True
HLA-E	novel	AFR	554	200	180	12	1547.56	167.32	1547.56	1936.9	379.68	547.09	12.9	12.9	100.0	False	True
HLA-E	novel	AMR	452	181	163	12	1285.59	149.07	1285.59	1254.12	343.64	494.0	14.1	14.1	100.0	False	True
HLA-E	novel	EAS	270	99	93	1	4407.48	75.61	4407.48	2013.41	191.66	282.98	2.2	2.2	100.0	False	True
HLA-E	novel	EUR	525	185	167	12	1344.83	149.76	1344.83	1360.02	351.68	506.11	13.8	13.8	100.0	False	True
HLA-E	novel	MID	119	34	29	2	242.48	23.12	242.48	258.75	62.76	89.32	14.0	14.0	100.0	False	True
HLA-E	novel	SAS	212	69	61	4	531.93	49.92	531.93	508.11	129.71	186.19	13.0	13.0	100.0	False	True
HLA-E	novel	POOLED	2137	685	611	44	4925.3	604.55	4925.3	6076.43	1295.71	1862.2	13.9	13.9	100.0	False	True
HLA-F	all	AFR	5975	221	179	11	1677.17	185.48	1677.17	2100.12	399.97	567.92	13.2	13.2	100.0	False	True
HLA-F	all	AMR	5353	223	172	14	1279.37	189.55	1279.37	1589.89	394.97	552.91	17.4	17.4	100.0	False	True
HLA-F	all	EAS	2860	123	96	5	1044.28	97.19	1044.28	1108.52	218.97	309.9	11.8	11.8	100.0	False	True
HLA-F	all	EUR	5917	269	221	15	1896.76	231.35	1896.76	2301.82	489.96	695.9	14.2	14.2	100.0	False	True
HLA-F	all	MID	955	61	41	2	480.81	47.24	480.81	500.76	101.96	140.88	12.7	12.7	100.0	False	True
HLA-F	all	SAS	2437	113	85	5	835.2	89.63	835.2	1025.91	197.97	277.9	13.5	13.5	100.0	False	True
HLA-F	all	POOLED	23541	798	674	51	5251.5	718.18	5251.5	7150.13	1471.97	2094.92	15.2	15.2	100.0	False	True
HLA-F	known	AFR	5229	31	4	5	32.6	26.37	43.02	34.14	35.0	34.0	95.1	72.1	100.0	False	False
HLA-F	known	AMR	4798	33	2	4	33.5	29.74	40.0	33.96	35.0	33.0	98.5	82.5	100.0	False	False
HLA-F	known	EAS	2416	20	2	1	22.0	17.48	23.0	21.27	22.0	23.0	90.9	87.0	100.0	False	False
HLA-F	known	EUR	5354	40	10	3	56.66	33.5	62.81	51.23	50.0	57.0	70.6	63.7	100.0	False	False
HLA-F	known	MID	849	22	6	1	39.98	18.0	39.98	37.35	27.99	32.98	55.0	55.0	100.0	False	True
HLA-F	known	SAS	2029	26	7	1	50.49	21.5	50.49	45.03	33.0	38.99	51.5	51.5	100.0	False	True
HLA-F	known	POOLED	20717	47	7	1	71.5	42.21	71.5	53.35	54.0	60.0	65.7	65.7	100.0	False	True
HLA-F	novel	AFR	785	190	175	6	2738.83	154.53	2738.83	3402.3	364.78	533.35	6.9	6.9	100.0	False	True
HLA-F	novel	AMR	588	190	170	10	1632.54	155.7	1632.54	2218.76	359.71	519.18	11.6	11.6	100.0	False	True
HLA-F	novel	EAS	463	103	94	4	1205.11	81.37	1205.11	1355.04	196.8	286.42	8.5	8.5	100.0	False	True
HLA-F	novel	EUR	592	229	211	12	2080.91	192.23	2080.91	2886.45	439.64	637.99	11.0	11.0	100.0	False	True
HLA-F	novel	MID	111	39	35	1	645.98	26.73	645.98	855.18	73.68	107.08	6.0	6.0	100.0	False	True
HLA-F	novel	SAS	417	87	78	4	845.68	65.81	845.68	802.02	164.81	238.47	10.3	10.3	100.0	False	True
HLA-F	novel	POOLED	2959	751	667	50	5198.39	671.72	5198.39	7326.76	1417.77	2034.37	14.4	14.4	100.0	False	True
HLA-G	all	AFR	6010	245	196	4	5046.2	208.18	5046.2	2443.84	440.97	632.9	4.9	4.9	100.0	False	True
HLA-G	all	AMR	5379	230	175	11	1621.79	193.4	1621.79	1385.69	404.97	568.91	14.2	14.2	100.0	False	True
HLA-G	all	EAS	2895	106	75	4	808.88	82.01	808.88	455.92	180.97	251.93	13.1	13.1	100.0	False	True
HLA-G	all	EUR	5974	204	145	21	704.51	172.13	704.51	980.58	348.98	472.94	29.0	29.0	100.0	False	True
HLA-G	all	MID	956	63	35	4	215.96	49.56	215.96	165.09	97.96	128.9	29.2	29.2	100.0	False	True
HLA-G	all	SAS	2460	98	67	7	418.51	78.52	418.51	591.46	164.97	224.93	23.4	23.4	100.0	False	True
HLA-G	all	POOLED	23718	698	583	36	5418.48	628.45	5418.48	6350.13	1280.98	1827.93	12.9	12.9	100.0	False	True
HLA-G	known	AFR	5322	35	9	1	75.49	29.37	75.49	51.21	44.0	52.0	46.4	46.4	100.0	False	True
HLA-G	known	AMR	4971	40	11	2	70.24	33.82	70.24	53.41	51.0	59.99	56.9	56.9	100.0	False	True
HLA-G	known	EAS	2639	25	7	1	49.49	20.21	49.49	33.17	32.0	37.99	50.5	50.5	100.0	False	True
HLA-G	known	EUR	5629	39	6	7	41.57	33.67	56.57	44.87	45.0	44.0	93.8	68.9	100.0	False	False
HLA-G	known	MID	905	27	4	3	29.66	23.14	38.01	29.74	31.0	32.0	91.0	71.0	100.0	False	False
HLA-G	known	SAS	2307	24	4	2	28.0	20.0	33.0	28.44	28.0	30.0	85.7	72.7	100.0	False	False
HLA-G	known	POOLED	21816	52	9	3	65.5	46.12	72.5	61.88	61.0	67.0	79.4	71.7	100.0	False	False
HLA-G	novel	AFR	709	210	187	3	6029.95	175.34	6029.95	3132.09	396.74	580.22	3.5	3.5	100.0	False	True
HLA-G	novel	AMR	443	190	164	9	1680.85	157.66	1680.85	1815.02	353.63	507.95	11.3	11.3	100.0	False	True
HLA-G	novel	EAS	268	81	68	3	848.79	60.24	848.79	459.3	148.75	213.27	9.5	9.5	100.0	False	True
HLA-G	novel	EUR	359	165	139	14	853.11	135.64	853.11	1265.15	303.61	427.96	19.3	19.3	100.0	False	True
HLA-G	novel	MID	58	36	31	1	508.22	24.42	508.22	256.86	66.47	95.45	7.1	7.1	100.0	False	True
HLA-G	novel	SAS	155	74	63	5	468.34	52.97	468.34	842.41	136.59	193.88	15.8	15.8	100.0	False	True
HLA-G	novel	POOLED	1994	646	574	33	5635.56	576.86	5635.56	6769.7	1219.71	1760.19	11.5	11.5	100.0	False	True
HLA-H	all	AFR	5216	225	157	14	1105.15	189.78	1105.15	1134.54	381.97	524.92	20.4	20.4	100.0	False	True
HLA-H	all	AMR	4539	207	142	12	1046.98	176.69	1046.98	923.61	348.97	478.91	19.8	19.8	100.0	False	True
HLA-H	all	EAS	2225	105	63	10	303.36	85.88	303.36	264.07	167.97	220.93	34.6	34.6	100.0	False	True
HLA-H	all	EUR	5231	207	146	13	1026.69	174.73	1026.69	944.49	352.97	485.92	20.2	20.2	100.0	False	True
HLA-H	all	MID	795	59	28	4	156.88	48.02	156.88	123.77	86.96	110.91	37.6	37.6	100.0	False	True
HLA-H	all	SAS	2038	110	68	8	398.86	89.21	398.86	351.55	177.97	237.91	27.6	27.6	100.0	False	True
HLA-H	all	POOLED	20083	646	525	35	4583.3	580.18	4583.3	4956.43	1170.97	1660.93	14.1	14.1	100.0	False	True
HLA-H	known	AFR	4689	38	3	4	39.12	34.37	49.5	40.93	41.0	40.0	97.1	76.8	100.0	False	False
HLA-H	known	AMR	4194	36	2	0	37.0	34.0	39.5	36.79	38.0	40.0	97.3	91.1	100.0	True	False
HLA-H	known	EAS	2061	29	6	2	38.0	24.14	41.52	34.69	35.0	38.99	76.3	69.8	100.0	False	False
HLA-H	known	EUR	4894	36	1	3	36.17	33.17	43.52	36.41	37.0	35.0	99.5	82.7	100.0	False	False
HLA-H	known	MID	750	27	3	1	31.49	24.0	32.99	29.15	30.0	31.99	85.7	81.8	100.0	False	False
HLA-H	known	SAS	1869	28	3	1	32.5	25.0	35.52	29.47	31.0	33.0	86.2	78.8	100.0	False	False
HLA-H	known	POOLED	18495	43	1	3	43.17	41.0	47.5	43.98	44.0	42.0	99.6	90.5	100.0	False	False
HLA-H	novel	AFR	539	187	154	10	1370.6	156.36	1370.6	1293.75	340.71	484.2	13.6	13.6	100.0	False	True
HLA-H	novel	AMR	371	171	140	12	985.47	138.68	985.47	1077.74	310.62	437.96	17.4	17.4	100.0	False	True
HLA-H	novel	EAS	167	76	57	8	277.85	58.96	277.85	240.95	132.66	181.12	27.4	27.4	100.0	False	True
HLA-H	novel	EUR	353	171	145	10	1219.27	141.74	1219.27	1297.03	315.59	449.85	14.0	14.0	100.0	False	True
HLA-H	novel	MID	47	32	25	3	133.95	21.52	133.95	109.53	56.47	77.59	23.9	23.9	100.0	False	True
HLA-H	novel	SAS	174	82	65	7	382.05	61.48	382.05	448.52	146.63	204.0	21.5	21.5	100.0	False	True
HLA-H	novel	POOLED	1652	603	524	32	4890.65	532.04	4890.65	5025.71	1126.68	1618.11	12.3	12.3	100.0	False	True
HLA-HFE	all	AFR	399	12	6	0	26.96	7.0	26.96	24.69	17.98	23.95	44.5	44.5	100.0	True	True
HLA-HFE	all	AMR	964	16	9	2	36.23	10.17	39.47	34.37	24.99	31.98	44.2	40.5	100.0	False	False
HLA-HFE	all	EAS	376	8	3	1	12.49	5.0	12.49	15.42	10.99	12.98	64.1	64.1	100.0	False	False
HLA-HFE	all	EUR	841	18	13	0	95.91	11.3	95.91	95.91	30.98	43.95	18.8	18.8	100.0	True	True
HLA-HFE	all	MID	116	7	4	0	12.95	4.0	12.95	12.95	10.97	14.9	54.1	54.1	100.0	True	False
HLA-HFE	all	SAS	363	8	4	1	15.98	4.0	15.98	18.0	11.99	14.98	50.1	50.1	100.0	False	False
HLA-HFE	all	POOLED	3068	39	27	3	160.46	27.95	160.46	167.45	65.99	89.98	24.3	24.3	100.0	False	True
HLA-HFE	known	AFR	26	1	0	0	1.0	1.0	1.0	1.0	1.0	1.0	100.0	100.0	100.0	False	False
HLA-HFE	known	AMR	164	1	0	0	1.0	1.0	1.0	1.0	1.0	1.0	100.0	100.0	100.0	False	False
HLA-HFE	known	EAS	32	1	0	0	1.0	1.0	1.0	1.0	1.0	1.0	100.0	100.0	100.0	False	False
HLA-HFE	known	EUR	127	1	0	0	1.0	1.0	1.0	1.0	1.0	1.0	100.0	100.0	100.0	False	False
HLA-HFE	known	MID	14	1	0	0	1.0	1.0	1.0	1.0	1.0	1.0	100.0	100.0	100.0	False	False
HLA-HFE	known	SAS	62	1	0	0	1.0	1.0	1.0	1.0	1.0	1.0	100.0	100.0	100.0	False	False
HLA-HFE	known	POOLED	425	1	0	0	1.0	1.0	1.0	1.0	1.0	1.0	100.0	100.0	100.0	False	False
HLA-HFE	novel	AFR	373	11	6	0	25.96	6.74	25.96	23.69	16.98	22.95	42.4	42.4	100.0	True	True
HLA-HFE	novel	AMR	800	15	9	2	35.22	9.17	36.47	33.37	23.99	30.97	42.6	41.1	100.0	False	False
HLA-HFE	novel	EAS	344	7	3	1	11.49	4.0	11.49	14.42	9.99	11.98	60.9	60.9	100.0	False	False
HLA-HFE	novel	EUR	714	17	13	0	94.89	10.06	94.89	94.89	29.98	42.95	17.9	17.9	100.0	True	True
HLA-HFE	novel	MID	102	6	4	0	11.94	3.0	11.94	11.94	9.96	13.88	50.2	50.2	100.0	True	True
HLA-HFE	novel	SAS	301	7	4	1	14.97	3.0	14.97	17.0	10.99	13.97	46.7	46.7	100.0	False	False
HLA-HFE	novel	POOLED	2643	38	27	3	159.45	26.79	159.45	166.45	64.99	88.97	23.8	23.8	100.0	False	True
HLA-J	all	AFR	6000	223	175	7	2410.14	185.8	2410.14	1943.52	397.97	565.92	9.3	9.3	100.0	False	True
HLA-J	all	AMR	5394	211	169	7	2250.69	176.33	2250.69	1898.02	379.97	541.91	9.4	9.4	100.0	False	True
HLA-J	all	EAS	2894	103	71	7	462.95	84.14	462.95	495.42	173.98	237.93	22.2	22.2	100.0	False	True
HLA-J	all	EUR	5971	213	168	10	1623.96	179.53	1623.96	1672.13	380.97	538.92	13.1	13.1	100.0	False	True
HLA-J	all	MID	965	50	25	2	206.09	39.53	206.09	132.85	74.97	97.93	24.3	24.3	100.0	False	True
HLA-J	all	SAS	2453	89	64	4	600.79	68.97	600.79	494.18	152.97	212.93	14.8	14.8	100.0	False	True
HLA-J	all	POOLED	23722	683	582	32	5975.34	610.81	5975.34	7138.81	1264.98	1814.93	11.4	11.4	100.0	False	True
HLA-J	known	AFR	4956	20	2	0	21.0	18.0	23.0	22.36	22.0	24.0	95.2	87.0	100.0	True	False
HLA-J	known	AMR	4815	20	1	0	20.0	18.0	21.0	20.55	21.0	22.0	100.0	95.2	100.0	False	False
HLA-J	known	EAS	2555	19	1	1	19.5	17.0	22.0	19.33	20.0	20.0	97.4	86.4	100.0	False	False
HLA-J	known	EUR	5328	18	0	1	18.0	17.0	18.0	18.0	18.0	17.0	100.0	100.0	100.0	False	False
HLA-J	known	MID	880	17	0	0	17.0	17.0	17.0	17.0	17.0	17.0	100.0	100.0	100.0	False	False
HLA-J	known	SAS	2252	16	0	1	16.0	15.0	17.0	16.0	16.0	15.0	100.0	94.1	100.0	False	False
HLA-J	known	POOLED	20828	21	0	0	21.0	21.0	21.0	21.0	21.0	21.0	100.0	100.0	100.0	False	False
HLA-J	novel	AFR	1085	203	173	7	2338.82	167.96	2338.82	2114.74	375.84	541.54	8.7	8.7	100.0	False	True
HLA-J	novel	AMR	608	191	168	7	2203.68	155.48	2203.68	2113.16	358.72	519.21	8.7	8.7	100.0	False	True
HLA-J	novel	EAS	349	84	70	6	491.16	62.71	491.16	783.98	153.8	217.45	17.1	17.1	100.0	False	True
HLA-J	novel	EUR	664	195	168	9	1760.64	161.61	1760.64	1708.53	362.75	521.28	11.1	11.1	100.0	False	True
HLA-J	novel	MID	89	33	25	2	187.49	22.78	187.49	108.28	57.72	80.22	17.6	17.6	100.0	False	True
HLA-J	novel	SAS	207	73	64	3	752.37	55.31	752.37	668.94	136.69	197.12	9.7	9.7	100.0	False	True
HLA-J	novel	POOLED	3005	662	582	32	5952.8	585.38	5952.8	7281.13	1243.81	1793.45	11.1	11.1	100.0	False	True
HLA-K	all	AFR	5182	278	218	15	1861.83	238.65	1861.83	2193.1	495.96	698.88	14.9	14.9	100.0	False	True
HLA-K	all	AMR	4515	214	154	12	1201.95	181.55	1201.95	1098.95	367.97	509.91	17.8	17.8	100.0	False	True
HLA-K	all	EAS	2203	113	77	5	705.63	91.34	705.63	439.91	189.97	261.9	16.0	16.0	100.0	False	True
HLA-K	all	EUR	5179	224	167	8	1966.73	189.37	1966.73	1183.6	390.97	549.91	11.4	11.4	100.0	False	True
HLA-K	all	MID	794	61	34	2	349.64	48.76	349.64	168.49	94.96	126.88	17.4	17.4	100.0	False	True
HLA-K	all	SAS	2021	98	60	6	397.85	79.65	397.85	289.05	157.97	211.92	24.6	24.6	100.0	False	True
HLA-K	all	POOLED	19932	737	623	32	6801.21	667.39	6801.21	8148.53	1359.97	1950.91	10.8	10.8	100.0	False	True
HLA-K	known	AFR	2078	7	0	0	7.0	7.0	7.0	7.0	7.0	7.0	100.0	100.0	100.0	False	False
HLA-K	known	AMR	2511	7	0	0	7.0	7.0	7.0	7.0	7.0	7.0	100.0	100.0	100.0	False	False
HLA-K	known	EAS	984	7	0	0	7.0	7.0	7.0	7.0	7.0	7.0	100.0	100.0	100.0	False	False
HLA-K	known	EUR	3350	7	0	0	7.0	7.0	7.0	7.0	7.0	7.0	100.0	100.0	100.0	False	False
HLA-K	known	MID	397	7	0	0	7.0	7.0	7.0	7.0	7.0	7.0	100.0	100.0	100.0	False	False
HLA-K	known	SAS	1252	7	1	0	7.0	6.0	7.0	7.0	8.0	9.0	100.0	100.0	100.0	False	False
HLA-K	known	POOLED	10592	7	0	0	7.0	7.0	7.0	7.0	7.0	7.0	100.0	100.0	100.0	False	False
HLA-K	novel	AFR	3137	271	218	15	1854.63	227.97	1854.63	2186.1	488.93	691.81	14.6	14.6	100.0	False	True
HLA-K	novel	AMR	2032	207	154	12	1194.68	175.5	1194.68	1091.95	360.92	502.79	17.3	17.3	100.0	False	True
HLA-K	novel	EAS	1227	106	77	5	698.42	84.0	698.42	470.19	182.94	254.82	15.2	15.2	100.0	False	True
HLA-K	novel	EUR	1866	217	167	8	1959.13	181.58	1959.13	1176.6	383.91	542.74	11.1	11.1	100.0	False	True
HLA-K	novel	MID	400	54	34	2	342.28	41.26	342.28	169.53	87.91	119.76	15.8	15.8	100.0	False	True
HLA-K	novel	SAS	779	91	59	6	380.71	73.5	380.71	276.01	149.92	202.8	23.9	23.9	100.0	False	True
HLA-K	novel	POOLED	9459	730	623	32	6793.87	649.46	6793.87	8141.53	1352.93	1943.81	10.7	10.7	100.0	False	True
HLA-L	all	AFR	6019	165	135	8	1303.87	131.55	1303.87	1559.15	299.98	426.94	12.7	12.7	100.0	False	True
HLA-L	all	AMR	5404	160	129	12	853.25	130.87	853.25	867.21	288.98	405.94	18.8	18.8	100.0	False	True
HLA-L	all	EAS	2887	82	63	3	743.27	64.21	743.27	656.15	144.98	204.94	11.0	11.0	100.0	False	True
HLA-L	all	EUR	5960	149	125	4	2101.8	118.79	2101.8	1543.56	273.98	394.94	7.1	7.1	100.0	False	True
HLA-L	all	MID	967	43	28	1	434.59	31.07	434.59	316.27	70.97	97.92	9.9	9.9	100.0	False	True
HLA-L	all	SAS	2465	82	61	4	546.94	61.88	546.94	519.85	142.98	199.93	15.0	15.0	100.0	False	True
HLA-L	all	POOLED	23747	558	472	40	3342.68	487.36	3342.68	3976.75	1029.98	1461.95	16.7	16.7	100.0	False	True
HLA-L	known	AFR	2950	6	0	0	6.0	6.0	6.0	6.0	6.0	6.0	100.0	100.0	100.0	False	False
HLA-L	known	AMR	3705	6	0	0	6.0	6.0	6.0	6.0	6.0	6.0	100.0	100.0	100.0	False	False
HLA-L	known	EAS	1824	6	0	0	6.0	6.0	6.0	6.0	6.0	6.0	100.0	100.0	100.0	False	False
HLA-L	known	EUR	4483	6	0	0	6.0	6.0	6.0	6.0	6.0	6.0	100.0	100.0	100.0	False	False
HLA-L	known	MID	623	6	0	0	6.0	6.0	6.0	6.0	6.0	6.0	100.0	100.0	100.0	False	False
HLA-L	known	SAS	1465	6	0	0	6.0	6.0	6.0	6.0	6.0	6.0	100.0	100.0	100.0	False	False
HLA-L	known	POOLED	15086	6	0	0	6.0	6.0	6.0	6.0	6.0	6.0	100.0	100.0	100.0	False	False
HLA-L	novel	AFR	3126	159	135	8	1297.7	127.26	1297.7	1553.15	293.96	420.88	12.3	12.3	100.0	False	True
HLA-L	novel	AMR	1740	154	129	12	846.98	126.07	846.98	861.21	282.93	399.8	18.2	18.2	100.0	False	True
HLA-L	novel	EAS	1084	76	63	3	736.89	57.69	736.89	666.79	138.94	198.83	10.3	10.3	100.0	False	True
HLA-L	novel	EUR	1515	143	125	4	2094.84	115.25	2094.84	1537.56	267.92	388.76	6.8	6.8	100.0	False	True
HLA-L	novel	MID	351	37	28	1	427.88	26.49	427.88	310.27	64.92	91.77	8.6	8.6	100.0	False	True
HLA-L	novel	SAS	1013	76	61	4	540.67	57.61	540.67	674.36	136.94	193.83	14.1	14.1	100.0	False	True
HLA-L	novel	POOLED	8838	552	472	40	3336.48	490.89	3336.48	3970.75	1023.95	1455.85	16.5	16.5	100.0	False	True
HLA-N	all	AFR	6053	54	40	6	187.31	39.31	187.31	176.5	93.99	127.98	28.8	28.8	100.0	False	True
HLA-N	all	AMR	5413	36	24	4	107.99	24.85	107.99	90.49	60.0	79.99	33.3	33.3	100.0	False	True
HLA-N	all	EAS	2913	18	12	1	89.98	11.45	89.98	96.0	30.0	40.99	20.0	20.0	100.0	False	True
HLA-N	all	EUR	5987	37	26	4	121.49	26.69	121.49	149.86	63.0	84.99	30.5	30.5	100.0	False	True
HLA-N	all	MID	969	9	4	0	14.99	6.0	14.99	14.99	13.0	16.99	60.0	60.0	100.0	True	True
HLA-N	all	SAS	2463	18	13	0	95.97	11.11	95.97	138.76	30.99	43.98	18.8	18.8	100.0	True	True
HLA-N	all	POOLED	23844	109	80	7	566.12	87.25	566.12	389.82	189.0	261.99	19.3	19.3	100.0	False	True
HLA-N	known	AFR	4360	4	0	0	4.0	4.0	4.0	4.0	4.0	4.0	100.0	100.0	100.0	False	False
HLA-N	known	AMR	4478	4	0	0	4.0	4.0	4.0	4.0	4.0	4.0	100.0	100.0	100.0	False	False
HLA-N	known	EAS	2097	4	0	0	4.0	4.0	4.0	4.0	4.0	4.0	100.0	100.0	100.0	False	False
HLA-N	known	EUR	5036	4	0	0	4.0	4.0	4.0	4.0	4.0	4.0	100.0	100.0	100.0	False	False
HLA-N	known	MID	807	4	0	0	4.0	4.0	4.0	4.0	4.0	4.0	100.0	100.0	100.0	False	False
HLA-N	known	SAS	2040	4	0	0	4.0	3.0	4.0	4.0	4.0	4.0	100.0	100.0	100.0	False	False
HLA-N	known	POOLED	18857	4	0	0	4.0	4.0	4.0	4.0	4.0	4.0	100.0	100.0	100.0	False	False
HLA-N	novel	AFR	1721	50	40	6	183.26	35.26	183.26	172.5	89.98	123.94	27.3	27.3	100.0	False	True
HLA-N	novel	AMR	972	32	24	4	103.93	21.53	103.93	86.49	55.98	75.94	30.8	30.8	100.0	False	True
HLA-N	novel	EAS	823	14	12	1	85.91	7.82	85.91	92.0	25.99	36.96	16.3	16.3	100.0	False	True
HLA-N	novel	EUR	970	33	26	4	117.41	21.15	117.41	145.86	58.97	80.93	28.1	28.1	100.0	False	True
HLA-N	novel	MID	166	5	4	0	10.96	2.0	10.96	10.96	8.98	12.93	45.6	45.6	100.0	True	True
HLA-N	novel	SAS	431	14	13	0	91.82	7.05	91.82	91.82	26.97	39.91	15.2	15.2	100.0	True	True
HLA-N	novel	POOLED	5090	105	80	7	562.05	82.73	562.05	385.82	184.98	257.96	18.7	18.7	100.0	False	True
HLA-P	all	AFR	6019	140	112	7	1035.85	113.33	1035.85	1351.38	251.98	356.95	13.5	13.5	100.0	False	True
HLA-P	all	AMR	5374	135	115	2	3440.63	107.14	3440.63	3578.1	249.98	362.94	3.9	3.9	100.0	False	True
HLA-P	all	EAS	2896	83	64	6	424.22	63.65	424.22	640.2	146.98	204.94	19.6	19.6	100.0	False	True
HLA-P	all	EUR	5952	166	140	6	1799.06	136.89	1799.06	2292.95	305.98	439.93	9.2	9.2	100.0	False	True
HLA-P	all	MID	954	30	15	1	142.38	22.45	142.38	97.99	44.98	58.96	21.1	21.1	100.0	False	True
HLA-P	all	SAS	2460	77	61	1	1936.74	58.75	1936.74	744.61	137.98	197.93	4.0	4.0	100.0	False	True
HLA-P	all	POOLED	23700	501	432	28	3833.43	443.64	3833.43	4293.18	932.98	1336.95	13.1	13.1	100.0	False	True
HLA-P	known	AFR	3173	5	0	0	5.0	5.0	5.0	5.0	5.0	5.0	100.0	100.0	100.0	False	False
HLA-P	known	AMR	3236	5	0	0	5.0	5.0	5.0	5.0	5.0	5.0	100.0	100.0	100.0	False	False
HLA-P	known	EAS	1133	5	0	0	5.0	5.0	5.0	5.0	5.0	5.0	100.0	100.0	100.0	False	False
HLA-P	known	EUR	4105	5	0	0	5.0	5.0	5.0	5.0	5.0	5.0	100.0	100.0	100.0	False	False
HLA-P	known	MID	544	5	0	0	5.0	5.0	5.0	5.0	5.0	5.0	100.0	100.0	100.0	False	False
HLA-P	known	SAS	1338	5	0	0	5.0	5.0	5.0	5.0	5.0	5.0	100.0	100.0	100.0	False	False
HLA-P	known	POOLED	13553	5	0	0	5.0	5.0	5.0	5.0	5.0	5.0	100.0	100.0	100.0	False	False
HLA-P	novel	AFR	2899	135	112	7	1030.69	107.15	1030.69	1346.38	246.96	351.89	13.1	13.1	100.0	False	True
HLA-P	novel	AMR	2194	130	115	2	3434.74	102.97	3434.74	3573.1	244.95	357.85	3.8	3.8	100.0	False	True
HLA-P	novel	EAS	1782	78	64	6	419.14	59.02	419.14	635.2	141.96	199.9	18.6	18.6	100.0	False	True
HLA-P	novel	EUR	1885	161	140	6	1793.47	130.38	1793.47	2287.95	300.93	434.79	9.0	9.0	100.0	False	True
HLA-P	novel	MID	416	25	15	1	137.23	18.12	137.23	92.99	39.96	53.9	18.2	18.2	100.0	False	True
HLA-P	novel	SAS	1137	72	61	1	1930.86	55.46	1930.86	739.61	132.95	192.84	3.7	3.7	100.0	False	True
HLA-P	novel	POOLED	10334	496	432	28	3828.25	437.57	3828.25	4288.18	927.96	1331.88	13.0	13.0	100.0	False	True
HLA-S	all	AFR	6020	74	49	7	245.47	58.79	245.47	260.29	122.99	164.98	30.1	30.1	100.0	False	True
HLA-S	all	AMR	5356	68	46	4	332.45	52.62	332.45	339.41	113.99	155.98	20.5	20.5	100.0	False	True
HLA-S	all	EAS	2889	47	32	1	558.82	34.28	558.82	580.95	78.99	109.97	8.4	8.4	100.0	False	True
HLA-S	all	EUR	5955	66	47	1	1170.31	50.02	1170.31	390.76	112.99	158.98	5.6	5.6	100.0	False	True
HLA-S	all	MID	966	23	8	2	38.98	18.11	38.98	35.4	30.99	36.98	59.0	59.0	100.0	False	True
HLA-S	all	SAS	2449	41	24	3	136.96	29.77	136.96	220.55	64.99	85.97	29.9	29.9	100.0	False	True
HLA-S	all	POOLED	23681	207	161	16	1017.0	173.1	1017.0	1127.95	367.99	512.98	20.4	20.4	100.0	False	True
HLA-S	known	AFR	5007	6	0	0	6.0	6.0	6.0	6.0	6.0	6.0	100.0	100.0	100.0	False	False
HLA-S	known	AMR	4169	6	0	0	6.0	6.0	6.0	6.0	6.0	6.0	100.0	100.0	100.0	False	False
HLA-S	known	EAS	2392	6	0	0	6.0	6.0	6.0	6.0	6.0	6.0	100.0	100.0	100.0	False	False
HLA-S	known	EUR	4983	6	0	0	6.0	6.0	6.0	6.0	6.0	6.0	100.0	100.0	100.0	False	False
HLA-S	known	MID	782	6	0	0	6.0	6.0	6.0	6.0	6.0	6.0	100.0	100.0	100.0	False	False
HLA-S	known	SAS	1939	6	0	0	6.0	6.0	6.0	6.0	6.0	6.0	100.0	100.0	100.0	False	False
HLA-S	known	POOLED	19305	6	0	0	6.0	6.0	6.0	6.0	6.0	6.0	100.0	100.0	100.0	False	False
HLA-S	novel	AFR	1042	68	49	7	239.34	51.49	239.34	254.29	116.95	158.88	28.4	28.4	100.0	False	True
HLA-S	novel	AMR	1225	62	46	4	326.28	46.57	326.28	333.41	107.96	149.9	19.0	19.0	100.0	False	True
HLA-S	novel	EAS	510	41	32	1	552.0	28.7	552.0	574.95	72.94	103.82	7.4	7.4	100.0	False	True
HLA-S	novel	EUR	1002	60	47	1	1163.4	44.01	1163.4	384.76	106.95	152.86	5.2	5.2	100.0	False	True
HLA-S	novel	MID	186	17	8	2	32.91	11.99	32.91	29.4	24.96	30.9	51.6	51.6	100.0	False	True
HLA-S	novel	SAS	517	35	24	3	130.81	25.07	130.81	214.55	58.95	79.88	26.8	26.8	100.0	False	True
HLA-S	novel	POOLED	4495	201	161	16	1010.85	165.59	1010.85	1121.95	361.96	506.9	19.9	19.9	100.0	False	True
HLA-T	all	AFR	5212	103	77	10	399.39	82.16	399.39	716.8	179.99	246.96	25.8	25.8	100.0	False	True
HLA-T	all	AMR	4531	93	69	7	433.0	73.83	433.0	744.5	161.98	223.96	21.5	21.5	100.0	False	True
HLA-T	all	EAS	2218	47	29	4	152.08	35.85	152.08	191.83	75.99	100.97	30.9	30.9	100.0	False	True
HLA-T	all	EUR	5223	94	70	6	502.26	74.23	502.26	733.75	163.99	227.96	18.7	18.7	100.0	False	True
HLA-T	all	MID	786	26	10	0	70.94	20.25	70.94	52.62	35.99	45.96	36.6	36.6	100.0	True	True
HLA-T	all	SAS	2032	40	25	0	339.85	30.12	339.85	191.18	64.99	89.96	11.8	11.8	100.0	True	True
HLA-T	all	POOLED	20041	298	243	25	1478.92	256.77	1478.92	1642.21	540.99	758.97	20.1	20.1	100.0	False	True
HLA-T	known	AFR	2316	7	0	0	7.0	7.0	7.0	7.0	7.0	7.0	100.0	100.0	100.0	False	False
HLA-T	known	AMR	2597	7	0	0	7.0	7.0	7.0	7.0	7.0	7.0	100.0	100.0	100.0	False	False
HLA-T	known	EAS	1275	7	0	0	7.0	7.0	7.0	7.0	7.0	7.0	100.0	100.0	100.0	False	False
HLA-T	known	EUR	3341	7	0	0	7.0	7.0	7.0	7.0	7.0	7.0	100.0	100.0	100.0	False	False
HLA-T	known	MID	406	7	0	0	7.0	7.0	7.0	7.0	7.0	7.0	100.0	100.0	100.0	False	False
HLA-T	known	SAS	1121	7	0	0	7.0	7.0	7.0	7.0	7.0	7.0	100.0	100.0	100.0	False	False
HLA-T	known	POOLED	11077	7	0	0	7.0	7.0	7.0	7.0	7.0	7.0	100.0	100.0	100.0	False	False
HLA-T	novel	AFR	2941	96	77	10	392.35	74.97	392.35	709.8	172.97	239.93	24.5	24.5	100.0	False	True
HLA-T	novel	AMR	1967	86	69	7	425.9	65.87	425.9	737.5	154.96	216.91	20.2	20.2	100.0	False	True
HLA-T	novel	EAS	953	40	29	4	145.01	28.53	145.01	142.62	68.97	93.92	27.6	27.6	100.0	False	True
HLA-T	novel	EUR	1918	87	70	6	495.12	67.19	495.12	726.75	156.96	220.9	17.6	17.6	100.0	False	True
HLA-T	novel	MID	382	19	10	0	63.88	13.18	63.88	45.62	28.97	38.92	29.7	29.7	100.0	True	True
HLA-T	novel	SAS	918	33	25	0	332.67	23.23	332.67	184.18	57.97	82.92	9.9	9.9	100.0	True	True
HLA-T	novel	POOLED	9097	291	243	25	1471.85	241.67	1471.85	1635.21	533.97	751.93	19.8	19.8	100.0	False	True
HLA-U	all	AFR	5187	86	55	5	388.44	69.17	388.44	349.94	140.99	190.97	22.1	22.1	100.0	False	True
HLA-U	all	AMR	4508	72	47	6	256.04	55.31	256.04	406.07	118.99	159.97	28.1	28.1	100.0	False	True
HLA-U	all	EAS	2216	37	21	2	147.2	27.13	147.2	121.19	57.99	76.97	25.1	25.1	100.0	False	True
HLA-U	all	EUR	5186	81	59	6	371.03	63.59	371.03	556.36	139.99	192.97	21.8	21.8	100.0	False	True
HLA-U	all	MID	798	26	9	2	46.22	20.25	46.99	46.76	34.99	41.97	56.2	55.3	100.0	False	False
HLA-U	all	SAS	2025	34	19	0	204.92	25.63	204.92	113.49	52.99	71.97	16.6	16.6	100.0	True	True
HLA-U	all	POOLED	19958	235	188	14	1497.22	199.81	1497.22	1842.38	422.99	596.97	15.7	15.7	100.0	False	True
HLA-U	known	AFR	1214	4	0	0	4.0	4.0	4.0	4.0	4.0	4.0	100.0	100.0	100.0	False	False
HLA-U	known	AMR	1131	4	0	0	4.0	4.0	4.0	4.0	4.0	4.0	100.0	100.0	100.0	False	False
HLA-U	known	EAS	184	4	0	0	4.0	4.0	4.0	4.0	4.0	4.0	100.0	100.0	100.0	False	False
HLA-U	known	EUR	2043	4	0	0	4.0	4.0	4.0	4.0	4.0	4.0	100.0	100.0	100.0	False	False
HLA-U	known	MID	264	4	0	0	4.0	4.0	4.0	4.0	4.0	4.0	100.0	100.0	100.0	False	False
HLA-U	known	SAS	653	4	0	0	4.0	4.0	4.0	4.0	4.0	4.0	100.0	100.0	100.0	False	False
HLA-U	known	POOLED	5496	4	0	0	4.0	4.0	4.0	4.0	4.0	4.0	100.0	100.0	100.0	False	False
HLA-U	novel	AFR	3999	82	55	5	384.42	64.18	384.42	345.94	136.99	186.96	21.3	21.3	100.0	False	True
HLA-U	novel	AMR	3402	68	47	6	252.03	52.49	252.03	402.07	114.99	155.96	27.0	27.0	100.0	False	True
HLA-U	novel	EAS	2034	33	21	2	143.2	23.93	143.2	119.07	53.99	72.97	23.0	23.0	100.0	False	True
HLA-U	novel	EUR	3191	77	59	6	366.99	58.55	366.99	552.36	135.98	188.95	21.0	21.0	100.0	False	True
HLA-U	novel	MID	537	22	9	2	42.21	16.0	42.21	42.76	30.98	37.96	52.1	52.1	100.0	False	True
HLA-U	novel	SAS	1377	30	19	0	200.88	20.82	200.88	109.49	48.99	67.96	14.9	14.9	100.0	True	True
HLA-U	novel	POOLED	14571	231	188	14	1493.2	192.58	1493.2	1838.38	418.99	592.96	15.5	15.5	100.0	False	True
HLA-V	all	AFR	6018	143	124	3	2705.24	116.36	2705.24	4399.12	266.98	387.94	5.3	5.3	100.0	False	True
HLA-V	all	AMR	5378	125	104	6	1026.17	101.01	1026.17	1195.45	228.98	326.95	12.2	12.2	100.0	False	True
HLA-V	all	EAS	2892	63	51	1	1363.05	47.01	1363.05	1021.87	113.98	163.95	4.6	4.6	100.0	False	True
HLA-V	all	EUR	5961	128	106	5	1251.41	101.98	1251.41	1072.02	233.98	334.95	10.2	10.2	100.0	False	True
HLA-V	all	MID	959	31	18	1	192.83	23.12	192.83	140.64	48.98	65.95	16.1	16.1	100.0	False	True
HLA-V	all	SAS	2458	67	51	2	716.99	51.07	716.99	429.35	117.98	166.94	9.3	9.3	100.0	False	True
HLA-V	all	POOLED	23711	440	380	22	3721.68	388.18	3721.68	4031.8	819.98	1177.95	11.8	11.8	100.0	False	True
HLA-V	known	AFR	3294	4	0	0	4.0	4.0	4.0	4.0	4.0	4.0	100.0	100.0	100.0	False	False
HLA-V	known	AMR	3875	4	0	0	4.0	4.0	4.0	4.0	4.0	4.0	100.0	100.0	100.0	False	False
HLA-V	known	EAS	1956	4	0	0	4.0	4.0	4.0	4.0	4.0	4.0	100.0	100.0	100.0	False	False
HLA-V	known	EUR	4704	4	0	0	4.0	4.0	4.0	4.0	4.0	4.0	100.0	100.0	100.0	False	False
HLA-V	known	MID	654	4	0	0	4.0	4.0	4.0	4.0	4.0	4.0	100.0	100.0	100.0	False	False
HLA-V	known	SAS	1607	4	0	0	4.0	4.0	4.0	4.0	4.0	4.0	100.0	100.0	100.0	False	False
HLA-V	known	POOLED	16125	4	0	0	4.0	4.0	4.0	4.0	4.0	4.0	100.0	100.0	100.0	False	False
HLA-V	novel	AFR	2782	139	124	3	2700.75	112.16	2700.75	4395.12	262.96	383.87	5.1	5.1	100.0	False	True
HLA-V	novel	AMR	1543	121	104	6	1021.75	94.93	1021.75	1191.45	224.93	322.81	11.8	11.8	100.0	False	True
HLA-V	novel	EAS	955	59	51	1	1358.14	44.15	1358.14	1017.87	109.95	159.84	4.3	4.3	100.0	False	True
HLA-V	novel	EUR	1291	124	106	5	1246.73	99.09	1246.73	1068.02	229.92	330.77	9.9	9.9	100.0	False	True
HLA-V	novel	MID	314	27	18	1	188.48	18.94	188.48	136.64	44.94	61.84	14.3	14.3	100.0	False	True
HLA-V	novel	SAS	863	63	51	2	712.5	46.32	712.5	425.35	113.94	162.83	8.8	8.8	100.0	False	True
HLA-V	novel	POOLED	7758	436	380	22	3717.4	372.28	3717.4	4027.8	815.95	1173.86	11.7	11.7	100.0	False	True
HLA-W	all	AFR	5917	216	148	17	860.13	187.07	860.13	1092.7	363.97	494.93	25.1	25.1	100.0	False	True
HLA-W	all	AMR	5364	223	160	11	1386.42	191.18	1386.42	1106.09	382.97	531.92	16.1	16.1	100.0	False	True
HLA-W	all	EAS	2795	115	73	9	410.95	93.09	410.95	370.21	187.97	251.93	28.0	28.0	100.0	False	True
HLA-W	all	EUR	5958	233	174	14	1314.1	195.35	1314.1	1382.25	406.97	566.92	17.7	17.7	100.0	False	True
HLA-W	all	MID	969	65	32	7	138.07	53.01	138.07	148.39	96.97	121.92	47.1	47.1	100.0	False	True
HLA-W	all	SAS	2480	102	65	4	629.91	81.95	629.91	397.19	166.97	227.93	16.2	16.2	100.0	False	True
HLA-W	all	POOLED	23528	686	537	52	3458.66	613.39	3458.66	4332.99	1222.98	1707.94	19.8	19.8	100.0	False	True
HLA-W	known	AFR	899	10	1	1	10.5	8.0	11.0	11.0	11.0	11.0	95.2	90.9	100.0	False	False
HLA-W	known	AMR	1812	10	0	0	10.0	10.0	10.0	10.0	10.0	10.0	100.0	100.0	100.0	False	False
HLA-W	known	EAS	832	9	0	0	9.0	8.0	9.0	9.0	9.0	9.0	100.0	100.0	100.0	False	False
HLA-W	known	EUR	2385	11	1	0	11.0	10.0	11.0	11.0	12.0	13.0	100.0	100.0	100.0	False	False
HLA-W	known	MID	275	8	2	1	9.99	6.0	10.99	10.3	9.99	10.99	80.1	72.8	100.0	False	False
HLA-W	known	SAS	798	10	2	0	11.0	8.0	11.0	11.3	12.0	13.99	90.9	90.9	100.0	True	False
HLA-W	known	POOLED	7015	12	1	0	12.0	11.0	12.0	12.0	13.0	14.0	100.0	100.0	100.0	False	False
HLA-W	novel	AFR	5041	206	147	16	881.15	175.32	881.15	1094.05	352.97	483.92	23.4	23.4	100.0	False	True
HLA-W	novel	AMR	3587	213	160	11	1376.31	179.24	1376.31	1123.1	372.96	521.88	15.5	15.5	100.0	False	True
HLA-W	novel	EAS	1976	106	73	9	401.91	83.17	401.91	376.83	178.96	242.9	26.4	26.4	100.0	False	True
HLA-W	novel	EUR	3625	222	173	14	1290.6	186.04	1290.6	1358.45	394.95	553.87	17.2	17.2	100.0	False	True
HLA-W	novel	MID	699	57	30	6	131.89	43.53	131.89	136.91	86.96	110.9	43.2	43.2	100.0	False	True
HLA-W	novel	SAS	1690	92	63	4	587.83	72.29	587.83	404.29	154.96	213.9	15.7	15.7	100.0	False	True
HLA-W	novel	POOLED	16649	674	536	52	3436.3	600.55	3436.3	4307.82	1209.97	1693.91	19.6	19.6	100.0	False	True
HLA-Y	all	AFR	1310	42	37	1	725.98	29.36	725.98	678.52	78.97	114.92	5.8	5.8	100.0	False	True
HLA-Y	all	AMR	951	29	24	0	304.71	18.31	304.71	272.68	52.97	76.92	9.5	9.5	100.0	True	True
HLA-Y	all	EAS	578	23	16	1	150.78	15.69	150.78	82.39	38.97	53.92	15.3	15.3	100.0	False	True
HLA-Y	all	EUR	533	16	11	1	76.39	9.67	76.39	68.39	26.98	36.94	20.9	20.9	100.0	False	True
HLA-Y	all	MID	140	6	4	0	11.96	3.0	11.96	11.96	9.97	13.91	50.2	50.2	100.0	True	True
HLA-Y	all	SAS	402	9	6	0	23.96	4.0	23.96	41.16	14.99	20.96	37.6	37.6	100.0	True	True
HLA-Y	all	POOLED	3919	99	86	3	1331.35	74.95	1331.35	794.19	184.98	267.94	7.4	7.4	100.0	False	True
HLA-Y	known	AFR	898	2	1	0	2.0	1.0	2.0	2.0	3.0	4.0	100.0	100.0	100.0	False	False
HLA-Y	known	AMR	709	2	0	0	2.0	1.0	2.0	2.0	2.0	2.0	100.0	100.0	100.0	False	False
HLA-Y	known	EAS	480	2	0	0	2.0	2.0	2.0	2.0	2.0	2.0	100.0	100.0	100.0	False	False
HLA-Y	known	EUR	338	2	0	1	2.0	1.0	2.0	2.0	2.0	1.01	100.0	100.0	100.0	False	False
HLA-Y	known	MID	89	1	0	0	1.0	1.0	1.0	1.0	1.0	1.0	100.0	100.0	100.0	False	False
HLA-Y	known	SAS	347	1	0	0	1.0	1.0	1.0	1.0	1.0	1.0	100.0	100.0	100.0	False	False
HLA-Y	known	POOLED	2865	2	0	0	2.0	2.0	2.0	2.0	2.0	2.0	100.0	100.0	100.0	False	False
HLA-Y	novel	AFR	413	40	36	1	686.43	26.9	686.43	643.11	75.91	110.75	5.8	5.8	100.0	False	True
HLA-Y	novel	AMR	243	27	24	0	301.86	16.49	301.86	504.94	50.9	74.7	8.9	8.9	100.0	True	True
HLA-Y	novel	EAS	98	21	16	1	147.69	13.58	147.69	80.39	36.84	51.54	14.2	14.2	100.0	False	True
HLA-Y	novel	EUR	195	14	11	0	68.72	8.14	68.72	81.76	24.94	35.83	20.4	20.4	100.0	True	True
HLA-Y	novel	MID	51	5	4	0	10.88	2.0	10.88	10.88	8.92	12.76	45.9	45.9	100.0	True	True
HLA-Y	novel	SAS	55	8	6	0	22.73	3.49	22.73	40.16	13.89	19.67	35.2	35.2	100.0	True	True
HLA-Y	novel	POOLED	1056	97	86	3	1328.5	74.11	1328.5	792.19	182.92	265.76	7.3	7.3	100.0	False	True
MICA	all	AFR	5706	409	287	29	1828.91	360.08	1828.91	2000.47	695.95	953.86	22.4	22.4	100.0	False	True
MICA	all	AMR	5004	359	246	16	2249.75	312.92	2249.75	2059.07	604.95	834.86	16.0	16.0	100.0	False	True
MICA	all	EAS	2749	222	135	20	677.46	188.54	677.46	685.26	356.95	471.87	32.8	32.8	100.0	False	True
MICA	all	EUR	5713	382	272	14	3023.82	336.7	3023.82	2174.31	653.95	911.86	12.6	12.6	100.0	False	True
MICA	all	MID	932	128	56	9	302.04	108.66	302.04	215.05	183.94	230.85	42.4	42.4	100.0	False	True
MICA	all	SAS	2377	186	118	9	959.23	156.77	959.23	793.72	303.95	412.86	19.4	19.4	100.0	False	True
MICA	all	POOLED	22526	1138	901	70	6936.32	1042.53	6936.32	8517.61	2038.96	2869.89	16.4	16.4	100.0	False	True
MICA	known	AFR	3409	86	16	8	102.0	77.04	102.0	99.82	102.0	109.99	84.3	84.3	100.0	False	True
MICA	known	AMR	3161	95	20	8	119.99	83.82	119.99	120.42	114.99	126.99	79.2	79.2	100.0	False	True
MICA	known	EAS	1471	66	12	10	73.2	58.04	80.22	75.46	77.99	80.0	90.2	82.3	100.0	False	False
MICA	known	EUR	3886	90	13	7	102.07	82.56	109.16	99.05	103.0	109.0	88.2	82.4	100.0	False	False
MICA	known	MID	595	62	12	6	73.98	54.08	77.79	69.44	73.98	79.97	83.8	79.7	100.0	False	False
MICA	known	SAS	1452	54	12	3	77.98	46.82	77.98	67.62	65.99	74.98	69.2	69.2	100.0	False	True
MICA	known	POOLED	14001	128	21	10	150.05	117.24	150.05	150.77	149.0	160.0	85.3	85.3	100.0	False	True
MICA	novel	AFR	2328	323	271	21	2070.84	275.13	2070.84	3271.48	593.88	843.68	15.6	15.6	100.0	False	True
MICA	novel	AMR	1875	264	226	8	3454.55	223.11	3454.55	3636.73	489.88	707.65	7.6	7.6	100.0	False	True
MICA	novel	EAS	1294	156	123	10	911.87	128.79	911.87	1107.97	278.9	391.74	17.1	17.1	100.0	False	True
MICA	novel	EUR	1869	292	259	7	5080.94	250.59	5080.94	4254.79	550.86	802.6	5.7	5.7	100.0	False	True
MICA	novel	MID	338	66	44	3	387.71	51.66	387.71	224.83	109.87	150.64	17.0	17.0	100.0	False	True
MICA	novel	SAS	940	132	106	6	1067.34	107.55	1067.34	1243.71	237.89	337.68	12.4	12.4	100.0	False	True
MICA	novel	POOLED	8662	1010	880	60	7462.59	922.31	7462.59	9678.47	1889.9	2709.72	13.5	13.5	100.0	False	True
MICB	all	AFR	5786	335	255	27	1538.96	287.63	1538.96	1669.48	589.96	817.88	21.8	21.8	100.0	False	True
MICB	all	AMR	5210	348	266	30	1527.04	299.69	1527.04	2088.84	613.95	849.86	22.8	22.8	100.0	False	True
MICB	all	EAS	2826	181	137	16	767.32	151.59	767.32	898.16	317.95	438.87	23.6	23.6	100.0	False	True
MICB	all	EUR	5763	389	303	21	2574.55	339.07	2574.55	2258.11	691.95	973.85	15.1	15.1	100.0	False	True
MICB	all	MID	935	93	56	9	267.04	74.56	267.04	223.63	148.94	195.85	34.8	34.8	100.0	False	True
MICB	all	SAS	2378	173	133	8	1278.1	140.4	1278.1	1096.14	305.94	430.84	13.5	13.5	100.0	False	True
MICB	all	POOLED	22942	1100	899	69	6956.27	1000.04	6956.27	7697.72	1998.96	2828.89	15.8	15.8	100.0	False	True
MICB	known	AFR	569	44	11	6	54.07	36.65	61.17	53.41	54.98	59.97	81.4	71.9	100.0	False	False
MICB	known	AMR	854	45	12	5	59.38	37.62	71.09	56.36	56.99	63.98	75.8	63.3	100.0	False	False
MICB	known	EAS	444	28	10	6	36.31	21.26	45.2	38.7	37.98	41.97	77.1	61.9	100.0	False	False
MICB	known	EUR	1193	54	17	4	90.09	44.89	90.09	73.83	70.99	83.97	59.9	59.9	100.0	False	True
MICB	known	MID	114	33	11	6	42.99	26.12	53.31	41.57	43.9	48.87	76.8	61.9	100.0	False	False
MICB	known	SAS	288	30	11	2	60.14	23.5	60.14	43.8	40.96	49.91	49.9	49.9	100.0	False	True
MICB	known	POOLED	3468	68	15	10	79.25	60.0	90.16	87.43	83.0	88.0	85.8	75.4	100.0	False	False
MICB	novel	AFR	5228	291	244	21	1708.25	246.23	1708.25	2180.36	534.95	757.87	17.0	17.0	100.0	False	True
MICB	novel	AMR	4367	303	254	25	1593.02	260.9	1593.02	2969.32	556.94	785.84	19.0	19.0	100.0	False	True
MICB	novel	EAS	2388	153	127	10	959.11	123.53	959.11	1276.66	279.95	396.85	16.0	16.0	100.0	False	True
MICB	novel	EUR	4582	335	286	17	2740.24	286.87	2740.24	2810.23	620.94	889.82	12.2	12.2	100.0	False	True
MICB	novel	MID	821	60	45	3	397.09	45.94	397.09	305.3	104.95	146.85	15.1	15.1	100.0	False	True
MICB	novel	SAS	2092	143	122	6	1382.74	114.9	1382.74	1671.05	264.94	380.83	10.3	10.3	100.0	False	True
MICB	novel	POOLED	19516	1032	884	59	7654.17	943.52	7654.17	8273.33	1915.95	2740.87	13.5	13.5	100.0	False	True
TAP1	all	AFR	5925	367	311	15	3590.49	318.91	3590.49	3427.26	677.95	973.85	10.2	10.2	100.0	False	True
TAP1	all	AMR	5303	326	277	26	1801.28	279.23	1801.28	2998.44	602.95	853.86	18.1	18.1	100.0	False	True
TAP1	all	EAS	2876	183	161	6	2342.33	149.34	2342.33	1998.74	343.94	498.84	7.8	7.8	100.0	False	True
TAP1	all	EUR	5890	317	279	15	2911.26	273.67	2911.26	3925.99	595.95	859.87	10.9	10.9	100.0	False	True
TAP1	all	MID	951	71	53	5	351.6	54.19	351.6	416.4	123.94	171.85	20.2	20.2	100.0	False	True
TAP1	all	SAS	2434	136	119	4	1905.4	108.02	1905.4	2387.4	254.95	369.86	7.1	7.1	100.0	False	True
TAP1	all	POOLED	23425	1185	1034	68	9046.11	1080.68	9046.11	11226.33	2218.96	3184.88	13.1	13.1	100.0	False	True
TAP1	known	AFR	1232	5	0	0	5.0	5.0	5.0	5.0	5.0	5.0	100.0	100.0	100.0	False	False
TAP1	known	AMR	2190	5	0	0	5.0	5.0	5.0	5.0	5.0	5.0	100.0	100.0	100.0	False	False
TAP1	known	EAS	1074	5	0	0	5.0	5.0	5.0	5.0	5.0	5.0	100.0	100.0	100.0	False	False
TAP1	known	EUR	2912	5	0	0	5.0	5.0	5.0	5.0	5.0	5.0	100.0	100.0	100.0	False	False
TAP1	known	MID	433	5	0	0	5.0	5.0	5.0	5.0	5.0	5.0	100.0	100.0	100.0	False	False
TAP1	known	SAS	1153	4	0	0	4.0	4.0	4.0	4.0	4.0	4.0	100.0	100.0	100.0	False	False
TAP1	known	POOLED	9002	5	0	0	5.0	5.0	5.0	5.0	5.0	5.0	100.0	100.0	100.0	False	False
TAP1	novel	AFR	4722	362	311	15	3585.35	311.72	3585.35	3422.26	672.93	968.81	10.1	10.1	100.0	False	True
TAP1	novel	AMR	3149	321	277	26	1796.09	274.54	1796.09	2993.44	597.91	848.76	17.9	17.9	100.0	False	True
TAP1	novel	EAS	1812	178	161	6	2336.89	145.88	2336.89	1941.48	338.91	493.74	7.6	7.6	100.0	False	True
TAP1	novel	EUR	3014	312	279	15	2905.84	264.25	2905.84	3920.99	590.91	854.74	10.7	10.7	100.0	False	True
TAP1	novel	MID	523	66	53	5	346.36	50.24	346.36	381.36	118.9	166.72	19.1	19.1	100.0	False	True
TAP1	novel	SAS	1294	132	119	4	1900.76	103.5	1900.76	2383.4	250.91	365.73	6.9	6.9	100.0	False	True
TAP1	novel	POOLED	14552	1180	1034	68	9040.9	1076.87	9040.9	11221.33	2213.93	3179.8	13.1	13.1	100.0	False	True
TAP2	all	AFR	5960	433	317	19	3077.0	386.31	3077.0	2459.4	749.95	1047.85	14.1	14.1	100.0	False	True
TAP2	all	AMR	5340	391	272	29	1666.35	346.18	1666.35	1979.7	662.95	905.86	23.5	23.5	100.0	False	True
TAP2	all	EAS	2887	257	189	9	2240.81	217.93	2240.81	1260.34	445.93	625.81	11.5	11.5	100.0	False	True
TAP2	all	EUR	5922	428	315	22	2682.73	378.34	2682.73	2412.63	742.95	1035.85	16.0	16.0	100.0	False	True
TAP2	all	MID	953	136	74	18	287.95	112.65	287.95	329.79	209.92	265.82	47.2	47.2	100.0	False	True
TAP2	all	SAS	2449	204	137	11	1056.79	173.09	1056.79	883.68	340.94	466.85	19.3	19.3	100.0	False	True
TAP2	all	POOLED	23557	1345	1107	62	11227.23	1238.71	11227.23	11308.81	2451.95	3496.87	12.0	12.0	100.0	False	True
TAP2	known	AFR	1962	61	10	3	77.66	54.12	77.66	69.63	70.99	77.99	78.5	78.5	100.0	False	True
TAP2	known	AMR	2247	61	7	6	65.08	55.11	80.01	67.08	68.0	69.0	93.7	76.2	100.0	False	False
TAP2	known	EAS	1074	46	11	3	66.15	39.14	66.15	54.0	56.99	64.98	69.5	69.5	100.0	False	True
TAP2	known	EUR	3150	69	6	7	71.57	63.71	83.99	72.87	75.0	74.0	96.4	82.1	100.0	False	False
TAP2	known	MID	453	45	7	7	48.49	39.31	58.96	49.99	51.98	52.0	92.8	76.3	100.0	False	False
TAP2	known	SAS	974	46	10	3	62.65	39.95	71.54	56.1	55.99	62.98	73.4	64.3	100.0	False	False
TAP2	known	POOLED	9879	75	3	3	76.5	71.17	85.5	76.26	78.0	78.0	98.0	87.7	100.0	False	False
TAP2	novel	AFR	4038	372	307	16	3316.55	320.61	3316.55	3101.85	678.92	969.78	11.2	11.2	100.0	False	True
TAP2	novel	AMR	3130	330	265	23	1856.14	280.98	1856.14	2374.28	594.92	836.77	17.8	17.8	100.0	False	True
TAP2	novel	EAS	1826	211	178	6	2849.89	174.41	2849.89	2245.98	388.9	560.72	7.4	7.4	100.0	False	True
TAP2	novel	EUR	2818	359	309	15	3540.57	310.39	3540.57	3276.5	667.89	961.69	10.1	10.1	100.0	False	True
TAP2	novel	MID	505	91	67	11	294.64	69.87	294.64	440.95	157.87	213.67	30.9	30.9	100.0	False	True
TAP2	novel	SAS	1490	158	127	8	1165.39	130.09	1165.39	1232.33	284.91	403.76	13.6	13.6	100.0	False	True
TAP2	novel	POOLED	13834	1270	1104	59	11598.2	1164.91	11598.2	12114.34	2373.92	3418.77	10.9	10.9	100.0	False	True
