gene	ancestry	field_class	n_person_genes	mean_alleles_matching	frac_both_match	frac_zero_match	thin_n
A	AFR	f2_protein	132	0.9848484848484849	0.0	0.015151515151515152	False
A	AFR	f4_noncoding	149	1.832214765100671	0.8322147651006712	0.0	False
A	AFR	known	2094	1.8624641833810889	0.8658070678127985	0.0033428844317096467	False
A	AMR	f2_protein	55	0.9818181818181818	0.0	0.01818181818181818	False
A	AMR	f3_synonymous	<20	2.0	1.0	0.0	True
A	AMR	f4_noncoding	70	1.8285714285714285	0.8285714285714286	0.0	False
A	AMR	known	1541	1.9065541855937702	0.9104477611940298	0.003893575600259572	False
A	EAS	f2_protein	59	1.0	0.0	0.0	False
A	EAS	f4_noncoding	71	1.8732394366197183	0.8873239436619719	0.014084507042253521	False
A	EAS	known	1167	1.8963153384747216	0.897172236503856	0.000856898029134533	False
A	EUR	f2_protein	68	1.0	0.0	0.0	False
A	EUR	f3_synonymous	<20	2.0	1.0	0.0	True
A	EUR	f4_noncoding	71	1.8732394366197183	0.8732394366197183	0.0	False
A	EUR	known	1228	1.9185667752442996	0.9185667752442996	0.0	False
A	MID	f2_protein	<20	1.0	0.0	0.0	True
A	MID	f4_noncoding	<20	2.0	1.0	0.0	True
A	MID	known	278	1.9064748201438848	0.9064748201438849	0.0	False
A	SAS	f2_protein	45	0.9777777777777777	0.0	0.022222222222222223	True
A	SAS	f3_synonymous	<20	2.0	1.0	0.0	True
A	SAS	f4_noncoding	56	1.8571428571428572	0.8571428571428571	0.0	False
A	SAS	known	1058	1.9281663516068053	0.9328922495274102	0.004725897920604915	False
B	AFR	f2_protein	153	0.9869281045751634	0.0	0.013071895424836602	False
B	AFR	f4_noncoding	472	1.9152542372881356	0.9152542372881356	0.0	False
B	AFR	known	1761	1.892106757524134	0.8938103350369109	0.0017035775127768314	False
B	AMR	f2_protein	77	0.974025974025974	0.0	0.025974025974025976	False
B	AMR	f3_synonymous	<20	1.0	0.5	0.5	True
B	AMR	f4_noncoding	299	1.9364548494983278	0.9431438127090301	0.006688963210702341	False
B	AMR	known	1290	1.9015503875968993	0.9015503875968992	0.0	False
B	EAS	f2_protein	85	0.9882352941176471	0.0	0.011764705882352941	False
B	EAS	f4_noncoding	212	1.9103773584905661	0.910377358490566	0.0	False
B	EAS	known	1002	1.8932135728542914	0.8942115768463074	0.000998003992015968	False
B	EUR	f2_protein	60	1.0	0.0	0.0	False
B	EUR	f4_noncoding	185	1.9297297297297298	0.9405405405405406	0.010810810810810811	False
B	EUR	known	1122	1.9019607843137254	0.9028520499108734	0.00089126559714795	False
B	MID	f2_protein	<20	0.9166666666666666	0.0	0.08333333333333333	True
B	MID	f4_noncoding	55	1.8909090909090909	0.8909090909090909	0.0	False
B	MID	known	240	1.9458333333333333	0.9458333333333333	0.0	False
B	SAS	f2_protein	53	0.9811320754716981	0.0	0.018867924528301886	False
B	SAS	f3_synonymous	<20	2.0	1.0	0.0	True
B	SAS	f4_noncoding	209	1.9138755980861244	0.9186602870813397	0.004784688995215311	False
B	SAS	known	899	1.9065628476084537	0.9065628476084538	0.0	False
C	AFR	f2_protein	135	0.9111111111111111	0.0	0.08888888888888889	False
C	AFR	f4_noncoding	371	1.7870619946091644	0.7924528301886793	0.005390835579514825	False
C	AFR	known	1881	1.7788410419989367	0.7900053163211058	0.011164274322169059	False
C	AMR	f2_protein	93	1.0	0.0	0.0	False
C	AMR	f3_synonymous	<20	2.0	1.0	0.0	True
C	AMR	f4_noncoding	178	1.8258426966292134	0.8314606741573034	0.0056179775280898875	False
C	AMR	known	1388	1.8847262247838616	0.8868876080691642	0.002161383285302594	False
C	EAS	f2_protein	84	0.9642857142857143	0.0	0.03571428571428571	False
C	EAS	f4_noncoding	207	1.8502415458937198	0.8502415458937198	0.0	False
C	EAS	known	1003	1.8464606181455634	0.8534396809571286	0.006979062811565304	False
C	EUR	f2_protein	65	0.9846153846153847	0.0	0.015384615384615385	False
C	EUR	f3_synonymous	<20	2.0	1.0	0.0	True
C	EUR	f4_noncoding	127	1.8818897637795275	0.8818897637795275	0.0	False
C	EUR	known	1164	1.8823024054982818	0.8823024054982818	0.0	False
C	MID	f2_protein	<20	1.0	0.0	0.0	True
C	MID	f4_noncoding	36	1.8333333333333333	0.8333333333333334	0.0	True
C	MID	known	259	1.803088803088803	0.806949806949807	0.003861003861003861	False
C	SAS	f2_protein	73	0.9178082191780822	0.0	0.0821917808219178	False
C	SAS	f3_synonymous	<20	2.0	1.0	0.0	True
C	SAS	f4_noncoding	167	1.7724550898203593	0.7904191616766467	0.017964071856287425	False
C	SAS	known	924	1.751082251082251	0.7619047619047619	0.010822510822510822	False
DPA1	AFR	f2_protein	87	0.9425287356321839	0.0	0.05747126436781609	False
DPA1	AFR	f3_synonymous	<20	1.6666666666666667	0.6666666666666666	0.0	True
DPA1	AFR	f4_noncoding	515	1.8349514563106797	0.8407766990291262	0.005825242718446602	False
DPA1	AFR	known	1786	1.8488241881298992	0.8521836506159015	0.0033594624860022394	False
DPA1	AMR	f2_protein	41	1.0	0.0	0.0	True
DPA1	AMR	f4_noncoding	351	1.9373219373219372	0.9373219373219374	0.0	False
DPA1	AMR	known	1277	1.9138606108065779	0.9138606108065779	0.0	False
DPA1	EAS	f2_protein	32	1.0	0.0	0.0	True
DPA1	EAS	f4_noncoding	321	1.9532710280373833	0.9532710280373832	0.0	False
DPA1	EAS	known	950	1.9252631578947368	0.9252631578947368	0.0	False
DPA1	EUR	f2_protein	49	1.0	0.0	0.0	True
DPA1	EUR	f3_synonymous	<20	2.0	1.0	0.0	True
DPA1	EUR	f4_noncoding	182	1.934065934065934	0.9340659340659341	0.0	False
DPA1	EUR	known	1141	1.908851884312007	0.9106047326906223	0.0017528483786152498	False
DPA1	MID	f2_protein	<20	1.0	0.0	0.0	True
DPA1	MID	f4_noncoding	62	1.9516129032258065	0.967741935483871	0.016129032258064516	False
DPA1	MID	known	238	1.9411764705882353	0.9411764705882353	0.0	False
DPA1	SAS	f2_protein	33	1.0	0.0	0.0	True
DPA1	SAS	f3_synonymous	<20	2.0	1.0	0.0	True
DPA1	SAS	f4_noncoding	274	1.9416058394160585	0.9416058394160584	0.0	False
DPA1	SAS	known	857	1.9311551925320887	0.9311551925320887	0.0	False
DPB1	AFR	f2_protein	119	0.7563025210084033	0.0	0.24369747899159663	False
DPB1	AFR	f3_synonymous	<20	1.0	0.0	0.0	True
DPB1	AFR	f4_noncoding	985	1.4751269035532995	0.5390862944162437	0.06395939086294417	False
DPB1	AFR	known	1278	1.662754303599374	0.6956181533646323	0.03286384976525822	False
DPB1	AMR	f2_protein	66	0.9545454545454546	0.0	0.045454545454545456	False
DPB1	AMR	f4_noncoding	406	1.6995073891625616	0.7192118226600985	0.019704433497536946	False
DPB1	AMR	known	1199	1.8056713928273562	0.8131776480400333	0.007506255212677231	False
DPB1	EAS	f2_protein	52	0.9615384615384616	0.0	0.038461538461538464	False
DPB1	EAS	f3_synonymous	<20	1.0	0.0	0.0	True
DPB1	EAS	f4_noncoding	558	1.7293906810035842	0.7473118279569892	0.017921146953405017	False
DPB1	EAS	known	686	1.814868804664723	0.8221574344023324	0.007288629737609329	False
DPB1	EUR	f2_protein	63	0.9523809523809523	0.0	0.047619047619047616	False
DPB1	EUR	f4_noncoding	263	1.855513307984791	0.8593155893536122	0.0038022813688212928	False
DPB1	EUR	known	1040	1.8586538461538462	0.8615384615384616	0.0028846153846153848	False
DPB1	MID	f2_protein	<20	0.9090909090909091	0.0	0.09090909090909091	True
DPB1	MID	f3_synonymous	<20	2.0	1.0	0.0	True
DPB1	MID	f4_noncoding	94	1.7765957446808511	0.7872340425531915	0.010638297872340425	False
DPB1	MID	known	202	1.7673267326732673	0.7772277227722773	0.009900990099009901	False
DPB1	SAS	f2_protein	40	0.9	0.0	0.1	True
DPB1	SAS	f3_synonymous	<20	2.0	1.0	0.0	True
DPB1	SAS	f4_noncoding	414	1.8695652173913044	0.8719806763285024	0.0024154589371980675	False
DPB1	SAS	known	710	1.832394366197183	0.8394366197183099	0.007042253521126761	False
DQA1	AFR	f2_protein	92	0.7065217391304348	0.0	0.29347826086956524	False
DQA1	AFR	f4_noncoding	661	1.3267776096822996	0.43116490166414523	0.1043872919818457	False
DQA1	AFR	known	1635	1.415902140672783	0.4960244648318043	0.0801223241590214	False
DQA1	AMR	f2_protein	34	0.7352941176470589	0.0	0.2647058823529412	True
DQA1	AMR	f4_noncoding	287	1.1289198606271778	0.2961672473867596	0.1672473867595819	False
DQA1	AMR	known	1351	1.3745373797187268	0.4863064396743153	0.11176905995558846	False
DQA1	EAS	f2_protein	36	0.6111111111111112	0.0	0.3888888888888889	True
DQA1	EAS	f4_noncoding	368	1.2826086956521738	0.44021739130434784	0.15760869565217392	False
DQA1	EAS	known	896	1.1975446428571428	0.3482142857142857	0.15066964285714285	False
DQA1	EUR	f2_protein	36	0.75	0.0	0.25	True
DQA1	EUR	f4_noncoding	288	1.3645833333333333	0.4618055555555556	0.09722222222222222	False
DQA1	EUR	known	1046	1.4464627151051626	0.51434034416826	0.06787762906309751	False
DQA1	MID	f2_protein	<20	0.625	0.0	0.375	True
DQA1	MID	f3_synonymous	<20	1.0	0.0	0.0	True
DQA1	MID	f4_noncoding	71	0.971830985915493	0.23943661971830985	0.2676056338028169	False
DQA1	MID	known	229	1.244541484716157	0.4279475982532751	0.18340611353711792	False
DQA1	SAS	f2_protein	28	0.7142857142857143	0.0	0.2857142857142857	True
DQA1	SAS	f3_synonymous	<20	2.0	1.0	0.0	True
DQA1	SAS	f4_noncoding	395	1.1518987341772151	0.29873417721518986	0.1468354430379747	False
DQA1	SAS	known	740	1.587837837837838	0.6324324324324324	0.0445945945945946	False
DQB1	AFR	f2_protein	117	0.7435897435897436	0.0	0.2564102564102564	False
DQB1	AFR	f3_synonymous	<20	0.5	0.0	0.5	True
DQB1	AFR	f4_noncoding	461	1.2863340563991323	0.3774403470715835	0.0911062906724512	False
DQB1	AFR	known	1807	1.4532374100719425	0.5290536801328168	0.07581627006087438	False
DQB1	AMR	f2_protein	57	0.9122807017543859	0.0	0.08771929824561403	False
DQB1	AMR	f3_synonymous	<20	1.5	0.5	0.0	True
DQB1	AMR	f4_noncoding	244	1.4672131147540983	0.5368852459016393	0.06967213114754098	False
DQB1	AMR	known	1364	1.7353372434017595	0.7529325513196481	0.017595307917888565	False
DQB1	EAS	f2_protein	38	0.9736842105263158	0.0	0.02631578947368421	True
DQB1	EAS	f3_synonymous	<20	2.0	1.0	0.0	True
DQB1	EAS	f4_noncoding	229	1.8122270742358078	0.8165938864628821	0.004366812227074236	False
DQB1	EAS	known	1028	1.8735408560311284	0.8793774319066148	0.005836575875486381	False
DQB1	EUR	f2_protein	39	0.8974358974358975	0.0	0.10256410256410256	True
DQB1	EUR	f4_noncoding	179	1.6145251396648044	0.6368715083798883	0.0223463687150838	False
DQB1	EUR	known	1151	1.7532580364900088	0.7671589921807124	0.013900955690703735	False
DQB1	MID	f2_protein	<20	0.9230769230769231	0.0	0.07692307692307693	True
DQB1	MID	f4_noncoding	47	1.5957446808510638	0.5957446808510638	0.0	True
DQB1	MID	known	249	1.714859437751004	0.7349397590361446	0.020080321285140562	False
DQB1	SAS	f2_protein	36	0.8888888888888888	0.0	0.1111111111111111	True
DQB1	SAS	f3_synonymous	<20	2.0	1.0	0.0	True
DQB1	SAS	f4_noncoding	184	1.5815217391304348	0.592391304347826	0.010869565217391304	False
DQB1	SAS	known	943	1.7486744432661718	0.7635206786850477	0.014846235418875928	False
DRB1	AFR	f2_protein	89	0.9775280898876404	0.0	0.02247191011235955	False
DRB1	AFR	f4_noncoding	1974	1.8910840932117527	0.894630192502533	0.0035460992907801418	False
DRB1	AFR	known	313	1.7156549520766773	0.7156549520766773	0.0	False
DRB1	AMR	f2_protein	47	1.0	0.0	0.0	True
DRB1	AMR	f4_noncoding	1320	1.8704545454545454	0.8757575757575757	0.005303030303030303	False
DRB1	AMR	known	293	1.764505119453925	0.764505119453925	0.0	False
DRB1	EAS	f2_protein	49	0.9795918367346939	0.0	0.02040816326530612	True
DRB1	EAS	f4_noncoding	1114	1.8635547576301617	0.8662477558348295	0.0026929982046678637	False
DRB1	EAS	known	129	1.7286821705426356	0.7286821705426356	0.0	False
DRB1	EUR	f2_protein	58	0.9827586206896551	0.0	0.017241379310344827	False
DRB1	EUR	f4_noncoding	884	1.8619909502262444	0.8687782805429864	0.006787330316742082	False
DRB1	EUR	known	422	1.8341232227488151	0.8341232227488151	0.0	False
DRB1	MID	f2_protein	<20	1.0	0.0	0.0	True
DRB1	MID	f4_noncoding	253	1.9288537549407114	0.9288537549407114	0.0	False
DRB1	MID	known	44	1.7272727272727273	0.7272727272727273	0.0	True
DRB1	SAS	f2_protein	33	0.9696969696969697	0.0	0.030303030303030304	True
DRB1	SAS	f3_synonymous	<20	2.0	1.0	0.0	True
DRB1	SAS	f4_noncoding	988	1.888663967611336	0.8917004048582996	0.003036437246963563	False
DRB1	SAS	known	142	1.7887323943661972	0.7887323943661971	0.0	False
