gene	resolution	ancestry	n_haplotypes	S_obs	f1	f2	coverage	coverage_ci_lo	coverage_ci_hi	unseen_mass	chao1_richness	chao1_is_secondary_unstable	n_for_95.0pct_coverage	n_for_95.0pct_coverage_reliable	n_more_for_95.0pct_coverage	n_for_99.0pct_coverage	n_for_99.0pct_coverage_reliable	n_more_for_99.0pct_coverage	n_for_99.9pct_coverage	n_for_99.9pct_coverage_reliable	n_more_for_99.9pct_coverage
HLA-A	protein	AFR	4294	59	19	6	0.9955758721092004	0.9967341454990004	0.9990693401893387	0.004424127890799601	89.07632743362832	True	121	True	-4173	899	True	-3395	14403	False	10109
HLA-A	protein	AMR	2994	66	14	9	0.995325989128384	0.9959926534210897	0.9986657833434567	0.004674010871616008	76.88525198545238	True	203	True	-2791	1334	True	-1660	6585	False	3591
HLA-A	protein	EAS	2383	49	18	2	0.9924472006313376	0.9945457395802486	0.9983235549502899	0.007552799368662377	129.96600923206043	True	113	True	-2270	1258	True	-1125	24057	False	21674
HLA-A	protein	EUR	2423	41	13	2	0.9946354318274365	0.9962862778475684	0.9991762774713759	0.0053645681725634775	83.23256293850599	True	109	True	-2314	751	True	-1672	15647	False	13224
HLA-A	protein	MID	575	38	13	1	0.9773973624120416	0.9843659840613336	0.9965519245558567	0.02260263758795844	122.35304347826087	True	132	True	-443	3618	False	3043	12211	False	11636
HLA-A	protein	SAS	2192	45	13	5	0.9940714245091828	0.9949834170114864	0.9990888492148635	0.005928575490817156	61.8922901459854	True	125	True	-2067	903	True	-1289	7263	False	5071
HLA-A	protein	UNASSIGNED	7321	94	33	9	0.9954927549287217	0.9971318360751469	0.9986345532443881	0.00450724507127831	154.49173610162546	True	187	True	-7134	1760	True	-5561	27529	False	20208
HLA-B	protein	AFR	4322	105	34	8	0.9921341282839751	0.9946793506202224	0.9976878616428393	0.00786587171602493	177.2332832022212	True	310	True	-4012	2779	True	-1543	23262	False	18940
HLA-B	protein	AMR	2974	120	29	11	0.9902513107077902	0.9922683432740608	0.9963137454115575	0.009748689292209844	158.21441890322185	True	428	True	-2546	2878	True	-96	11900	False	8926
HLA-B	protein	EAS	2364	86	23	5	0.9902725173985109	0.9932226849025971	0.99746445052929	0.009727482601489146	138.87762267343484	True	290	True	-2074	2227	True	-137	14730	False	12366
HLA-B	protein	EUR	2430	71	23	8	0.9905376893773286	0.9934169929459312	0.9975336141877651	0.009462310622671444	104.04889403292181	True	219	True	-2211	2238	True	-192	10279	False	7849
HLA-B	protein	MID	580	63	17	2	0.970701561476802	0.9759035376751184	0.9914753869694882	0.029298438523198023	135.12543103448274	True	307	True	-273	3226	False	2646	8893	False	8313
HLA-B	protein	SAS	2180	69	16	6	0.9926630757882974	0.9935804963385931	0.9981689295835386	0.007336924211702622	90.32354740061162	True	234	True	-1946	1413	True	-767	7972	False	5792
HLA-B	protein	UNASSIGNED	7332	172	64	14	0.9912716610978124	0.9946815198058462	0.997136624979489	0.008728338902187605	318.2657626061881	True	434	True	-6898	5517	True	-1815	43638	False	36306
HLA-C	protein	AFR	4356	62	25	6	0.9942614222107058	0.9960976532633391	0.9986234324356617	0.005738577789294208	114.07137664524029	True	120	True	-4236	1182	True	-3174	20210	False	15854
HLA-C	protein	AMR	2946	53	14	3	0.9952484850831638	0.9962665845439942	0.9989917499868097	0.00475151491683623	85.65557818510976	True	145	True	-2801	859	True	-2087	13657	False	10711
HLA-C	protein	EAS	2349	43	12	2	0.9948921682995739	0.9961693074734397	0.9991500218648549	0.005107831700426058	78.98467432950191	True	115	True	-2234	742	True	-1607	13837	False	11488
HLA-C	protein	EUR	2408	43	18	2	0.99252560700427	0.995421891156019	0.9983412909600659	0.00747439299573005	123.96636212624584	True	86	True	-2322	849	True	-1559	24197	False	21789
HLA-C	protein	MID	567	34	6	3	0.9894366525759823	0.9893804370702275	0.998316123835155	0.010563347424017655	39.98941798941799	True	136	True	-431	599	True	32	1903	False	1336
HLA-C	protein	SAS	2153	45	15	5	0.9930351348820496	0.9944276764776805	0.9981575835269134	0.0069648651179503585	67.48954946586159	True	107	True	-2046	1081	True	-1072	8420	False	6267
HLA-C	protein	UNASSIGNED	7285	84	40	4	0.9945094163716518	0.9969769300726489	0.9984905755248966	0.0054905836283482	283.9725463280714	True	138	True	-7147	1136	True	-6149	69311	False	62026
HLA-DMA	protein	AFR	4398	<20	8	1	0.9981810947771085	0.9986358469352214	0.9997730368617662	0.0018189052228915203	46.992723965438834	True	10	True	-4388	128	True	-4270	14921	False	10523
HLA-DMA	protein	AMR	3004	<20	3	1	0.9990015532133311	0.9990015532133311	1.0	0.0009984467866689384	13.498501997336884	True	13	True	-2991	95	True	-2909	2997	True	-7
HLA-DMA	protein	EAS	2438	<20	5	1	0.997949475203644	0.997949475203644	1.0	0.0020505247963560347	23.49487284659557	True	9	True	-2429	71	True	-2367	6814	False	4376
HLA-DMA	protein	EUR	2455	<20	5	0	0.9979636720419971	0.9983710040040343	1.0	0.0020363279580029037	19.9959266802444	True	19	True	-2436	78	True	-2377	6819	False	4364
HLA-DMA	protein	MID	588	<20	1	0	0.998305094533569	0.9966044240825582	1.0	0.0016949054664310292	6.0	True	14	True	-574	117	True	-471	744	True	156
HLA-DMA	protein	SAS	2208	<20	4	2	0.9981892262654904	0.9981888161242142	1.0	0.001810773734509552	14.998188405797102	True	13	True	-2195	94	True	-2114	3519	True	1311
HLA-DMA	protein	UNASSIGNED	7485	<20	7	1	0.9990648319607975	0.9993286930157046	1.0	0.0009351680392024608	37.496726786907146	True	14	True	-7471	87	True	-7398	5670	True	-1815
HLA-DMB	protein	AFR	4414	<20	3	0	0.9993204470181197	0.9993204470181197	1.0	0.0006795529818802715	12.999320344358859	True	18	True	-4396	110	True	-4304	1408	True	-3006
HLA-DMB	protein	AMR	3020	<20	7	0	0.9976823385458038	0.9983445901931308	1.0	0.002317661454196207	33.993046357615896	True	18	True	-3002	110	True	-2910	11903	False	8883
HLA-DMB	protein	EAS	2428	<20	6	1	0.9975291696661716	0.9979307347312195	1.0	0.0024708303338284443	34.99258649093905	True	21	True	-2407	283	True	-2145	9015	False	6587
HLA-DMB	protein	EUR	2473	<20	3	0	0.9987872255735358	0.9987872255735358	1.0	0.0012127744264641693	11.998786898503841	True	22	True	-2451	87	True	-2386	3189	True	716
HLA-DMB	protein	MID	583	<20	0	1	1.0	0.996575352541565	1.0	0.0	6.0	True	14	True	-569	107	True	-476	461	True	-122
HLA-DMB	protein	SAS	2211	<20	4	0	0.9981912730767417	0.9986322499801757	1.0	0.0018087269232582859	16.997286295793756	True	20	True	-2191	94	True	-2117	4831	False	2620
HLA-DMB	protein	UNASSIGNED	7459	23	15	1	0.9979890425209298	0.9986594087148927	0.9997320121725112	0.002010957479070208	135.48491754926934	True	20	True	-7439	104	True	-7355	46537	False	39078
HLA-DOA	protein	AFR	4430	<20	6	2	0.9986458020321632	0.9986457001208171	0.9997804055170745	0.0013541979678367566	21.997968397291196	True	1	True	-4429	68	True	-4362	6445	True	2015
HLA-DOA	protein	AMR	3016	<20	6	1	0.9980108299988681	0.9980108299988681	0.999669312459473	0.001989170001131857	31.99403183023873	True	1	True	-3015	226	True	-2790	9237	False	6221
HLA-DOA	protein	EAS	2426	<20	4	1	0.9983515352729815	0.9983515352729815	1.0	0.001648464727018517	16.996702390766693	True	1	True	-2425	55	True	-2371	4851	True	2425
HLA-DOA	protein	EUR	2462	<20	0	2	1.0	0.9991879822695714	1.0	0.0	5.0	True	1	True	-2461	44	True	-2418	1334	True	-1128
HLA-DOA	protein	MID	579	<20	3	2	0.9948305776993388	0.9930975081467018	1.0	0.005169422300661197	9.246113989637305	True	2	True	-577	181	True	-398	1292	False	713
HLA-DOA	protein	SAS	2216	<20	5	2	0.9977444969391144	0.9977440896983342	1.0	0.002255503060885622	18.24717960288809	True	22	True	-2194	108	True	-2108	4469	False	2253
HLA-DOA	protein	UNASSIGNED	7482	20	9	1	0.9987971488019242	0.9990644570079829	0.999866453005757	0.0012028511980758383	60.49458700882117	True	2	True	-7480	246	True	-7236	13700	True	6218
HLA-DOB	protein	AFR	4467	<20	6	1	0.9986569169005175	0.9988807807897756	1.0	0.0013430830994825005	31.99597044996642	True	17	True	-4450	76	True	-4391	8420	True	3953
HLA-DOB	protein	AMR	3044	<20	5	1	0.9983576403284348	0.9980291252214688	1.0	0.00164235967156523	26.49589356110381	True	27	True	-3017	95	True	-2949	6819	False	3775
HLA-DOB	protein	EAS	2466	<20	3	0	0.9987837839171335	0.9987837839171335	1.0	0.0012162160828664836	10.998783454987834	True	22	True	-2444	72	True	-2394	3190	True	724
HLA-DOB	protein	EUR	2475	<20	8	0	0.9967680033639416	0.9979700235463832	0.9995975942612353	0.003231996636058443	41.98868686868687	True	29	True	-2446	80	True	-2395	14085	False	11610
HLA-DOB	protein	MID	588	<20	0	0	1.0	1.0	1.0	0.0	5.0	True	25	True	-563	58	True	-530	110	True	-478
HLA-DOB	protein	SAS	2235	<20	4	0	0.9982106912996966	0.9986581185628934	1.0	0.0017893087003033603	14.99731543624161	True	22	True	-2213	59	True	-2176	4835	False	2600
HLA-DOB	protein	UNASSIGNED	7505	<20	8	2	0.9989341149918088	0.9990673950009648	0.9998668619500005	0.0010658850081911586	33.99786808794137	True	26	True	-7479	68	True	-7437	8463	True	958
HLA-DPA1	protein	AFR	4413	32	14	5	0.9968280684747107	0.9975076727304246	0.9993207163766388	0.0031719315252892732	51.59555857693179	True	27	True	-4386	463	True	-3950	11544	False	7131
HLA-DPA1	protein	AMR	3006	<20	6	0	0.9980042134010595	0.9983368813934873	1.0	0.0019957865989405077	29.995009980039917	True	20	True	-2986	181	True	-2825	9237	False	6231
HLA-DPA1	protein	EAS	2433	<20	7	3	0.9971239072075849	0.99753424671423	0.9995899963146873	0.0028760927924150748	23.163310042471572	True	18	True	-2415	99	True	-2334	5431	False	2998
HLA-DPA1	protein	EUR	2452	<20	4	0	0.9983690113487131	0.9987768416686721	1.0	0.0016309886512868577	15.997553017944535	True	14	True	-2438	149	True	-2303	4851	True	2399
HLA-DPA1	protein	MID	585	<20	4	1	0.9931682422700386	0.9931682422700386	1.0	0.006831757729961363	17.986324786324786	True	18	True	-567	235	True	-350	2831	False	2246
HLA-DPA1	protein	SAS	2201	<20	5	0	0.997728718276079	0.9981830571941592	1.0	0.0022712817239209926	21.995456610631532	True	22	True	-2179	134	True	-2067	6714	False	4513
HLA-DPA1	protein	UNASSIGNED	7454	33	19	2	0.9974511050015391	0.9983901981047263	0.9994636281538042	0.0025488949984608933	123.23789240676146	True	32	True	-7422	349	True	-7105	40579	False	33125
HLA-DPA2	protein	UNASSIGNED	<20	<20	1	0	1.0	1.0	1.0	0.0	1.0	True	1	True	0	1	True	0	1	True	0
HLA-DPB1	protein	AFR	4339	69	24	4	0.9944691965950965	0.9960825777592138	0.9983875799534576	0.005530803404903528	140.9834063148191	True	152	True	-4187	1692	True	-2647	26599	False	22260
HLA-DPB1	protein	AMR	2949	56	19	6	0.9935585180347307	0.995583513094331	0.9983166029774013	0.00644148196526928	86.07313213518707	True	145	True	-2804	1405	True	-1544	11645	False	8696
HLA-DPB1	protein	EAS	2380	37	11	1	0.9953785044643358	0.9966285309342608	0.9991618042447851	0.004621495535664155	97.47457983193277	True	94	True	-2286	616	True	-1764	22410	False	20030
HLA-DPB1	protein	EUR	2401	34	13	0	0.9945859363931353	0.996658007037908	0.9991684083891921	0.005414063606864694	111.96751353602666	True	106	True	-2295	449	True	-1952	28751	False	26350
HLA-DPB1	protein	MID	576	25	9	2	0.984387067966789	0.9878532578704853	0.9966065900506789	0.015612932033211013	45.21484375	True	89	True	-487	1153	False	577	4133	False	3557
HLA-DPB1	protein	SAS	2175	37	12	4	0.9944844499883718	0.9958629147357849	0.9990821696008719	0.005515550011628179	54.99172413793103	True	98	True	-2077	691	True	-1484	7745	False	5570
HLA-DPB1	protein	UNASSIGNED	7339	77	30	6	0.9959124724395474	0.9974113133082798	0.9989103796317488	0.0040875275604526085	151.98978062406323	True	154	True	-7185	1284	True	-6055	33169	False	25830
HLA-DPB2	protein	AFR	<20	<20	2	0	0.6799999999999999	0.6799999999999999	1.0	0.32000000000000006	3.8	True	14	False	9	21	False	16	31	False	26
HLA-DPB2	protein	EAS	<20	<20	0	1	1.0	1.0	1.0	0.0	1.0	True	1	True	-1	1	True	-1	1	True	-1
HLA-DPB2	protein	EUR	<20	<20	0	0	1.0	1.0	1.0	0.0	1.0	True	1	True	-2	1	True	-2	1	True	-2
HLA-DPB2	protein	MID	<20	<20	1	0	1.0	1.0	1.0	0.0	1.0	True	1	True	0	1	True	0	1	True	0
HLA-DPB2	protein	SAS	<20	<20	1	1	0.8333333333333334	0.8333333333333334	1.0	0.16666666666666663	2.3333333333333335	True	5	True	2	8	False	5	11	False	8
HLA-DPB2	protein	UNASSIGNED	<20	<20	2	1	0.7551020408163266	0.6142857142857143	1.0	0.2448979591836734	5.714285714285714	True	18	False	11	28	False	21	43	False	36
HLA-DQA1	protein	AFR	4363	31	14	2	0.9967914088816147	0.997702374165551	0.9995420224111468	0.00320859111838534	79.98876919550767	True	42	True	-4321	280	True	-4083	22163	False	17800
HLA-DQA1	protein	AMR	3019	22	6	1	0.998012806431712	0.9983440419353108	0.9996696456518799	0.001987193568288026	39.99403776084796	True	42	True	-2977	135	True	-2884	9237	False	6218
HLA-DQA1	protein	EAS	2427	22	5	1	0.9979401830516699	0.9983522143520533	1.0	0.0020598169483301287	34.49484960857025	True	49	True	-2378	189	True	-2238	6811	False	4384
HLA-DQA1	protein	EUR	2440	24	6	2	0.997541655560757	0.9971318111226439	0.9996020414823046	0.0024583444392429765	32.99631147540984	True	42	True	-2398	300	True	-2140	5732	False	3292
HLA-DQA1	protein	MID	580	<20	4	0	0.993109398708756	0.993109398708756	1.0	0.00689060129124397	23.989655172413794	True	50	True	-530	293	True	-287	2817	False	2237
HLA-DQA1	protein	SAS	2214	22	7	0	0.996838709861743	0.9977420522074261	0.999549550099677	0.0031612901382569447	42.99051490514905	True	51	True	-2163	205	True	-2009	11130	False	8916
HLA-DQA1	protein	UNASSIGNED	7399	39	16	2	0.9978376186874445	0.99851342130186	0.9995947233220431	0.002162381312555528	102.9913501824571	True	53	True	-7346	311	True	-7088	30222	False	22823
HLA-DQA2	protein	AFR	4457	<20	5	1	0.9988782698659967	0.9988782698659967	1.0	0.001121730134003296	30.497195422930222	True	25	True	-4432	200	True	-4257	5737	True	1280
HLA-DQA2	protein	AMR	3048	<20	4	5	0.998688739903577	0.9980319212845451	0.9996811645017631	0.001311260096423017	17.599475065616797	True	30	True	-3018	159	True	-2889	3379	True	331
HLA-DQA2	protein	EAS	2445	<20	6	1	0.9975463469198405	0.9979553448657237	1.0	0.0024536530801595458	28.992638036809815	True	16	True	-2429	63	True	-2382	9027	False	6582
HLA-DQA2	protein	EUR	2468	<20	2	0	0.9991899555805395	0.9991899555805395	1.0	0.0008100444194605316	7.999594813614262	True	17	True	-2451	51	True	-2417	1493	True	-975
HLA-DQA2	protein	MID	595	<20	0	0	1.0	0.998324967570921	1.0	0.0	6.0	True	23	True	-572	88	True	-507	344	True	-251
HLA-DQA2	protein	SAS	2231	<20	2	0	0.9991039428323564	0.9991039428323564	1.0	0.0008960571676436269	7.9995517705065	True	16	True	-2215	52	True	-2179	1067	True	-1164
HLA-DQA2	protein	UNASSIGNED	7484	21	8	4	0.9989311957438652	0.9990647070099251	0.9998664895569729	0.0010688042561347588	28.99893105291288	True	30	True	-7454	109	True	-7375	7982	True	498
HLA-DQB1	protein	AFR	4312	35	10	4	0.9976813208194866	0.9981449248968328	0.9995370372359094	0.0023186791805134277	47.49710111317254	True	65	True	-4247	355	True	-3957	8845	False	4533
HLA-DQB1	protein	AMR	2960	28	8	3	0.9972979821615686	0.9976358142687215	0.9996630730831945	0.002702017838431381	38.66306306306306	True	66	True	-2894	258	True	-2702	6883	False	3923
HLA-DQB1	protein	EAS	2411	21	4	0	0.9983412815028541	0.9983412815028541	1.0	0.001658718497145939	26.99751140605558	True	56	True	-2355	162	True	-2249	4851	False	2440
HLA-DQB1	protein	EUR	2425	22	5	0	0.9979384845139705	0.99835085563396	1.0	0.002061515486029508	31.995876288659794	True	53	True	-2372	190	True	-2235	6810	False	4385
HLA-DQB1	protein	MID	573	24	7	1	0.9877896941673006	0.9895408335185824	0.9982847855682098	0.012210305832699442	48.45724258289704	True	77	True	-496	973	True	400	5584	False	5011
HLA-DQB1	protein	SAS	2196	27	7	3	0.9968136304272268	0.9968132157783137	0.9995450514795904	0.0031863695727731844	35.162947783849425	True	53	True	-2143	274	True	-1922	5165	False	2969
HLA-DQB1	protein	UNASSIGNED	7303	44	21	1	0.9971245069004505	0.9982201693088667	0.9993155382659359	0.0028754930995494865	264.46980692865947	True	66	True	-7237	235	True	-7068	88286	False	80983
HLA-DQB2	protein	AFR	4429	23	10	1	0.9977422559608904	0.9984196097633871	0.9997746225844458	0.0022577440391096104	72.98871076992549	True	35	True	-4394	335	True	-4094	22460	False	18031
HLA-DQB2	protein	AMR	3026	<20	7	2	0.9976871520371147	0.998017402869854	0.9996790655935248	0.002312847962885334	31.245951751487112	True	20	True	-3006	312	True	-2714	7466	False	4440
HLA-DQB2	protein	EAS	2448	<20	4	2	0.9983666805502157	0.9983663468792352	1.0	0.0016333194497842873	16.998366013071895	True	30	True	-2418	105	True	-2343	3649	True	1201
HLA-DQB2	protein	EUR	2468	<20	5	3	0.9979750530475361	0.9979743965031729	1.0	0.002024946952463913	19.164978390059428	True	21	True	-2447	190	True	-2278	3919	True	1451
HLA-DQB2	protein	MID	584	<20	3	1	0.9948688811872668	0.9931565540960899	1.0	0.005131118812733204	17.492294520547944	True	49	True	-535	293	True	-291	2015	False	1431
HLA-DQB2	protein	SAS	2213	<20	3	2	0.9986451907948105	0.9981929073451433	1.0	0.0013548092051894889	15.24898328061455	True	28	True	-2185	106	True	-2107	2717	True	504
HLA-DQB2	protein	UNASSIGNED	7475	30	12	4	0.9983947920109486	0.9986622789511723	0.9997326560907124	0.0016052079890513937	47.99759197324414	True	38	True	-7437	295	True	-7180	12781	True	5306
HLA-DRA	protein	AFR	4325	<20	8	1	0.9981503959555952	0.9983816098275444	0.9997692184375048	0.0018496040444048178	45.99260115606936	True	9	True	-4316	39	True	-4286	14962	False	10637
HLA-DRA	protein	AMR	2976	<20	4	1	0.9986561398373455	0.9986561398373455	1.0	0.001343860162654531	15.997311827956988	True	6	True	-2970	13	True	-2963	4735	True	1759
HLA-DRA	protein	EAS	2393	<20	10	0	0.995821494379648	0.9974930363576687	0.9995831600856961	0.0041785056203520465	58.9811951525282	True	12	True	-2381	47	True	-2346	19496	False	17103
HLA-DRA	protein	EUR	2430	<20	1	0	0.9995888159286852	0.9991772934342664	1.0	0.0004111840713147963	5.0	True	5	True	-2425	9	True	-2421	1070	True	-1360
HLA-DRA	protein	MID	581	<20	0	0	1.0	0.9982847442790307	1.0	0.0	3.0	True	6	True	-575	13	True	-568	325	True	-256
HLA-DRA	protein	SAS	2174	<20	4	1	0.9981604968605489	0.9981604968605489	1.0	0.0018395031394511374	15.996320147194112	True	7	True	-2167	17	True	-2157	4824	False	2650
HLA-DRA	protein	UNASSIGNED	7330	<20	8	1	0.9989086320435494	0.9990450576913897	0.9998671662372267	0.0010913679564505951	45.9956343792633	True	7	True	-7323	46	True	-7284	9894	True	2564
HLA-DRB1	protein	AFR	4308	62	17	8	0.9960547154296985	0.9967447550021238	0.9988405530990823	0.003945284570301522	80.0583072191272	True	133	True	-4175	1113	True	-3195	10590	False	6282
HLA-DRB1	protein	AMR	2944	62	13	2	0.9955847007524581	0.9966037167074093	0.9989828273502136	0.004415299247541915	104.2356487771739	True	174	True	-2770	848	True	-2096	17150	False	14206
HLA-DRB1	protein	EAS	2366	57	18	7	0.9923947243092028	0.9940849750760228	0.9978899405857232	0.007605275690797164	80.1330757154933	True	144	True	-2222	1565	True	-801	8537	False	6171
HLA-DRB1	protein	EUR	2386	51	16	4	0.9932956217915483	0.9949720676279742	0.9983263785137726	0.006704378208451711	82.98658843252305	True	150	True	-2236	1035	True	-1351	11464	False	9078
HLA-DRB1	protein	MID	566	37	5	5	0.9911972379581331	0.9876510867680844	0.9982639422338301	0.008802762041866918	39.495583038869256	True	159	True	-407	530	True	-36	1182	False	616
HLA-DRB1	protein	SAS	2164	53	10	6	0.9953814901913357	0.9958303795287714	0.9990766500174487	0.004618509808664295	61.32948243992606	True	183	True	-1981	1065	True	-1099	4923	False	2759
HLA-DRB1	protein	UNASSIGNED	7252	85	27	7	0.9962771553544003	0.9975181542735799	0.9988973141613741	0.0037228446455996878	137.06424828618708	True	183	True	-7069	968	True	-6284	25635	False	18383
HLA-DRB3	protein	AFR	2186	<20	5	0	0.9977131359397402	0.998170592462213	1.0	0.0022868640602597967	18.995425434583716	True	14	True	-2172	26	True	-2160	6705	False	4519
HLA-DRB3	protein	AMR	1068	<20	3	1	0.9971927652095823	0.9971927652095823	1.0	0.0028072347904176675	12.495786516853933	True	13	True	-1055	65	True	-1003	2721	False	1653
HLA-DRB3	protein	EAS	912	<20	0	1	1.0	0.9989059107242366	1.0	0.0	4.0	True	9	True	-903	24	True	-888	496	True	-416
HLA-DRB3	protein	EUR	960	<20	4	0	0.9958355046030919	0.996877170892671	1.0	0.004164495396908108	13.993749999999999	True	10	True	-950	51	True	-909	3697	False	2737
HLA-DRB3	protein	MID	284	<20	2	1	0.9929825431462012	0.9894614455239072	1.0	0.007017456853798842	8.992957746478874	True	18	True	-266	166	True	-118	837	False	553
HLA-DRB3	protein	SAS	844	<20	4	1	0.995263472835202	0.995263472835202	1.0	0.004736527164797999	15.990521327014218	True	13	True	-831	31	True	-813	3468	False	2624
HLA-DRB3	protein	UNASSIGNED	3265	<20	5	1	0.9984687940796373	0.9987750727875186	1.0	0.0015312059203627104	23.496171516079635	True	15	True	-3250	68	True	-3197	6742	False	3477
HLA-DRB4	protein	AFR	712	<20	0	0	1.0	1.0	1.0	0.0	2.0	True	5	True	-707	7	True	-705	11	True	-701
HLA-DRB4	protein	AMR	947	<20	1	0	0.9989462615677311	0.9989462615677311	1.0	0.001053738432268858	3.0	True	7	True	-940	14	True	-933	972	True	25
HLA-DRB4	protein	EAS	696	<20	1	1	0.9985673411500849	0.9971305654643943	1.0	0.0014326588499150583	5.499281609195402	True	1	True	-695	123	True	-573	822	True	126
HLA-DRB4	protein	EUR	664	<20	2	0	0.9969924880243867	0.9969924880243867	1.0	0.0030075119756133306	4.998493975903615	True	6	True	-658	13	True	-651	1395	False	731
HLA-DRB4	protein	MID	155	<20	1	0	0.9936311000827129	0.9936311000827129	1.0	0.006368899917287063	3.0	True	9	True	-146	30	True	-125	299	True	144
HLA-DRB4	protein	SAS	466	<20	1	0	0.9978632675005285	0.9978632675005285	1.0	0.0021367324994715498	3.0	True	1	True	-465	50	True	-416	643	True	177
HLA-DRB4	protein	UNASSIGNED	1823	<20	3	0	0.9983549628597603	0.9983549628597603	1.0	0.001645037140239669	8.9983543609435	True	7	True	-1816	14	True	-1809	3184	True	1361
HLA-DRB5	protein	AFR	713	<20	4	1	0.9943938387342831	0.9943938387342831	1.0	0.005606161265716891	17.988779803646565	True	17	True	-696	290	True	-423	3169	False	2456
HLA-DRB5	protein	AMR	307	<20	2	1	0.9935065624038452	0.9902492564792522	1.0	0.0064934375961548385	8.993485342019543	True	16	True	-291	171	True	-136	881	False	574
HLA-DRB5	protein	EAS	447	<20	3	0	0.9932986076329761	0.9932986076329761	1.0	0.0067013923670239395	10.993288590604028	True	22	True	-425	136	True	-311	1721	False	1274
HLA-DRB5	protein	EUR	378	<20	2	0	0.9947229920774895	0.9947229920774895	1.0	0.005277007922510513	6.997354497354498	True	19	True	-359	100	True	-278	1006	False	628
HLA-DRB5	protein	MID	56	<20	1	0	0.9827694235588973	0.9649234693877551	1.0	0.017230576441102707	4.0	True	13	True	-43	72	True	16	136	False	80
HLA-DRB5	protein	SAS	520	<20	0	0	1.0	0.9980843053299867	1.0	0.0	5.0	True	8	True	-512	96	True	-424	257	True	-263
HLA-DRB5	protein	UNASSIGNED	929	<20	0	0	1.0	0.9989258886303922	1.0	0.0	5.0	True	15	True	-914	68	True	-861	298	True	-631
HLA-E	protein	AFR	4318	23	15	0	0.9965262768111116	0.9979158089997318	0.9995372567239352	0.003473723188888389	127.97568318666049	True	6	True	-4312	245	True	-4073	44636	False	40318
HLA-E	protein	AMR	2965	<20	11	0	0.9962902781525949	0.9973020825318463	0.999663413221592	0.003709721847405145	71.98145025295109	True	5	True	-2960	12	True	-2953	24337	False	21372
HLA-E	protein	EAS	2358	<20	6	2	0.9974561902428652	0.997879918741432	0.9995773552655549	0.0025438097571347518	20.99618320610687	True	6	True	-2352	117	True	-2241	5660	False	3302
HLA-E	protein	EUR	2411	<20	3	1	0.9987560471364653	0.9987560471364653	1.0	0.0012439528635347363	13.498133554541685	True	6	True	-2405	92	True	-2319	3201	True	790
HLA-E	protein	MID	563	<20	1	1	0.9982300996435005	0.996453911896747	1.0	0.0017699003564994875	4.49911190053286	True	5	True	-558	9	True	-554	724	True	161
HLA-E	protein	SAS	2153	<20	6	1	0.9972136224914528	0.9976780906620143	0.9995368232011974	0.0027863775085471554	27.99163957268927	True	5	True	-2148	47	True	-2106	8770	False	6617
HLA-E	protein	UNASSIGNED	7252	26	17	0	0.9976558571179742	0.9984832901978895	0.9995864360362746	0.0023441428820257793	161.98124655267512	True	6	True	-7246	129	True	-7123	59760	False	52508
HLA-F	protein	AFR	4349	<20	3	1	0.9993102920007091	0.9993102920007091	1.0	0.0006897079992909116	15.49896527937457	True	10	True	-4339	116	True	-4233	2199	True	-2150
HLA-F	protein	AMR	2975	<20	8	0	0.9973111503994723	0.9979834193007024	1.0	0.002688849600527732	41.99058823529411	True	10	True	-2965	144	True	-2831	14742	False	11767
HLA-F	protein	EAS	2362	<20	10	1	0.9957666583517931	0.9970367684149825	0.999577354961889	0.004233341648206879	64.97883149872989	True	2	True	-2360	188	True	-2174	19398	False	17036
HLA-F	protein	EUR	2393	<20	4	0	0.9983288073320784	0.9987466928071181	1.0	0.001671192667921595	12.99749268700376	True	9	True	-2384	38	True	-2355	4851	False	2458
HLA-F	protein	MID	570	<20	4	0	0.9929886172850916	0.9947430014474454	1.0	0.007011382714908421	11.989473684210527	True	8	True	-562	26	True	-544	2788	False	2218
HLA-F	protein	SAS	2163	<20	9	1	0.9958395399788749	0.997226502508912	0.9995393835579957	0.004160460021125134	53.481276005547855	True	10	True	-2153	73	True	-2090	16034	False	13871
HLA-F	protein	UNASSIGNED	7288	40	31	4	0.9957465831238475	0.9973931620948265	0.9990396704512969	0.004253416876152549	160.1085174259056	True	9	True	-7279	187	True	-7101	48169	False	40881
HLA-G	protein	AFR	4053	21	11	2	0.9972862045591533	0.9980263939570028	0.9997536370239155	0.0027137954408467113	51.24253639279546	True	13	True	-4040	231	True	-3822	15179	False	11126
HLA-G	protein	AMR	2938	<20	5	1	0.998298393762506	0.9986387613516214	1.0	0.0017016062374940466	24.49574540503744	True	17	True	-2921	57	True	-2881	6842	False	3904
HLA-G	protein	EAS	2341	<20	6	1	0.9974373577868944	0.9974373577868944	1.0	0.002562642213105648	29.99231097821444	True	7	True	-2334	115	True	-2226	8948	False	6607
HLA-G	protein	EUR	2405	<20	7	0	0.997089742972096	0.9979213437872563	0.9995962739873262	0.0029102570279040396	31.991268191268194	True	21	True	-2384	55	True	-2350	11394	False	8989
HLA-G	protein	MID	546	<20	0	0	1.0	1.0	1.0	0.0	4.0	True	16	True	-530	29	True	-517	51	True	-495
HLA-G	protein	SAS	2179	<20	9	1	0.9958700863606991	0.9967879385742086	0.9995549988369681	0.004129913639300931	54.48141349242772	True	14	True	-2165	61	True	-2118	16081	False	13902
HLA-G	protein	UNASSIGNED	7200	31	18	4	0.9975001543328961	0.9981945601938417	0.999444676825413	0.002499845667103928	71.49437499999999	True	19	True	-7181	54	True	-7146	22042	False	14842
HLA-H	protein	AFR	376	<20	0	0	1.0	1.0	1.0	0.0	2.0	True	3	True	-373	30	True	-346	65	True	-311
HLA-H	protein	AMR	173	<20	0	0	1.0	0.994286093947246	1.0	0.0	2.0	True	1	True	-172	42	True	-131	131	True	-42
HLA-H	protein	EAS	31	<20	0	0	1.0	1.0	1.0	0.0	1.0	True	1	True	-30	1	True	-30	1	True	-30
HLA-H	protein	EUR	364	<20	1	0	0.9972678006924582	0.9972678006924582	1.0	0.0027321993075417605	2.0	True	1	True	-363	1	True	-363	547	True	183
HLA-H	protein	MID	50	<20	1	0	0.9807843137254902	0.9807843137254902	1.0	0.019215686274509758	2.0	True	1	True	-49	67	True	17	124	False	74
HLA-H	protein	SAS	165	<20	0	0	1.0	1.0	1.0	0.0	1.0	True	1	True	-164	1	True	-164	1	True	-164
HLA-H	protein	UNASSIGNED	761	<20	0	0	1.0	1.0	1.0	0.0	2.0	True	1	True	-760	23	True	-738	189	True	-572
HLA-HFE	protein	AFR	265	<20	3	0	0.9887077610379735	0.9887077610379735	1.0	0.011292238962026468	8.98867924528302	True	13	True	-252	314	True	49	1227	False	962
HLA-HFE	protein	AMR	672	<20	3	2	0.995544567603938	0.9940520512002269	1.0	0.0044554323960620534	10.246651785714285	True	12	True	-660	186	True	-486	1425	False	753
HLA-HFE	protein	EAS	322	<20	1	0	0.9969136395977155	0.9969136395977155	1.0	0.0030863604022844937	3.0	True	2	True	-320	49	True	-273	504	True	182
HLA-HFE	protein	EUR	344	<20	1	0	0.9971098752949107	0.9971098752949107	1.0	0.002890124705089314	5.0	True	18	True	-326	58	True	-286	527	True	183
HLA-HFE	protein	MID	74	<20	1	0	0.9868468468468469	0.9868468468468469	1.0	0.01315315315315313	3.0	True	10	True	-64	85	True	11	170	False	96
HLA-HFE	protein	SAS	326	<20	3	0	0.9908163841985294	0.9908163841985294	1.0	0.009183615801470646	7.99079754601227	True	8	True	-318	57	True	-269	1409	False	1083
HLA-HFE	protein	UNASSIGNED	947	<20	2	1	0.9978902977111068	0.9968343322872824	1.0	0.0021097022888931782	8.997888067581837	True	13	True	-934	96	True	-851	1654	True	707
HLA-J	protein	AFR	3643	<20	0	0	1.0	1.0	1.0	0.0	1.0	True	1	True	-3642	1	True	-3642	1	True	-3642
HLA-J	protein	AMR	2428	<20	0	0	1.0	1.0	1.0	0.0	1.0	True	1	True	-2427	1	True	-2427	1	True	-2427
HLA-J	protein	EAS	1825	<20	0	0	1.0	1.0	1.0	0.0	1.0	True	1	True	-1824	1	True	-1824	1	True	-1824
HLA-J	protein	EUR	2145	<20	0	0	1.0	1.0	1.0	0.0	1.0	True	1	True	-2144	1	True	-2144	1	True	-2144
HLA-J	protein	MID	501	<20	0	0	1.0	1.0	1.0	0.0	1.0	True	1	True	-500	1	True	-500	1	True	-500
HLA-J	protein	SAS	1798	<20	0	0	1.0	1.0	1.0	0.0	1.0	True	1	True	-1797	1	True	-1797	1	True	-1797
HLA-J	protein	UNASSIGNED	6041	<20	0	0	1.0	1.0	1.0	0.0	1.0	True	1	True	-6040	1	True	-6040	1	True	-6040
HLA-K	protein	AFR	361	<20	0	0	1.0	1.0	1.0	0.0	1.0	True	1	True	-360	1	True	-360	1	True	-360
HLA-K	protein	AMR	153	<20	0	0	1.0	1.0	1.0	0.0	1.0	True	1	True	-152	1	True	-152	1	True	-152
HLA-K	protein	EAS	31	<20	0	0	1.0	1.0	1.0	0.0	1.0	True	1	True	-30	1	True	-30	1	True	-30
HLA-K	protein	EUR	342	<20	0	0	1.0	1.0	1.0	0.0	1.0	True	1	True	-341	1	True	-341	1	True	-341
HLA-K	protein	MID	44	<20	0	0	1.0	1.0	1.0	0.0	1.0	True	1	True	-43	1	True	-43	1	True	-43
HLA-K	protein	SAS	169	<20	0	0	1.0	1.0	1.0	0.0	1.0	True	1	True	-168	1	True	-168	1	True	-168
HLA-K	protein	UNASSIGNED	691	<20	0	0	1.0	1.0	1.0	0.0	1.0	True	1	True	-690	1	True	-690	1	True	-690
HLA-L	protein	EUR	<20	<20	1	0	1.0	1.0	1.0	0.0	1.0	True	1	True	0	1	True	0	1	True	0
HLA-N	protein	AFR	<20	<20	1	0	1.0	1.0	1.0	0.0	1.0	True	1	True	0	1	True	0	1	True	0
HLA-P	protein	AFR	2884	<20	0	0	1.0	1.0	1.0	0.0	3.0	True	10	True	-2874	18	True	-2866	30	True	-2854
HLA-P	protein	AMR	2401	<20	0	0	1.0	1.0	1.0	0.0	3.0	True	11	True	-2390	20	True	-2381	33	True	-2368
HLA-P	protein	EAS	1694	<20	0	0	1.0	1.0	1.0	0.0	3.0	True	9	True	-1685	30	True	-1664	200	True	-1494
HLA-P	protein	EUR	2092	<20	0	0	1.0	1.0	1.0	0.0	3.0	True	9	True	-2083	28	True	-2064	61	True	-2031
HLA-P	protein	MID	456	<20	0	0	1.0	1.0	1.0	0.0	3.0	True	10	True	-446	20	True	-436	37	True	-419
HLA-P	protein	SAS	1700	<20	0	0	1.0	1.0	1.0	0.0	3.0	True	10	True	-1690	24	True	-1676	47	True	-1653
HLA-P	protein	UNASSIGNED	5750	<20	0	0	1.0	1.0	1.0	0.0	3.0	True	10	True	-5740	23	True	-5727	44	True	-5706
HLA-T	protein	AFR	3642	<20	0	0	1.0	1.0	1.0	0.0	3.0	True	9	True	-3633	30	True	-3612	70	True	-3572
HLA-T	protein	AMR	2426	<20	0	0	1.0	1.0	1.0	0.0	3.0	True	11	True	-2415	25	True	-2401	51	True	-2375
HLA-T	protein	EAS	1753	<20	0	0	1.0	1.0	1.0	0.0	3.0	True	6	True	-1747	36	True	-1717	139	True	-1614
HLA-T	protein	EUR	2185	<20	0	0	1.0	1.0	1.0	0.0	3.0	True	10	True	-2175	24	True	-2161	49	True	-2136
HLA-T	protein	MID	455	<20	0	0	1.0	1.0	1.0	0.0	3.0	True	11	True	-444	24	True	-431	45	True	-410
HLA-T	protein	SAS	1829	<20	0	0	1.0	1.0	1.0	0.0	3.0	True	8	True	-1821	29	True	-1800	65	True	-1764
HLA-T	protein	UNASSIGNED	6199	<20	0	0	1.0	1.0	1.0	0.0	3.0	True	10	True	-6189	25	True	-6174	52	True	-6147
HLA-U	protein	AFR	43	<20	0	0	1.0	1.0	1.0	0.0	1.0	True	1	True	-42	1	True	-42	1	True	-42
HLA-U	protein	AMR	77	<20	0	0	1.0	0.9873459873459873	1.0	0.0	2.0	True	2	True	-75	38	True	-39	64	True	-13
HLA-U	protein	EUR	108	<20	0	0	1.0	1.0	1.0	0.0	1.0	True	1	True	-107	1	True	-107	1	True	-107
HLA-U	protein	MID	25	<20	0	0	1.0	1.0	1.0	0.0	1.0	True	1	True	-24	1	True	-24	1	True	-24
HLA-U	protein	SAS	81	<20	1	0	0.9879554351099067	0.9879554351099067	1.0	0.012044564890093312	2.0	True	1	True	-80	89	True	8	182	False	101
HLA-U	protein	UNASSIGNED	222	<20	2	1	0.9910315721126532	0.9865271286323918	1.0	0.008968427887346753	5.990990990990991	True	1	True	-221	197	True	-25	708	False	486
HLA-V	protein	AFR	<20	<20	1	0	1.0	1.0	1.0	0.0	1.0	True	1	True	0	1	True	0	1	True	0
HLA-W	protein	AFR	554	<20	1	0	0.9982014505480209	0.9982014505480209	1.0	0.0017985494519791034	2.0	True	1	True	-553	1	True	-553	717	True	163
HLA-W	protein	AMR	587	<20	0	0	1.0	0.9983022169685591	1.0	0.0	2.0	True	1	True	-586	2	True	-585	327	True	-260
HLA-W	protein	EAS	320	<20	0	0	1.0	1.0	1.0	0.0	2.0	True	5	True	-315	28	True	-292	59	True	-261
HLA-W	protein	EUR	843	<20	0	0	1.0	1.0	1.0	0.0	2.0	True	1	True	-842	32	True	-811	163	True	-680
HLA-W	protein	MID	134	<20	1	0	0.9926478717523494	0.9926478717523494	1.0	0.0073521282476506356	2.0	True	1	True	-133	2	True	-132	268	True	134
HLA-W	protein	SAS	576	<20	0	0	1.0	1.0	1.0	0.0	1.0	True	1	True	-575	1	True	-575	1	True	-575
HLA-W	protein	UNASSIGNED	1991	<20	2	0	0.9989959841890214	0.9989959841890214	1.0	0.0010040158109786423	5.9994977398292315	True	1	True	-1990	49	True	-1942	1999	True	8
HLA-Y	protein	AMR	<20	<20	1	0	1.0	1.0	1.0	0.0	1.0	True	1	True	0	1	True	0	1	True	0
HLA-Y	protein	EAS	88	<20	0	0	1.0	1.0	1.0	0.0	1.0	True	1	True	-87	1	True	-87	1	True	-87
HLA-Y	protein	UNASSIGNED	<20	<20	0	0	1.0	1.0	1.0	0.0	1.0	True	1	True	-13	1	True	-13	1	True	-13
MICA	protein	AFR	2655	47	15	6	0.9943519849772164	0.9951052734755125	0.9984962416665427	0.005648015022783559	65.74293785310735	True	139	True	-2516	1107	True	-1548	8400	False	5745
MICA	protein	AMR	2157	42	19	2	0.9911923296738175	0.9944380075503532	0.9981485781094909	0.00880767032618246	132.20815948076032	True	93	True	-2064	1285	True	-872	24439	False	22282
MICA	protein	EAS	1806	41	16	6	0.9911443219480529	0.9933567085588658	0.9977900579543527	0.008855678051947091	62.321520856404575	True	82	True	-1724	1515	True	-291	7057	False	5251
MICA	protein	EUR	1208	29	10	2	0.9917245967746359	0.9941860082857643	0.9991735889731862	0.00827540322536413	53.97930463576159	True	73	True	-1135	681	True	-527	7586	False	6378
MICA	protein	MID	452	24	6	0	0.9867354675102287	0.9889478554428504	1.0	0.01326453248977133	38.966814159292035	True	106	True	-346	835	True	383	3951	False	3499
MICA	protein	SAS	1510	29	11	3	0.9927178640439827	0.9946863519153302	0.9986807422464101	0.007282135956017344	49.153311258278144	True	70	True	-1440	639	True	-871	7004	False	5494
MICA	protein	UNASSIGNED	4749	69	38	5	0.9919987589036073	0.9955784532219274	0.997900267151312	0.008001241096392664	213.36959359865233	True	89	True	-4660	1913	True	-2836	42271	False	37522
MICB	protein	AFR	4083	33	13	4	0.9968165465413191	0.9975448265173805	0.999265971417938	0.003183453458680874	54.11982610825373	True	54	True	-4029	437	True	-3646	11765	False	7682
MICB	protein	AMR	2816	28	10	0	0.9964491159194244	0.9975144568208343	0.9996453965347831	0.003550884080575578	72.98401988636363	True	80	True	-2736	435	True	-2381	20653	False	17837
MICB	protein	EAS	2276	<20	6	1	0.9973641823339583	0.9978035496337151	0.9995621818832829	0.0026358176660417065	36.9920913884007	True	39	True	-2237	223	True	-2053	8892	False	6616
MICB	protein	EUR	2255	29	16	0	0.9929050497836991	0.9955665805113038	0.9991146531966165	0.00709495021630091	148.94678492239467	True	58	True	-2197	415	True	-1840	37588	False	35333
MICB	protein	MID	551	<20	4	2	0.9927536470564985	0.9927470654461956	1.0	0.007246352943501511	19.99274047186933	True	52	True	-499	346	True	-205	1642	False	1091
MICB	protein	SAS	2053	29	17	1	0.9917199096945897	0.9951295540983355	0.9985420513294887	0.008280090305410326	173.42961519727228	True	41	True	-2012	516	True	-1537	38924	False	36871
MICB	protein	UNASSIGNED	6862	50	24	3	0.9965026048493479	0.997814260765356	0.9992716912699308	0.0034973951506520606	145.98600990964735	True	73	True	-6789	593	True	-6269	41224	False	34362
TAP1	protein	AFR	4191	44	14	6	0.9966601916907795	0.9973695992271113	0.9992847579249033	0.0033398083092205377	60.32943609321562	True	76	True	-4115	1019	True	-3172	10087	False	5896
TAP1	protein	AMR	2891	35	15	7	0.9948131590199536	0.9958505989763512	0.9989730644037956	0.005186840980046403	51.06586944705243	True	58	True	-2833	945	True	-1946	7989	False	5098
TAP1	protein	EAS	2313	<20	8	4	0.9965427837058495	0.9969740012732443	0.9995691518702386	0.0034572162941505225	25.996541288370082	True	17	True	-2296	290	True	-2023	5182	False	2869
TAP1	protein	EUR	2349	27	16	2	0.9931893160477421	0.9953178722962736	0.9987246713095583	0.006810683952257923	90.97275436355896	True	38	True	-2311	712	True	-1637	20369	False	18020
TAP1	protein	MID	561	<20	8	0	0.9857461137876918	0.9875350010266362	1.0	0.014253886212308164	42.95008912655972	True	35	True	-526	1356	False	795	6515	False	5954
TAP1	protein	SAS	2134	22	15	0	0.9929713859362225	0.9957834465334343	0.9990641091793646	0.007028614063777527	126.95079662605436	True	30	True	-2104	260	True	-1874	33330	False	31196
TAP1	protein	UNASSIGNED	7099	67	46	1	0.9935202538058581	0.996615963616362	0.9984545591206627	0.006479746194141933	1124.8509649246373	True	59	True	-7040	1169	True	-5930	312170	False	305071
TAP2	protein	AFR	4254	59	25	7	0.9941239518948398	0.9959984452783225	0.9983554841911698	0.005876048105160181	103.63236281818791	True	108	True	-4146	1465	True	-2789	17705	False	13451
TAP2	protein	AMR	2932	51	25	4	0.9914743278123853	0.994544137475264	0.9979552488940087	0.008525672187614686	129.09835436562074	True	98	True	-2834	1878	True	-1054	22563	False	19631
TAP2	protein	EAS	2343	34	19	2	0.9918914672592463	0.9948790899269636	0.9983066674770081	0.008108532740753738	124.21148100725566	True	48	True	-2295	1035	True	-1308	25627	False	23284
TAP2	protein	EUR	2348	33	16	5	0.993187504098845	0.9944648153403781	0.9982982532894373	0.006812495901154958	58.58909710391823	True	36	True	-2312	1248	True	-1100	9555	False	7207
TAP2	protein	MID	555	23	12	0	0.9783848811217233	0.9855920873512213	0.9964353236052524	0.021615118878276718	88.88108108108108	True	76	True	-479	3118	False	2563	10773	False	10218
TAP2	protein	SAS	2157	38	19	4	0.9911931895459573	0.9935116535386114	0.9981481600603146	0.008806810454042746	83.10407974038016	True	62	True	-2095	1594	True	-563	13298	False	11141
TAP2	protein	UNASSIGNED	7217	82	41	8	0.9943192763163357	0.9965329525527242	0.9982027671811174	0.005680723683664346	187.04794235832063	True	83	True	-7134	2171	True	-5046	39339	False	32122
HLA-A	cds	AFR	4294	67	23	8	0.9946445566822544	0.996041524398146	0.9986034632008728	0.005355443317745623	100.05480030274802	True	134	True	-4160	1359	True	-2935	14651	False	10357
HLA-A	cds	AMR	2994	76	21	10	0.9929882031172232	0.9943235335996053	0.9979980153676066	0.007011796882776755	98.04263527054108	True	231	True	-2763	1927	True	-1067	9116	False	6122
HLA-A	cds	EAS	2383	52	19	2	0.992027561524432	0.9945467871915459	0.9983246261989028	0.007972438475567944	142.21212757028957	True	122	True	-2261	1415	True	-968	25873	False	23490
HLA-A	cds	EUR	2423	47	18	2	0.9925718742782281	0.9950488246580252	0.9983518758639978	0.007428125721771872	127.96657036731325	True	125	True	-2298	1100	True	-1323	24280	False	21857
HLA-A	cds	MID	575	39	13	1	0.9773973624120416	0.9843599360861155	0.9965459592845526	0.02260263758795844	123.35304347826087	True	143	True	-432	3618	False	3043	12211	False	11636
HLA-A	cds	SAS	2192	52	17	6	0.9922470233518262	0.9940709771157231	0.9981780928765178	0.007752976648173759	76.07234641119221	True	145	True	-2047	1423	True	-769	8551	False	6359
HLA-A	cds	UNASSIGNED	7321	114	47	12	0.9935805598224042	0.9961724169712619	0.9979551076357419	0.00641944017759577	206.02909438601284	True	211	True	-7110	2880	True	-4441	33976	False	26655
HLA-B	cds	AFR	4322	115	41	10	0.9905147218962835	0.9939796546236153	0.9969931075005338	0.009485278103716466	199.0305529847293	True	337	True	-3985	3881	True	-441	24252	False	19930
HLA-B	cds	AMR	2974	134	38	14	0.9872257618569444	0.9909244555380506	0.9952968292008093	0.01277423814305556	185.55408780862714	True	492	True	-2482	3963	True	989	13254	False	10280
HLA-B	cds	EAS	2364	93	25	5	0.9894264937361886	0.9928123413851919	0.9970428769541881	0.010573506263811372	155.47356175972928	True	323	True	-2041	2694	True	330	16298	False	13934
HLA-B	cds	EUR	2430	75	25	10	0.9897153214527301	0.9929945301822936	0.9971223963617152	0.010284678547269888	106.23713991769547	True	231	True	-2199	2516	True	86	9508	False	7078
HLA-B	cds	MID	580	64	17	2	0.970701561476802	0.9758918101323907	0.9914327262359779	0.029298438523198023	136.12543103448274	True	313	True	-267	3226	False	2646	8893	False	8313
HLA-B	cds	SAS	2180	75	19	7	0.9912873499053549	0.9931209497754618	0.9972633362002818	0.008712650094645058	100.7738859764089	True	257	True	-1923	1787	True	-393	8583	False	6403
HLA-B	cds	UNASSIGNED	7332	192	78	16	0.9893622974333025	0.993726949578298	0.9964548697305508	0.010637702566697493	382.09906914893617	True	494	True	-6838	8437	True	1105	49584	False	42252
HLA-C	cds	AFR	4356	76	33	8	0.9924250857504644	0.9951738617702699	0.9979349380349694	0.0075749142495356026	144.046875	True	140	True	-4216	2259	True	-2097	22545	False	18189
HLA-C	cds	AMR	2946	68	25	3	0.9915146086848013	0.994570284010674	0.9979656427337065	0.008485391315198654	172.1313079882326	True	182	True	-2764	1789	True	-1157	29187	False	26241
HLA-C	cds	EAS	2349	52	17	5	0.9927646904542667	0.994881199179998	0.9982996822676069	0.0072353095457332595	80.8876968922946	True	132	True	-2217	1312	True	-1037	10250	False	7901
HLA-C	cds	EUR	2408	48	21	3	0.9912801048312639	0.9946023466431814	0.9983412823603269	0.008719895168736058	121.46947674418605	True	94	True	-2314	1475	True	-933	20654	False	18246
HLA-C	cds	MID	567	37	6	4	0.9894428590080764	0.9876167692387717	0.9982671007309969	0.01055714099192362	41.492063492063494	True	153	True	-414	591	True	24	1569	False	1002
HLA-C	cds	SAS	2153	52	20	6	0.9907132255707881	0.9934871715880736	0.997681118005542	0.009286774429211886	85.31785106053569	True	120	True	-2033	1889	True	-264	10148	False	7995
HLA-C	cds	UNASSIGNED	7285	98	48	5	0.9934113071836354	0.9961533208618836	0.9980788081544075	0.00658869281636465	328.36837336993824	True	161	True	-7124	1835	True	-5450	73204	False	65919
HLA-DMA	cds	AFR	4398	23	11	4	0.9974992767443036	0.9979539203323569	0.9995454597565587	0.002500723255696391	38.12156093678945	True	13	True	-4385	301	True	-4097	9940	False	5542
HLA-DMA	cds	AMR	3004	<20	6	5	0.9980037710240351	0.9980028847958549	0.9996682153632528	0.0019962289759648533	20.598801597869507	True	14	True	-2990	161	True	-2843	4250	True	1246
HLA-DMA	cds	EAS	2438	<20	8	2	0.996719294924381	0.9971291306747169	0.9995908434767835	0.0032807050756189504	31.99343724364233	True	9	True	-2429	200	True	-2238	8230	False	5792
HLA-DMA	cds	EUR	2455	<20	8	1	0.9967416761356034	0.9975461567762249	1.0	0.0032583238643966173	46.98696537678208	True	21	True	-2434	117	True	-2338	14051	False	11596
HLA-DMA	cds	MID	588	<20	2	0	0.9966044240825582	0.9965619071577837	1.0	0.0033955759174417732	8.998299319727892	True	21	True	-567	155	True	-433	1307	False	719
HLA-DMA	cds	SAS	2208	<20	9	3	0.9959251439318842	0.9963776322484285	0.9995491442934374	0.004074856068115751	30.49388586956522	True	13	True	-2195	145	True	-2063	6860	False	4652
HLA-DMA	cds	UNASSIGNED	7485	21	12	1	0.9983968292893548	0.9989312314265658	0.9998664717247877	0.0016031707106451965	92.99038076152304	True	16	True	-7469	151	True	-7334	28680	False	21195
HLA-DMB	cds	AFR	4414	<20	8	0	0.998187687625909	0.9986407913847316	0.9997738580755214	0.001812312374090963	44.993656547349346	True	20	True	-4394	185	True	-4229	14911	False	10497
HLA-DMB	cds	AMR	3020	<20	8	0	0.9973512127205838	0.998013464370159	1.0	0.002648787279416198	43.99072847682119	True	20	True	-3000	154	True	-2866	14784	False	11764
HLA-DMB	cds	EAS	2428	20	8	1	0.9967054464488273	0.9975291696661716	1.0	0.0032945535511726964	51.986820428336074	True	24	True	-2404	358	True	-2070	14004	False	11576
HLA-DMB	cds	EUR	2473	<20	6	0	0.9975741241214746	0.9979784912780404	1.0	0.0024258758785253853	27.99393449251921	True	24	True	-2449	115	True	-2358	9046	False	6573
HLA-DMB	cds	MID	583	<20	1	2	0.9982964424332188	0.9948600900416452	1.0	0.0017035575667811997	8.249571183533448	True	16	True	-567	210	True	-373	661	True	78
HLA-DMB	cds	SAS	2211	<20	6	0	0.9972867050388506	0.9977389890608812	1.0	0.0027132949611493595	28.993215739484395	True	25	True	-2186	169	True	-2042	8830	False	6619
HLA-DMB	cds	UNASSIGNED	7459	32	18	5	0.9975869876313413	0.998387929095765	0.9994640234473577	0.0024130123686586513	64.39565625418956	True	22	True	-7437	157	True	-7302	19285	False	11826
HLA-DOA	cds	AFR	4430	26	10	3	0.9977429694185351	0.9981885920612453	0.9995489426440837	0.0022570305814648695	42.66290443942815	True	33	True	-4397	182	True	-4248	10440	False	6010
HLA-DOA	cds	AMR	3016	29	13	2	0.9956900950147392	0.997016349444367	0.9993381870671875	0.004309904985260848	71.23599137931035	True	42	True	-2974	525	True	-2491	17332	False	14316
HLA-DOA	cds	EAS	2426	<20	5	4	0.9979403531714213	0.997115271680108	1.0	0.0020596468285787317	20.12371187139324	True	10	True	-2416	358	True	-2068	3522	True	1096
HLA-DOA	cds	EUR	2462	<20	3	3	0.9987824679340346	0.9983654803060604	1.0	0.001217532065965421	15.499390739236393	True	24	True	-2438	143	True	-2319	2705	True	243
HLA-DOA	cds	MID	579	<20	4	2	0.9931034688477841	0.9930975081467018	1.0	0.00689653115221589	17.993091537132987	True	46	True	-533	355	True	-224	1697	False	1118
HLA-DOA	cds	SAS	2216	27	14	2	0.9936831252870778	0.9954881692128913	0.9990991099772126	0.006316874712922194	75.9778880866426	True	43	True	-2173	546	True	-1670	16507	False	14291
HLA-DOA	cds	UNASSIGNED	7482	39	16	3	0.9978616415385743	0.9983963990580247	0.9994657049784801	0.002138358461425738	81.6609640915976	True	61	True	-7421	401	True	-7081	22645	False	15163
HLA-DOB	cds	AFR	4467	24	10	3	0.9977616618096332	0.9982092868506791	0.99977644145802	0.0022383381903667843	40.66293560182076	True	33	True	-4434	194	True	-4273	10465	False	5998
HLA-DOB	cds	AMR	3044	21	5	2	0.9983578561586038	0.9983494328468694	1.0	0.0016421438413961598	27.247946780551906	True	48	True	-2996	256	True	-2788	4931	True	1887
HLA-DOB	cds	EAS	2466	<20	5	1	0.9979727539446014	0.998368131060546	1.0	0.0020272460553986127	27.49493106244931	True	45	True	-2421	142	True	-2324	6822	False	4356
HLA-DOB	cds	EUR	2475	23	10	1	0.9959599225624608	0.9971619590781489	0.9995969452327859	0.004040077437539202	72.97979797979798	True	50	True	-2425	258	True	-2217	19748	False	17273
HLA-DOB	cds	MID	588	<20	3	0	0.9949037470915763	0.9949037470915763	1.0	0.0050962529084237485	14.994897959183675	True	47	True	-541	134	True	-454	2023	False	1435
HLA-DOB	cds	SAS	2235	<20	9	0	0.9959735548841624	0.9973158367434395	0.9995537811244782	0.004026445115837607	54.98389261744966	True	40	True	-2195	207	True	-2028	16239	False	14004
HLA-DOB	cds	UNASSIGNED	7505	28	11	2	0.9985343814821067	0.9988009051086483	0.9998667918869144	0.0014656185178932857	58.24596935376415	True	52	True	-7453	179	True	-7326	15394	False	7889
HLA-DPA1	cds	AFR	4413	53	29	6	0.9934291229548776	0.9959159032467475	0.9981940557632482	0.006570877045122381	123.06745222448826	True	68	True	-4345	1314	True	-3099	24488	False	20075
HLA-DPA1	cds	AMR	3006	22	7	0	0.9976715454072287	0.9980044347370469	1.0	0.002328454592771312	42.99301397205589	True	46	True	-2960	425	True	-2581	11896	False	8890
HLA-DPA1	cds	EAS	2433	<20	7	5	0.9971245825845468	0.9971232315132839	0.9995906679013954	0.002875417415453163	21.897986025482943	True	19	True	-2414	119	True	-2314	4232	True	1799
HLA-DPA1	cds	EUR	2452	<20	9	0	0.9963298596735302	0.9975431632445407	0.9996039811599284	0.0036701403264698396	52.98531810766721	True	28	True	-2424	233	True	-2219	16794	False	14342
HLA-DPA1	cds	MID	585	<20	8	2	0.9863364845400774	0.988040039286983	0.9983193760971538	0.013663515459922615	31.972649572649573	True	42	True	-543	950	True	365	3641	False	3056
HLA-DPA1	cds	SAS	2201	<20	8	0	0.9963657014936915	0.9972747818782712	1.0	0.0036342985063084754	43.98727850976829	True	25	True	-2176	231	True	-1970	13558	False	11357
HLA-DPA1	cds	UNASSIGNED	7454	49	27	5	0.9963779637342242	0.9978536427685568	0.9990646179688377	0.003622036265775841	121.89022001609874	True	72	True	-7382	550	True	-6904	33354	False	25900
HLA-DPA2	cds	UNASSIGNED	<20	<20	1	0	1.0	1.0	1.0	0.0	1.0	True	1	True	0	1	True	0	1	True	0
HLA-DPB1	cds	AFR	4339	75	27	5	0.9937778992885403	0.9956221678402978	0.9981574279233374	0.006222100711459677	147.88319889375433	True	163	True	-4176	1887	True	-2452	25752	False	21413
HLA-DPB1	cds	AMR	2949	65	25	6	0.9915239301097457	0.9942369266858152	0.997628618046082	0.00847606989025429	117.065671979202	True	173	True	-2776	2070	True	-879	16077	False	13128
HLA-DPB1	cds	EAS	2380	45	17	3	0.9928582023924307	0.9949593780666283	0.99832250080649	0.007141797607569278	93.14642857142857	True	107	True	-2273	1071	True	-1309	15633	False	13253
HLA-DPB1	cds	EUR	2401	38	15	2	0.9937532971601425	0.9954196165897323	0.9987525996170481	0.00624670283985751	94.22657226155769	True	110	True	-2291	588	True	-1813	18891	False	16490
HLA-DPB1	cds	MID	576	28	11	2	0.9809148474394761	0.984386917175481	0.9965636354943583	0.0190851525605239	58.197482638888886	True	109	True	-467	1599	False	1023	5241	False	4665
HLA-DPB1	cds	SAS	2175	41	14	6	0.9935657552201304	0.9949442094880769	0.9986236546401128	0.006434244779869647	57.32582375478927	True	102	True	-2073	1006	True	-1169	6898	False	4723
HLA-DPB1	cds	UNASSIGNED	7339	89	37	9	0.9949587754219716	0.9965938003703961	0.9986378258622582	0.005041224578028358	165.04519235136485	True	176	True	-7163	1733	True	-5606	31740	False	24401
HLA-DPB2	cds	AFR	<20	<20	2	0	0.6799999999999999	0.6799999999999999	1.0	0.32000000000000006	3.8	True	14	False	9	21	False	16	31	False	26
HLA-DPB2	cds	EAS	<20	<20	2	0	0.5	0.5	1.0	0.5	2.5	True	6	False	4	8	False	6	11	False	9
HLA-DPB2	cds	EUR	<20	<20	0	0	1.0	1.0	1.0	0.0	1.0	True	1	True	-2	1	True	-2	1	True	-2
HLA-DPB2	cds	MID	<20	<20	1	0	1.0	1.0	1.0	0.0	1.0	True	1	True	0	1	True	0	1	True	0
HLA-DPB2	cds	SAS	<20	<20	1	1	0.8333333333333334	0.8333333333333334	1.0	0.16666666666666663	2.3333333333333335	True	5	True	2	8	False	5	11	False	8
HLA-DPB2	cds	UNASSIGNED	<20	<20	3	2	0.6493506493506493	0.4725274725274725	1.0	0.35064935064935066	6.928571428571429	True	17	False	10	25	False	18	37	False	30
HLA-DQA1	cds	AFR	4363	37	14	3	0.9967915139538588	0.9974793190765652	0.9995418125234444	0.0032084860461412124	69.65917946367179	True	65	True	-4298	353	True	-4010	16230	False	11867
HLA-DQA1	cds	AMR	3019	28	8	2	0.9973505548729725	0.9976815709267283	0.9996696456518799	0.002649445127027472	43.994700231864854	True	56	True	-2963	239	True	-2780	8901	False	5882
HLA-DQA1	cds	EAS	2427	27	5	2	0.9979405225632817	0.9979401830516699	1.0	0.0020594774367183044	33.247424804285124	True	58	True	-2369	306	True	-2121	4619	True	2192
HLA-DQA1	cds	EUR	2440	30	9	3	0.9963124833411354	0.9963124833411354	0.9991823476913254	0.003687516658864576	43.49446721311475	True	57	True	-2383	431	True	-2009	7215	False	4775
HLA-DQA1	cds	MID	580	24	6	0	0.9896611245585493	0.9896611245585493	0.9983475060008197	0.010338875441450734	38.974137931034484	True	82	True	-498	638	True	58	4639	False	4059
HLA-DQA1	cds	SAS	2214	29	11	0	0.9950320251473892	0.996838709861743	0.999549550099677	0.004967974852610801	83.97515808491417	True	65	True	-2149	313	True	-1901	21726	False	19512
HLA-DQA1	cds	UNASSIGNED	7399	50	19	5	0.9974322680930561	0.9981079976391612	0.9993279715434729	0.0025677319069439264	86.0951209622922	True	77	True	-7322	475	True	-6924	20655	False	13256
HLA-DQA2	cds	AFR	4457	33	11	2	0.9975321735680546	0.9979809058955673	0.9995516726318533	0.00246782643194543	63.24321292349114	True	51	True	-4406	473	True	-3984	15527	False	11070
HLA-DQA2	cds	AMR	3048	23	4	5	0.998688739903577	0.9983597953730877	1.0	0.001311260096423017	24.599475065616797	True	57	True	-2991	304	True	-2744	3379	True	331
HLA-DQA2	cds	EAS	2445	<20	8	2	0.9967286856140888	0.9971373489713499	0.9995920119922987	0.003271314385911217	33.993456032719834	True	28	True	-2417	149	True	-2296	8239	False	5794
HLA-DQA2	cds	EUR	2468	<20	3	0	0.9987847692391559	0.9987847692391559	1.0	0.001215230760844066	16.998784440842787	True	34	True	-2434	184	True	-2284	3190	True	722
HLA-DQA2	cds	MID	595	<20	1	1	0.998324967570921	0.9966443047807358	1.0	0.0016750324290789598	13.499159663865546	True	47	True	-548	208	True	-387	749	True	154
HLA-DQA2	cds	SAS	2231	<20	4	2	0.9982078856647126	0.9977592544599477	1.0	0.0017921143352873647	18.998207082026	True	26	True	-2205	163	True	-2068	3533	True	1302
HLA-DQA2	cds	UNASSIGNED	7484	33	12	5	0.9983967579120278	0.9986605462099327	0.9995993242173526	0.0016032420879722453	47.39807589524319	True	55	True	-7429	171	True	-7313	11723	True	4239
HLA-DQB1	cds	AFR	4312	45	13	8	0.996986018176384	0.9972173886899464	0.9993046999426846	0.0030139818236160076	55.560050440630796	True	79	True	-4233	784	True	-3528	8177	True	3865
HLA-DQB1	cds	AMR	2960	33	12	3	0.9959466308680703	0.9969512532565736	0.9993252535375473	0.004053369131929663	56.991891891891896	True	72	True	-2888	350	True	-2610	11244	False	8284
HLA-DQB1	cds	EAS	2411	27	8	1	0.9966822189089345	0.9970969845612383	0.9995866236711017	0.003317781091065508	58.986727498963084	True	64	True	-2347	200	True	-2211	13973	False	11562
HLA-DQB1	cds	EUR	2425	22	5	0	0.9979384845139705	0.99835085563396	1.0	0.002061515486029508	31.995876288659794	True	53	True	-2372	190	True	-2235	6810	False	4385
HLA-DQB1	cds	MID	573	28	10	2	0.9825601886914409	0.9877896941673006	0.998272915572142	0.017439811308559094	52.956369982548	True	89	True	-484	1369	False	796	4663	False	4090
HLA-DQB1	cds	SAS	2196	32	11	4	0.99499255165744	0.9954474999861268	0.9990913333879157	0.00500744834255995	47.11811247723133	True	60	True	-2136	441	True	-1755	7059	False	4863
HLA-DQB1	cds	UNASSIGNED	7303	58	31	2	0.9957552441168622	0.9975355182381416	0.9989049412468837	0.004244755883137774	298.21710256059157	True	75	True	-7228	508	True	-6795	89116	False	81813
HLA-DQB2	cds	AFR	4429	35	14	5	0.9968395253988886	0.9975168740835895	0.999323270240665	0.0031604746011113516	54.59557462181079	True	52	True	-4377	544	True	-3885	11564	False	7135
HLA-DQB2	cds	AMR	3026	28	12	2	0.9960348057397079	0.9970264264742849	0.9993401575674216	0.003965194260292071	63.9881031064111	True	32	True	-2994	506	True	-2520	15528	False	12502
HLA-DQB2	cds	EAS	2448	<20	4	2	0.9983666805502157	0.9983663468792352	1.0	0.0016333194497842873	19.998366013071895	True	44	True	-2404	142	True	-2306	3649	True	1201
HLA-DQB2	cds	EUR	2468	23	12	2	0.9951384202526191	0.9963542995090375	0.9991899637826903	0.004861579747380884	58.985413290113456	True	24	True	-2444	318	True	-2150	14173	False	11705
HLA-DQB2	cds	MID	584	<20	5	2	0.9914500884615204	0.9897376157711388	1.0	0.008549911538479615	23.23929794520548	True	57	True	-527	481	True	-103	2149	False	1565
HLA-DQB2	cds	SAS	2213	23	10	2	0.9954820641623686	0.9968372815374428	0.9995493471033735	0.004517935837631382	47.98870311793945	True	40	True	-2173	277	True	-1936	10554	False	8341
HLA-DQB2	cds	UNASSIGNED	7475	44	19	5	0.9974583729601902	0.9981272683819493	0.9994650627704589	0.0025416270398097573	80.09517056856187	True	60	True	-7415	539	True	-6936	20722	False	13247
HLA-DRA	cds	AFR	4325	<20	9	1	0.9979191820834498	0.9983816098275444	0.9997693196155683	0.002080817916550237	59.49063583815029	True	21	True	-4304	157	True	-4168	18584	False	14259
HLA-DRA	cds	AMR	2976	<20	4	1	0.9986561398373455	0.9986561398373455	1.0	0.001343860162654531	18.997311827956988	True	13	True	-2963	118	True	-2858	4735	True	1759
HLA-DRA	cds	EAS	2393	21	13	1	0.9945678378882692	0.9962400784213545	0.9991663375397221	0.005432162111730809	105.46468867530297	True	17	True	-2376	301	True	-2092	28707	False	26314
HLA-DRA	cds	EUR	2430	<20	2	0	0.9991772934342664	0.9991772934342664	1.0	0.0008227065657335775	8.999588477366256	True	14	True	-2416	49	True	-2381	1589	True	-841
HLA-DRA	cds	MID	581	<20	0	0	1.0	0.9982847442790307	1.0	0.0	5.0	True	13	True	-568	76	True	-505	341	True	-240
HLA-DRA	cds	SAS	2174	<20	8	1	0.9963205705062951	0.9972405336915358	0.9995417056311787	0.003679429493704922	45.98528058877645	True	17	True	-2157	95	True	-2079	13499	False	11325
HLA-DRA	cds	UNASSIGNED	7330	<20	10	1	0.9986357807477597	0.9990416470501937	0.9998637249619615	0.001364219252240284	68.99317871759891	True	19	True	-7311	103	True	-7227	18712	False	11382
HLA-DRB1	cds	AFR	4308	71	19	11	0.9955907861167417	0.996286841694621	0.9986081068193741	0.004409213883258323	87.40528192791425	True	158	True	-4150	1512	True	-2796	9828	False	5520
HLA-DRB1	cds	AMR	2944	70	16	4	0.9945661405750327	0.9952454883787177	0.9986422443416696	0.0054338594249673244	101.98913043478261	True	190	True	-2754	1269	True	-1675	12908	False	9964
HLA-DRB1	cds	EAS	2366	60	21	7	0.9911267616202529	0.99365004846247	0.9978902968642229	0.008873238379747073	91.48668639053254	True	147	True	-2219	1954	True	-412	10112	False	7746
HLA-DRB1	cds	EUR	2386	51	16	4	0.9932956217915483	0.9949717163436612	0.998326387261622	0.006704378208451711	82.98658843252305	True	150	True	-2236	1035	True	-1351	11464	False	9078
HLA-DRB1	cds	MID	566	40	7	5	0.9876637004888178	0.9858843058144108	0.99654695857102	0.012336299511182203	44.89134275618375	True	175	True	-391	650	True	84	1561	False	995
HLA-DRB1	cds	SAS	2164	58	15	5	0.9930705276266214	0.9944564221012971	0.998155429998778	0.006929472373378598	80.48960258780036	True	194	True	-1970	1321	True	-843	8446	False	6282
HLA-DRB1	cds	UNASSIGNED	7252	103	38	10	0.9947604465030405	0.9965493514049938	0.9983493007502134	0.0052395534969594815	175.19004412575842	True	197	True	-7055	1831	True	-5421	30071	False	22819
HLA-DRB3	cds	AFR	2186	<20	6	0	0.9972556794108831	0.9977131359397402	1.0	0.0027443205891168887	26.99313815187557	True	15	True	-2171	32	True	-2154	8804	False	6618
HLA-DRB3	cds	AMR	1068	<20	5	1	0.9953201064717445	0.9953201064717445	1.0	0.0046798935282554854	22.488295880149813	True	13	True	-1055	83	True	-985	5186	False	4118
HLA-DRB3	cds	EAS	912	<20	2	2	0.9978118214484734	0.9967129317810064	1.0	0.0021881785515266428	8.99890350877193	True	16	True	-896	44	True	-868	1270	True	358
HLA-DRB3	cds	EUR	960	<20	5	0	0.9947938381627406	0.995809517184236	1.0	0.005206161837259415	19.989583333333332	True	10	True	-950	162	True	-798	4917	False	3957
HLA-DRB3	cds	MID	284	<20	2	1	0.9929825431462012	0.9894614455239072	1.0	0.007017456853798842	9.992957746478874	True	20	True	-264	202	True	-82	837	False	553
HLA-DRB3	cds	SAS	844	<20	4	1	0.995263472835202	0.995263472835202	1.0	0.004736527164797999	16.990521327014218	True	20	True	-824	48	True	-796	3468	False	2624
HLA-DRB3	cds	UNASSIGNED	3265	<20	6	2	0.9981627029831371	0.9984687940796373	1.0	0.00183729701686286	23.997243491577336	True	19	True	-3246	136	True	-3129	6244	True	2979
HLA-DRB4	cds	AFR	712	<20	0	0	1.0	1.0	1.0	0.0	3.0	True	6	True	-706	37	True	-675	132	True	-580
HLA-DRB4	cds	AMR	947	<20	1	0	0.9989462615677311	0.9989462615677311	1.0	0.001053738432268858	5.0	True	12	True	-935	32	True	-915	972	True	25
HLA-DRB4	cds	EAS	696	<20	4	2	0.9942611309287884	0.9942210856887671	1.0	0.005738869071211572	13.99425287356322	True	8	True	-688	346	True	-350	1912	False	1216
HLA-DRB4	cds	EUR	664	<20	3	0	0.9954864662063624	0.9954864662063624	1.0	0.004513533793637614	8.995481927710843	True	10	True	-654	48	True	-616	2164	False	1500
HLA-DRB4	cds	MID	155	<20	2	0	0.9871800208116546	0.9807285873192436	1.0	0.012819979188345432	5.993548387096774	True	15	True	-140	194	True	39	550	False	395
HLA-DRB4	cds	SAS	466	<20	1	0	0.9978632675005285	0.9978632675005285	1.0	0.0021367324994715498	5.0	True	19	True	-447	88	True	-378	643	True	177
HLA-DRB4	cds	UNASSIGNED	1823	<20	4	1	0.9978064165626385	0.9972578702435035	1.0	0.002193583437361535	17.995611629182665	True	11	True	-1812	83	True	-1740	4686	False	2863
HLA-DRB5	cds	AFR	713	<20	4	1	0.9943938387342831	0.9943938387342831	1.0	0.005606161265716891	17.988779803646565	True	17	True	-696	290	True	-423	3169	False	2456
HLA-DRB5	cds	AMR	307	<20	2	1	0.9935065624038452	0.9902492564792522	1.0	0.0064934375961548385	8.993485342019543	True	16	True	-291	171	True	-136	881	False	574
HLA-DRB5	cds	EAS	447	<20	3	0	0.9932986076329761	0.9932986076329761	1.0	0.0067013923670239395	10.993288590604028	True	22	True	-425	136	True	-311	1721	False	1274
HLA-DRB5	cds	EUR	378	<20	3	0	0.9920775017862397	0.9920775017862397	1.0	0.007922498213760343	9.992063492063492	True	20	True	-358	159	True	-219	1550	False	1172
HLA-DRB5	cds	MID	56	<20	1	0	0.9827694235588973	0.9649234693877551	1.0	0.017230576441102707	4.0	True	13	True	-43	72	True	16	136	False	80
HLA-DRB5	cds	SAS	520	<20	0	0	1.0	0.9980843053299867	1.0	0.0	5.0	True	8	True	-512	96	True	-424	257	True	-263
HLA-DRB5	cds	UNASSIGNED	929	<20	1	0	0.9989258886303922	0.9989258886303922	1.0	0.0010741113696077775	6.0	True	15	True	-914	78	True	-851	963	True	34
HLA-E	cds	AFR	4318	32	21	0	0.9951367446212293	0.9972211475027934	0.9990741840319916	0.004863255378770748	241.95136637332098	True	24	True	-4294	385	True	-3933	76016	False	71698
HLA-E	cds	AMR	2965	27	15	3	0.9949416607144523	0.9962905056870556	0.9989897918159112	0.005058339285547664	64.48735244519392	True	15	True	-2950	588	True	-2377	14978	False	12013
HLA-E	cds	EAS	2358	<20	9	2	0.9961839256796455	0.9970317423381799	0.9995769886111766	0.003816074320354468	37.24141221374046	True	11	True	-2347	178	True	-2180	9461	False	7103
HLA-E	cds	EUR	2411	<20	4	1	0.9983412815028541	0.9983412815028541	1.0	0.001658718497145939	21.996681874740773	True	20	True	-2391	211	True	-2200	4851	False	2440
HLA-E	cds	MID	563	<20	1	1	0.9982300996435005	0.996453911896747	1.0	0.0017699003564994875	6.49911190053286	True	14	True	-549	53	True	-510	724	True	161
HLA-E	cds	SAS	2153	<20	6	1	0.9972136224914528	0.9976780906620143	0.9995492381389821	0.0027863775085471554	29.99163957268927	True	11	True	-2142	118	True	-2035	8770	False	6617
HLA-E	cds	UNASSIGNED	7252	39	25	2	0.9965527511908269	0.9977938642057396	0.9991766157910711	0.0034472488091731313	195.22845421952564	True	17	True	-7235	214	True	-7038	63339	False	56087
HLA-F	cds	AFR	4349	<20	7	1	0.9983905403429241	0.9986205840014182	0.9997704843750956	0.001609459657075929	41.49436652103932	True	15	True	-4334	158	True	-4191	11592	False	7243
HLA-F	cds	AMR	2975	24	12	1	0.9959666125906793	0.9969752419458632	0.9993288594390425	0.004033387409320688	95.97579831932772	True	21	True	-2954	473	True	-2502	27862	False	24887
HLA-F	cds	EAS	2362	<20	11	1	0.9953432883291523	0.9966137569172997	0.9995780685729192	0.004656711670847691	78.47438611346317	True	14	True	-2348	204	True	-2158	22339	False	19977
HLA-F	cds	EUR	2393	<20	9	1	0.9962393798757756	0.9974930363576687	0.9995835161219947	0.003760620124224401	54.483075637275384	True	14	True	-2379	69	True	-2324	16652	False	14259
HLA-F	cds	MID	570	<20	7	0	0.9877254617094807	0.9912342324022209	1.0	0.012274538290519277	31.96315789473684	True	14	True	-556	979	True	409	5565	False	4995
HLA-F	cds	SAS	2163	<20	11	1	0.9949148982855252	0.9967526343348321	0.9995389586350787	0.005085101714474849	77.47202958853444	True	17	True	-2146	131	True	-2032	21503	False	19340
HLA-F	cds	UNASSIGNED	7288	53	37	6	0.9949233873072074	0.9971152403093871	0.9986316496545882	0.005076612692792581	167.06767974753018	True	15	True	-7273	528	True	-6760	43792	False	36504
HLA-G	cds	AFR	4053	36	15	3	0.9962994030604704	0.9972863232702016	0.9992606651180899	0.003700596939529621	73.49074759437454	True	73	True	-3980	496	True	-3557	17309	False	13256
HLA-G	cds	AMR	2938	28	8	2	0.9972775227032429	0.9976176585775134	0.9996605570008819	0.00272247729675712	43.99455411844792	True	46	True	-2892	580	True	-2358	8822	False	5884
HLA-G	cds	EAS	2341	22	11	1	0.9953015184256513	0.9965830220459421	0.9995735701670845	0.004698481574348712	82.47415634344298	True	26	True	-2315	324	True	-2017	22255	False	19914
HLA-G	cds	EUR	2405	25	11	0	0.9954265413238415	0.9966742883773452	0.9995852347719567	0.004573458676158548	79.97713097713098	True	44	True	-2361	426	True	-1979	22507	False	20102
HLA-G	cds	MID	546	<20	3	2	0.9945189039148771	0.9944664199071265	1.0	0.005481096085122927	16.24587912087912	True	40	True	-506	211	True	-335	1243	False	697
HLA-G	cds	SAS	2179	27	15	3	0.9931173723336822	0.9949530661697727	0.9990834207961792	0.006882627666317753	64.4827902707664	True	32	True	-2147	344	True	-1835	12684	False	10505
HLA-G	cds	UNASSIGNED	7200	59	30	5	0.9958335262524308	0.9975001929131427	0.9988892765388064	0.004166473747569177	148.9875	True	50	True	-7150	936	True	-6264	38022	False	30822
HLA-H	cds	AFR	376	<20	1	0	0.9973545346802867	0.9973545346802867	1.0	0.002645465319713325	3.0	True	4	True	-372	36	True	-340	559	True	183
HLA-H	cds	AMR	173	<20	0	0	1.0	0.994286093947246	1.0	0.0	2.0	True	1	True	-172	42	True	-131	131	True	-42
HLA-H	cds	EAS	31	<20	0	0	1.0	1.0	1.0	0.0	1.0	True	1	True	-30	1	True	-30	1	True	-30
HLA-H	cds	EUR	364	<20	1	0	0.9972678006924582	0.9972678006924582	1.0	0.0027321993075417605	2.0	True	1	True	-363	1	True	-363	547	True	183
HLA-H	cds	MID	50	<20	1	0	0.9807843137254902	0.9807843137254902	1.0	0.019215686274509758	2.0	True	1	True	-49	67	True	17	124	False	74
HLA-H	cds	SAS	165	<20	0	0	1.0	1.0	1.0	0.0	1.0	True	1	True	-164	1	True	-164	1	True	-164
HLA-H	cds	UNASSIGNED	761	<20	1	0	0.99868938853077	0.99868938853077	1.0	0.0013106114692299498	3.0	True	1	True	-760	29	True	-732	864	True	103
HLA-HFE	cds	AFR	265	<20	3	0	0.9887077610379735	0.9887077610379735	1.0	0.011292238962026468	9.98867924528302	True	24	True	-241	314	True	49	1227	False	962
HLA-HFE	cds	AMR	672	<20	5	2	0.9925683841562823	0.9925639566222676	1.0	0.007431615843717654	16.240699404761905	True	13	True	-659	386	True	-286	2356	False	1684
HLA-HFE	cds	EAS	322	<20	1	0	0.9969136395977155	0.9969136395977155	1.0	0.0030863604022844937	4.0	True	7	True	-315	74	True	-248	504	True	182
HLA-HFE	cds	EUR	344	<20	3	0	0.9912959871878736	0.9912959871878736	1.0	0.008704012812126405	9.991279069767442	True	20	True	-324	108	True	-236	1459	False	1115
HLA-HFE	cds	MID	74	<20	2	0	0.9733382030679328	0.9733382030679328	1.0	0.02666179693206716	4.986486486486487	True	13	True	-61	147	True	73	316	False	242
HLA-HFE	cds	SAS	326	<20	3	0	0.9908163841985294	0.9908163841985294	1.0	0.009183615801470646	7.99079754601227	True	8	True	-318	57	True	-269	1409	False	1083
HLA-HFE	cds	UNASSIGNED	947	<20	5	1	0.9947224004977234	0.9947224004977234	1.0	0.005277599502276575	22.486800422386484	True	14	True	-933	158	True	-789	4882	False	3935
HLA-J	cds	AFR	3643	<20	0	0	1.0	1.0	1.0	0.0	1.0	True	1	True	-3642	1	True	-3642	1	True	-3642
HLA-J	cds	AMR	2428	<20	0	0	1.0	1.0	1.0	0.0	1.0	True	1	True	-2427	1	True	-2427	1	True	-2427
HLA-J	cds	EAS	1825	<20	0	0	1.0	1.0	1.0	0.0	1.0	True	1	True	-1824	1	True	-1824	1	True	-1824
HLA-J	cds	EUR	2145	<20	0	0	1.0	1.0	1.0	0.0	1.0	True	1	True	-2144	1	True	-2144	1	True	-2144
HLA-J	cds	MID	501	<20	0	0	1.0	1.0	1.0	0.0	1.0	True	1	True	-500	1	True	-500	1	True	-500
HLA-J	cds	SAS	1798	<20	0	0	1.0	1.0	1.0	0.0	1.0	True	1	True	-1797	1	True	-1797	1	True	-1797
HLA-J	cds	UNASSIGNED	6041	<20	0	0	1.0	1.0	1.0	0.0	1.0	True	1	True	-6040	1	True	-6040	1	True	-6040
HLA-K	cds	AFR	361	<20	0	0	1.0	1.0	1.0	0.0	1.0	True	1	True	-360	1	True	-360	1	True	-360
HLA-K	cds	AMR	153	<20	0	0	1.0	1.0	1.0	0.0	1.0	True	1	True	-152	1	True	-152	1	True	-152
HLA-K	cds	EAS	31	<20	0	0	1.0	1.0	1.0	0.0	1.0	True	1	True	-30	1	True	-30	1	True	-30
HLA-K	cds	EUR	342	<20	0	0	1.0	1.0	1.0	0.0	1.0	True	1	True	-341	1	True	-341	1	True	-341
HLA-K	cds	MID	44	<20	0	0	1.0	1.0	1.0	0.0	1.0	True	1	True	-43	1	True	-43	1	True	-43
HLA-K	cds	SAS	169	<20	0	0	1.0	1.0	1.0	0.0	1.0	True	1	True	-168	1	True	-168	1	True	-168
HLA-K	cds	UNASSIGNED	691	<20	0	0	1.0	1.0	1.0	0.0	1.0	True	1	True	-690	1	True	-690	1	True	-690
HLA-L	cds	EUR	<20	<20	1	0	1.0	1.0	1.0	0.0	1.0	True	1	True	0	1	True	0	1	True	0
HLA-N	cds	AFR	<20	<20	1	0	1.0	1.0	1.0	0.0	1.0	True	1	True	0	1	True	0	1	True	0
HLA-P	cds	AFR	2884	<20	0	0	1.0	1.0	1.0	0.0	4.0	True	10	True	-2874	21	True	-2863	340	True	-2544
HLA-P	cds	AMR	2401	<20	0	0	1.0	1.0	1.0	0.0	4.0	True	11	True	-2390	23	True	-2378	352	True	-2049
HLA-P	cds	EAS	1694	<20	0	1	1.0	0.9994103777691871	1.0	0.0	4.0	True	9	True	-1685	33	True	-1661	394	True	-1300
HLA-P	cds	EUR	2092	<20	1	0	0.9995224452993179	0.9995224452993179	1.0	0.0004775547006821146	4.0	True	10	True	-2082	29	True	-2063	71	True	-2021
HLA-P	cds	MID	456	<20	1	0	0.9978166148412607	0.9978166148412607	1.0	0.0021833851587392816	4.0	True	10	True	-446	22	True	-434	635	True	179
HLA-P	cds	SAS	1700	<20	0	0	1.0	0.9994124563405609	1.0	0.0	4.0	True	10	True	-1690	26	True	-1674	420	True	-1280
HLA-P	cds	UNASSIGNED	5750	<20	0	0	1.0	1.0	1.0	0.0	4.0	True	10	True	-5740	26	True	-5724	369	True	-5381
HLA-T	cds	AFR	3642	<20	0	0	1.0	1.0	1.0	0.0	3.0	True	9	True	-3633	30	True	-3612	70	True	-3572
HLA-T	cds	AMR	2426	<20	0	0	1.0	1.0	1.0	0.0	3.0	True	11	True	-2415	25	True	-2401	51	True	-2375
HLA-T	cds	EAS	1753	<20	0	0	1.0	1.0	1.0	0.0	3.0	True	6	True	-1747	36	True	-1717	139	True	-1614
HLA-T	cds	EUR	2185	<20	0	0	1.0	1.0	1.0	0.0	3.0	True	10	True	-2175	24	True	-2161	49	True	-2136
HLA-T	cds	MID	455	<20	0	0	1.0	1.0	1.0	0.0	3.0	True	11	True	-444	24	True	-431	45	True	-410
HLA-T	cds	SAS	1829	<20	0	0	1.0	1.0	1.0	0.0	3.0	True	8	True	-1821	29	True	-1800	65	True	-1764
HLA-T	cds	UNASSIGNED	6199	<20	0	0	1.0	1.0	1.0	0.0	3.0	True	10	True	-6189	25	True	-6174	52	True	-6147
HLA-U	cds	AFR	43	<20	1	0	0.9778012684989429	0.9778012684989429	1.0	0.022198731501057112	2.0	True	1	True	-42	61	True	18	110	False	67
HLA-U	cds	AMR	77	<20	0	1	1.0	0.9743632990386237	1.0	0.0	3.0	True	12	True	-65	56	True	-21	74	True	-3
HLA-U	cds	EUR	108	<20	0	1	1.0	0.9909106354060483	1.0	0.0	2.0	True	1	True	-107	50	True	-58	102	True	-6
HLA-U	cds	MID	25	<20	0	0	1.0	1.0	1.0	0.0	1.0	True	1	True	-24	1	True	-24	1	True	-24
HLA-U	cds	SAS	81	<20	1	0	0.9879554351099067	0.9756134735558604	1.0	0.012044564890093312	3.0	True	7	True	-74	89	True	8	182	False	101
HLA-U	cds	UNASSIGNED	222	<20	3	1	0.9865271286323918	0.9865271286323918	1.0	0.013472871367608219	9.47972972972973	True	1	True	-221	321	True	99	1086	False	864
HLA-V	cds	AFR	<20	<20	1	0	1.0	1.0	1.0	0.0	1.0	True	1	True	0	1	True	0	1	True	0
HLA-W	cds	AFR	554	<20	1	0	0.9982014505480209	0.9982014505480209	1.0	0.0017985494519791034	2.0	True	1	True	-553	1	True	-553	717	True	163
HLA-W	cds	AMR	587	<20	1	1	0.9983022169685591	0.9965986493271304	1.0	0.0016977830314408582	3.4991482112436114	True	1	True	-586	2	True	-585	743	True	156
HLA-W	cds	EAS	320	<20	0	1	1.0	0.9968944704049845	1.0	0.0	3.0	True	6	True	-314	42	True	-278	268	True	-52
HLA-W	cds	EUR	843	<20	0	0	1.0	1.0	1.0	0.0	2.0	True	1	True	-842	32	True	-811	163	True	-680
HLA-W	cds	MID	134	<20	1	0	0.9926478717523494	0.9926478717523494	1.0	0.0073521282476506356	2.0	True	1	True	-133	2	True	-132	268	True	134
HLA-W	cds	SAS	576	<20	0	0	1.0	1.0	1.0	0.0	1.0	True	1	True	-575	1	True	-575	1	True	-575
HLA-W	cds	UNASSIGNED	1991	<20	3	0	0.9984937241027356	0.9984937241027356	1.0	0.0015062758972643753	9.998493219487695	True	1	True	-1990	77	True	-1914	3214	True	1223
HLA-Y	cds	AMR	<20	<20	1	0	1.0	1.0	1.0	0.0	1.0	True	1	True	0	1	True	0	1	True	0
HLA-Y	cds	EAS	88	<20	0	1	1.0	0.9888917262512769	1.0	0.0	2.0	True	1	True	-87	49	True	-39	84	True	-4
HLA-Y	cds	UNASSIGNED	<20	<20	1	0	0.9380952380952381	0.9380952380952381	1.0	0.06190476190476191	2.0	True	16	True	2	27	True	13	43	False	29
MICA	cds	AFR	2655	92	30	8	0.9887028351882421	0.992459620526019	0.9966138694811144	0.01129716481175791	148.22881355932202	True	357	True	-2298	3262	True	607	14722	False	12067
MICA	cds	AMR	2157	93	34	7	0.9842403765723527	0.9898040883856203	0.9953815131496284	0.01575962342764725	175.5331478905888	True	325	True	-1832	4539	False	2382	16597	False	14440
MICA	cds	EAS	1806	71	26	11	0.9856102893990177	0.9889300805897037	0.9961296060527025	0.014389710600982264	101.71025873351455	True	232	True	-1574	2583	True	777	7496	False	5690
MICA	cds	EUR	1208	73	17	6	0.9859353776440795	0.9884160801878403	0.9958719398288489	0.014064622355920542	97.063396799117	True	305	True	-903	1792	True	584	5730	False	4522
MICA	cds	MID	452	51	10	5	0.9779250528624012	0.9757121843545528	0.9934312849357956	0.022074947137598833	60.97787610619469	True	249	True	-203	810	True	358	1850	False	1398
MICA	cds	SAS	1510	58	22	2	0.9854322188362545	0.9913924835905307	0.9966940216418771	0.014567781163745464	178.91986754966888	True	161	True	-1349	4633	False	3123	23745	False	22235
MICA	cds	UNASSIGNED	4749	133	49	11	0.9896830139169918	0.993473460622359	0.9968481319698914	0.01031698608300824	242.11338272172134	True	396	True	-4353	5080	True	331	29431	False	24682
MICB	cds	AFR	4083	68	24	9	0.9941230489329153	0.9958308747666587	0.9982865367837352	0.005876951067084746	99.99216262552045	True	204	True	-3879	1870	True	-2213	13724	False	9641
MICB	cds	AMR	2816	57	19	3	0.9932535977271453	0.9950294180900281	0.9985815672869417	0.0067464022728547235	117.14530066287878	True	185	True	-2631	1532	True	-1284	19835	False	17019
MICB	cds	EAS	2276	40	16	5	0.9929720537773039	0.9947291271909453	0.9986846059448391	0.007027946222696091	65.58875219683655	True	78	True	-2198	1186	True	-1090	9375	False	7099
MICB	cds	EUR	2255	66	32	4	0.9858108864089438	0.9911335542837353	0.9960135952475867	0.014189113591056235	193.94323725055432	True	209	True	-2046	5410	False	3155	26172	False	23917
MICB	cds	MID	551	37	10	8	0.9819038230970389	0.9800560767381031	0.9946076434203446	0.01809617690296106	43.238656987295826	True	224	True	-327	756	True	205	1548	False	997
MICB	cds	SAS	2053	51	24	2	0.9883107399704943	0.993169518808081	0.9975669229729569	0.011689260029505655	194.92985874330247	True	144	True	-1909	3975	True	1922	32326	False	30273
MICB	cds	UNASSIGNED	6862	107	43	12	0.9937341150900345	0.9960655844308766	0.9981061063253455	0.006265884909965491	184.03043937627513	True	252	True	-6610	2976	True	-3886	29422	False	22560
TAP1	cds	AFR	4191	55	20	7	0.9952286663637951	0.9961832006318829	0.9988077668750981	0.004771333636204855	83.56461124177659	True	99	True	-4092	1403	True	-2788	13546	False	9355
TAP1	cds	AMR	2891	43	22	8	0.9923920909509873	0.9944665282235051	0.9982726523280724	0.007607909049012651	73.23953649256313	True	64	True	-2827	1778	True	-1113	10956	False	8065
TAP1	cds	EAS	2313	21	10	4	0.9956781059276796	0.9961100710798142	0.9991487033587481	0.00432189407232042	33.49459576307825	True	21	True	-2292	368	True	-1945	6544	False	4231
TAP1	cds	EUR	2349	35	23	2	0.9902093245855005	0.9940418295651603	0.998299329692152	0.009790675414499517	167.19369944657302	True	42	True	-2307	2087	True	-262	33152	False	30803
TAP1	cds	MID	561	<20	10	0	0.9821810519670527	0.9857461137876918	0.9982427290389615	0.017818948032947257	61.919786096256686	True	38	True	-523	2179	False	1618	8628	False	8067
TAP1	cds	SAS	2134	32	23	1	0.9892225574546784	0.9939090213619705	0.998128656407323	0.010777442545321647	296.3760543580131	True	34	True	-2100	3971	True	1837	60453	False	58319
TAP1	cds	UNASSIGNED	7099	87	56	8	0.9921118825278726	0.9956338227435773	0.9976059324070041	0.007888117472127365	282.97239047753203	True	67	True	-7032	3305	True	-3794	58410	False	51311
TAP2	cds	AFR	4254	97	43	10	0.9898929718026966	0.9936544636682914	0.9967109711425206	0.010107028197303358	189.428267512929	True	231	True	-4023	4352	True	98	25408	False	21154
TAP2	cds	AMR	2932	83	40	7	0.9863590641052082	0.9918165551424512	0.9965916845009207	0.013640935894791761	197.24673552913663	True	229	True	-2703	5533	True	2601	24816	False	21884
TAP2	cds	EAS	2343	67	38	3	0.983782570098244	0.9910286663477156	0.9957356274185447	0.01621742990175601	307.5639493526818	True	125	True	-2218	9515	False	7172	43670	False	41327
TAP2	cds	EUR	2348	58	31	5	0.9867990886596595	0.9918988290398366	0.996594685823396	0.013200911340340515	154.05907155025554	True	90	True	-2258	4369	True	2021	21123	False	18775
TAP2	cds	MID	555	39	19	5	0.9657982583950693	0.974800604439315	0.9928446175114959	0.034201741604930724	75.03495495495496	True	266	True	-289	1850	False	1295	4275	False	3720
TAP2	cds	SAS	2157	59	32	4	0.9851663004844355	0.9911931895459573	0.9962958804877935	0.014833699515564458	186.94065832174317	True	133	True	-2024	5558	False	3401	25417	False	23260
TAP2	cds	UNASSIGNED	7217	140	72	14	0.9900240931213757	0.9943196218941731	0.9968137732691379	0.009975906878624263	325.11720342841306	True	250	True	-6967	7173	True	-44	49899	False	42682
