allele	n_carriers_disp	frac_novel_calls	AFR	EUR	AMR
B*07:02	638	0.0724	0.35039	0.44899	0.20063
B*07:06	72	0.0694	0.49687	0.09407	0.40907
B*08:01	450	0.0476	0.25675	0.56121	0.18205
B*13:02	165	0.0539	0.24857	0.41607	0.33536
B*14:01	53	0.0566	0.3976	0.3392	0.2632
B*14:02	196	0.0693	0.29665	0.22335	0.48
B*15:01	296	0.1082	0.10917	0.65521	0.23563
B*15:03	205	0.1262	0.90083	0.0049	0.09427
B*15:10	107	0.0926	0.91952	0.00962	0.07086
B*15:15	26	0.0	0.00193	0.0	0.99807
B*15:16	71	0.0278	0.88141	0.01408	0.10451
B*15:17	68	0.0725	0.39121	0.27273	0.33606
B*18:01	314	0.0963	0.29819	0.40683	0.29498
B*27:05	197	0.12	0.12258	0.50577	0.37166
B*35:01	639	0.0889	0.39702	0.2469	0.35608
B*35:02	58	0.0508	0.04786	0.28643	0.66571
B*35:03	256	0.1047	0.03323	0.38694	0.57984
B*35:05	80	0.1098	0.05	0.4005	0.5495
B*35:08	33	0.0882	0.04392	0.43435	0.52173
B*35:12	68	0.0725	0.00089	0.00074	0.99838
B*35:17	31	0.0	0.00097	0.0	0.99903
B*35:43	22	0.0455	0.00091	0.00091	0.99818
B*37:01	116	0.1795	0.16868	0.5466	0.28472
B*38:01	88	0.2022	0.05882	0.41088	0.5303
B*39:01	102	0.1238	0.07291	0.44436	0.48273
B*39:05	88	0.3	0.00069	0.00023	0.99908
B*39:06	103	0.1308	0.01071	0.08091	0.90838
B*39:10	36	0.8108	0.90124	0.0	0.09876
B*40:01	409	0.0939	0.16322	0.65435	0.18243
B*40:02	229	0.1282	0.04478	0.13862	0.8166
B*40:05	21	0.1905	0.00095	0.0	0.99905
B*41:01	58	0.05	0.22854	0.20813	0.56333
B*41:02	39	0.1282	0.44111	0.38833	0.17056
B*42:01	167	0.1124	0.92251	0.00012	0.07737
B*42:02	21	0.0952	0.80572	0.0	0.19428
B*44:02	293	0.0728	0.0938	0.66109	0.24512
B*44:03	600	0.0682	0.34858	0.261	0.39042
B*45:01	201	0.2136	0.74277	0.05051	0.20672
B*48:01	113	0.1491	0.03015	0.10324	0.86662
B*49:01	179	0.105	0.42994	0.18662	0.38344
B*50:01	127	0.0923	0.3271	0.36763	0.30527
B*51:01	507	0.0994	0.24822	0.31431	0.43747
B*51:02	49	0.1176	0.0416	0.0008	0.9576
B*52:01	318	0.1084	0.37394	0.16963	0.45643
B*53:01	375	0.1178	0.86991	0.01629	0.1138
B*55:01	89	0.1087	0.09745	0.58823	0.31432
B*56:01	65	0.1045	0.224	0.57324	0.20276
B*57:01	274	0.0919	0.15912	0.64557	0.19531
B*57:03	132	0.1259	0.86341	8e-05	0.13651
B*58:01	430	0.082	0.71846	0.10023	0.18132
B*58:02	132	0.1045	0.89495	8e-05	0.10497
B*78:01	33	0.1212	0.84152	0.00031	0.15818
B*81:01	69	0.0429	0.87941	0.0	0.12059
