gene	ref_protein_group	protein_length	n_haplotypes_disp	n_distinct_proteins	mean_pi_aa	is_conserved_control	n_groove_residues	mean_pi_groove	mean_pi_rest	ratio_groove_vs_rest	p_permutation
A	A*02:01	365	22463	137	0.063194	False	182	0.087559	0.038961	2.2474	0.001
B	B*07:02	362	22470	211	0.058908	False	182	0.091706	0.025746	3.562	0.0005
C	C*04:01	366	22347	116	0.0516	False	182	0.058103	0.045167	1.2864	0.17641
DPA1	DPA1*01:03	260	22814	37	0.014141	False	82	0.021775	0.010624	2.0495	0.14943
DPB1	DPB1*04:01	258	22433	91	0.031946	False	88	0.075496	0.009403	8.0293	0.0005
DQA1	DQA1*01:02	255	22936	39	0.065547	False	83	0.136377	0.031367	4.3478	0.0005
DQB1	DQB1*03:01	261	22659	52	0.080563	False	90	0.142577	0.047924	2.9751	0.0005
DRB1	DRB1*07:01	266	22412	89	0.068755	False	90	0.13303	0.035887	3.7069	0.0005
DRB3	DRB3*02:02	266	9586	10	0.023967	False	90	0.054001	0.008609	6.2724	0.001
DRB4	DRB4*01:03	266	6147	3	0.001211	False	90	4.7e-05	0.001806	0.026	0.56322
DRB5	DRB5*01:01	266	3351	6	0.011906	False	90	0.026792	0.004294	6.239	0.0015
E	E*01:01	358	22186	18	0.001481	True	182	0.00278	0.000139	20.0398	0.3918
F	F*01:01	346	22357	9	0.000716	True	182	5.4e-05	0.00145	0.0375	0.86457
G	G*01:01	338	21851	13	0.001639	False	182	0.002466	0.000674	3.6566	0.25137
DRA	DRA*01:01	254	22591	7	0.001975	True	82	0.0	0.002917	0.0	0.93453
