cluster_id	cluster_type	gene	gene_class	nearest_known_allele	nearest_known_protein	n_aa_diffs	aa_diffs	in_groove	n_groove_diffs	n_persons_unrelated_clean	n_unrel_clean	recurrent_clean	top_ancestry	top_ancestry_share	carriers_per_1000_in_top_ancestry	ancestries_disclosable	ancestries_censored	pct_gene_haplotypes_not_in_imgt
DMA_cds_11982195	novel_cds_synonymous	HLA-DMA	class_II_accessory	HLA-DMA*01:03:01:01	HLA-DMA*01:03	0	NA	NA	0.0	<20	NA	True	NA	NA	NA	none	EAS,SAS	0.403
DMA_cds_f8ccb355	novel_cds_synonymous	HLA-DMA	class_II_accessory	HLA-DMA*01:01:01:01	HLA-DMA*01:01	0	NA	NA	0.0	<20	NA	True	NA	NA	NA	none	AFR,EAS,SAS	0.403
DMA_cds_89e192f8	novel_cds_synonymous	HLA-DMA	class_II_accessory	HLA-DMA*01:01:01:01	HLA-DMA*01:01	0	NA	NA	0.0	<20	NA	True	NA	NA	NA	none	AFR	0.403
DMA_cds_eee10fb2	novel_cds_synonymous	HLA-DMA	class_II_accessory	HLA-DMA*01:01:01:01	HLA-DMA*01:01	0	NA	NA	0.0	<20	NA	True	NA	NA	NA	none	AFR,AMR	0.403
DMA_cds_362fc49c	novel_cds_synonymous	HLA-DMA	class_II_accessory	HLA-DMA*01:01:01:01	HLA-DMA*01:01	0	NA	NA	0.0	<20	NA	True	NA	NA	NA	none	AMR	0.403
DMA_cds_aac89e5d	novel_cds_synonymous	HLA-DMA	class_II_accessory	HLA-DMA*01:01:01:01	HLA-DMA*01:01	0	NA	NA	0.0	<20	NA	True	NA	NA	NA	none	AMR	0.403
DMA_cds_923dac68	novel_cds_synonymous	HLA-DMA	class_II_accessory	HLA-DMA*01:01:01:01	HLA-DMA*01:01	0	NA	NA	0.0	<20	NA	True	NA	NA	NA	none	AFR	0.403
DMA_cds_2714d5c9	novel_cds_synonymous	HLA-DMA	class_II_accessory	HLA-DMA*01:01:01:01	HLA-DMA*01:01	0	NA	NA	0.0	<20	NA	True	NA	NA	NA	none	AFR,EUR	0.403
DMB_cds_8146cbd4	novel_cds_synonymous	HLA-DMB	class_II_accessory	HLA-DMB*01:01:01:01	HLA-DMB*01:01	0	NA	NA	0.0	<20	NA	True	NA	NA	NA	none	AFR	0.456
DMB_cds_239be9a9	novel_cds_synonymous	HLA-DMB	class_II_accessory	HLA-DMB*01:01:01:01	HLA-DMB*01:01	0	NA	NA	0.0	<20	NA	True	NA	NA	NA	none	AMR	0.456
DMB_cds_ae3c9648	novel_cds_synonymous	HLA-DMB	class_II_accessory	HLA-DMB*01:03:01:01	HLA-DMB*01:03	0	NA	NA	0.0	<20	NA	True	NA	NA	NA	none	EAS	0.456
DMB_cds_ece45814	novel_cds_synonymous	HLA-DMB	class_II_accessory	HLA-DMB*01:03:01:01	HLA-DMB*01:03	0	NA	NA	0.0	<20	NA	True	NA	NA	NA	none	none	0.456
DMB_cds_3461238f	novel_cds_synonymous	HLA-DMB	class_II_accessory	HLA-DMB*01:01:01:01	HLA-DMB*01:01	0	NA	NA	0.0	<20	NA	True	NA	NA	NA	none	none	0.456
DMB_cds_87130a40	novel_cds_synonymous	HLA-DMB	class_II_accessory	HLA-DMB*01:01:01:01	HLA-DMB*01:01	0	NA	NA	0.0	<20	NA	True	NA	NA	NA	none	AFR	0.456
DOA_cds_d8b684d2	novel_cds_synonymous	HLA-DOA	class_II_accessory	HLA-DOA*01:01:01:01	HLA-DOA*01:01	0	NA	NA	0.0	<20	NA	True	NA	NA	NA	none	none	0.257
DOA_cds_a360236b	novel_cds_synonymous	HLA-DOA	class_II_accessory	HLA-DOA*01:01:01:01	HLA-DOA*01:01	0	NA	NA	0.0	<20	NA	True	NA	NA	NA	none	AFR	0.257
DOA_cds_ab8e82d0	novel_cds_synonymous	HLA-DOA	class_II_accessory	HLA-DOA*01:01:01:01	HLA-DOA*01:01	0	NA	NA	0.0	<20	NA	True	NA	NA	NA	none	EAS,SAS	0.257
DOA_cds_0fb89d3f	novel_cds_synonymous	HLA-DOA	class_II_accessory	HLA-DOA*01:01:01:01	HLA-DOA*01:01	0	NA	NA	0.0	<20	NA	True	NA	NA	NA	none	AFR	0.257
DOA_cds_44adabaf	novel_cds_synonymous	HLA-DOA	class_II_accessory	HLA-DOA*01:01:01:01	HLA-DOA*01:01	0	NA	NA	0.0	<20	NA	True	NA	NA	NA	none	EAS,SAS	0.257
DOA_cds_e7d44fe8	novel_cds_synonymous	HLA-DOA	class_II_accessory	HLA-DOA*01:01:01:01	HLA-DOA*01:01	0	NA	NA	0.0	<20	NA	True	NA	NA	NA	none	AFR	0.257
DOA_cds_0cf602fc	novel_cds_synonymous	HLA-DOA	class_II_accessory	HLA-DOA*01:01:01:01	HLA-DOA*01:01	0	NA	NA	0.0	<20	NA	True	NA	NA	NA	none	SAS	0.257
DOB_cds_992a3f9a	novel_cds_synonymous	HLA-DOB	class_II_accessory	HLA-DOB*01:01:01:01	HLA-DOB*01:01	0	NA	NA	0.0	<20	NA	True	NA	NA	NA	none	EUR	0.228
DOB_cds_a95c3b37	novel_cds_synonymous	HLA-DOB	class_II_accessory	HLA-DOB*01:01:01:01	HLA-DOB*01:01	0	NA	NA	0.0	<20	NA	True	NA	NA	NA	none	AFR,MID	0.228
DOB_cds_0785c87d	novel_cds_synonymous	HLA-DOB	class_II_accessory	HLA-DOB*01:01:01:01	HLA-DOB*01:01	0	NA	NA	0.0	<20	NA	True	NA	NA	NA	none	AFR	0.228
DPA1_cds_c8a6cd08	novel_cds_synonymous	HLA-DPA1	classical_II	HLA-DPA1*02:49	HLA-DPA1*02:49	0	NA	NA	0.0	<20	NA	True	NA	NA	NA	none	AFR	0.075
DQA2_cds_35224d09	novel_cds_synonymous	HLA-DQA2	class_II_paralog	HLA-DQA2*01:01:01:01	HLA-DQA2*01:01	0	NA	NA	0.0	<20	NA	True	NA	NA	NA	none	AFR	0.431
DQA2_cds_eab8d787	novel_cds_synonymous	HLA-DQA2	class_II_paralog	HLA-DQA2*01:01:01:01	HLA-DQA2*01:01	0	NA	NA	0.0	<20	NA	True	NA	NA	NA	none	MID,SAS	0.431
DQA2_cds_09e5a66f	novel_cds_synonymous	HLA-DQA2	class_II_paralog	HLA-DQA2*01:03	HLA-DQA2*01:03	0	NA	NA	0.0	<20	NA	True	NA	NA	NA	none	EAS	0.431
DQA2_cds_fd923ec9	novel_cds_synonymous	HLA-DQA2	class_II_paralog	HLA-DQA2*01:01:01:01	HLA-DQA2*01:01	0	NA	NA	0.0	<20	NA	True	NA	NA	NA	none	AFR	0.431
DQA2_cds_bfd4d2af	novel_cds_synonymous	HLA-DQA2	class_II_paralog	HLA-DQA2*01:01:01:01	HLA-DQA2*01:01	0	NA	NA	0.0	<20	NA	True	NA	NA	NA	none	EAS,EUR	0.431
DQA2_cds_f311fa21	novel_cds_synonymous	HLA-DQA2	class_II_paralog	HLA-DQA2*01:05:01:01	HLA-DQA2*01:05	0	NA	NA	0.0	<20	NA	True	NA	NA	NA	none	SAS	0.431
DQA2_cds_a74b93c4	novel_cds_synonymous	HLA-DQA2	class_II_paralog	HLA-DQA2*01:01:01:01	HLA-DQA2*01:01	0	NA	NA	0.0	<20	NA	True	NA	NA	NA	none	SAS	0.431
DQA2_cds_5d8c0c2c	novel_cds_synonymous	HLA-DQA2	class_II_paralog	HLA-DQA2*01:03	HLA-DQA2*01:03	0	NA	NA	0.0	<20	NA	True	NA	NA	NA	none	AFR	0.431
DQB1_cds_c09e6a02	novel_cds_synonymous	HLA-DQB1	classical_II	HLA-DQB1*02:180	HLA-DQB1*02:180	0	NA	NA	0.0	<20	NA	True	NA	NA	NA	none	AFR,AMR	0.081
DQB2_cds_8fefc681	novel_cds_synonymous	HLA-DQB2	class_II_paralog	HLA-DQB2*01:07:01:01	HLA-DQB2*01:07	0	NA	NA	0.0	<20	NA	True	NA	NA	NA	none	AFR,AMR,EUR,SAS	1.263
DQB2_cds_53b54b51	novel_cds_synonymous	HLA-DQB2	class_II_paralog	HLA-DQB2*01:01:01:01	HLA-DQB2*01:01	0	NA	NA	0.0	<20	NA	True	NA	NA	NA	none	AFR	1.263
DQB2_cds_93df7e7f	novel_cds_synonymous	HLA-DQB2	class_II_paralog	HLA-DQB2*01:02:01:01	HLA-DQB2*01:02	0	NA	NA	0.0	<20	NA	True	NA	NA	NA	none	AFR	1.263
DQB2_cds_2d1d2601	novel_cds_synonymous	HLA-DQB2	class_II_paralog	HLA-DQB2*01:02:01:01	HLA-DQB2*01:02	0	NA	NA	0.0	<20	NA	True	NA	NA	NA	none	AFR	1.263
DQB2_cds_850ccfc6	novel_cds_synonymous	HLA-DQB2	class_II_paralog	HLA-DQB2*01:01:01:01	HLA-DQB2*01:01	0	NA	NA	0.0	<20	NA	True	NA	NA	NA	none	SAS	1.263
DQB2_cds_527f772e	novel_cds_synonymous	HLA-DQB2	class_II_paralog	HLA-DQB2*01:09	HLA-DQB2*01:09	0	NA	NA	0.0	<20	NA	True	NA	NA	NA	none	AFR,AMR	1.263
DQB2_cds_5c353a0d	novel_cds_synonymous	HLA-DQB2	class_II_paralog	HLA-DQB2*01:01:01:01	HLA-DQB2*01:01	0	NA	NA	0.0	<20	NA	True	NA	NA	NA	none	AFR,EUR	1.263
DRA_cds_b4d13e82	novel_cds_synonymous	HLA-DRA	class_II_accessory	HLA-DRA*01:02:02:01	HLA-DRA*01:02	0	NA	NA	0.0	<20	NA	True	NA	NA	NA	none	AMR	0.212
DRB4_cds_f6b108aa	novel_cds_synonymous	HLA-DRB4	class_II_paralog	HLA-DRB4*01:03:01:01	HLA-DRB4*01:03	0	NA	NA	0.0	<20	NA	True	NA	NA	NA	none	EAS,EUR	0.055
DRB4_cds_f231aa21	novel_cds_synonymous	HLA-DRB4	class_II_paralog	HLA-DRB4*01:03:01:01	HLA-DRB4*01:03	0	NA	NA	0.0	<20	NA	True	NA	NA	NA	none	none	0.055
E_cds_a65d45ca	novel_cds_synonymous	HLA-E	nonclassical_I	HLA-E*01:01:01:01	HLA-E*01:01	0	NA	NA	0.0	<20	NA	True	NA	NA	NA	none	AMR	0.209
F_cds_8fee0ea0	novel_cds_synonymous	HLA-F	nonclassical_I	HLA-F*01:01:01:01	HLA-F*01:01	0	NA	NA	0.0	<20	NA	True	NA	NA	NA	none	AMR	0.543
F_cds_330efafb	novel_cds_synonymous	HLA-F	nonclassical_I	HLA-F*01:01:01:01	HLA-F*01:01	0	NA	NA	0.0	<20	NA	True	NA	NA	NA	none	AFR	0.543
G_cds_df0ec771	novel_cds_synonymous	HLA-G	nonclassical_I	HLA-G*01:01:01:01	HLA-G*01:01	0	NA	NA	0.0	<20	NA	True	NA	NA	NA	none	EUR	0.323
G_cds_850e958c	novel_cds_synonymous	HLA-G	nonclassical_I	HLA-G*01:04:01:01	HLA-G*01:04	0	NA	NA	0.0	<20	NA	True	NA	NA	NA	none	SAS	0.323
G_cds_4fe1fb11	novel_cds_synonymous	HLA-G	nonclassical_I	HLA-G*01:01:01:01	HLA-G*01:01	0	NA	NA	0.0	<20	NA	True	NA	NA	NA	none	EAS	0.323
G_cds_f30f1082	novel_cds_synonymous	HLA-G	nonclassical_I	HLA-G*01:01:01:01	HLA-G*01:01	0	NA	NA	0.0	<20	NA	True	NA	NA	NA	none	EAS	0.323
G_cds_7b655439	novel_cds_synonymous	HLA-G	nonclassical_I	HLA-G*01:01:01:01	HLA-G*01:01	0	NA	NA	0.0	<20	NA	True	NA	NA	NA	none	EAS	0.323
HFE_cds_d5424d72	novel_cds_synonymous	HLA-HFE	other	HLA-HFE*001:01:01	HLA-HFE*001:01	0	NA	NA	0.0	<20	NA	True	NA	NA	NA	none	EAS	1.119
HFE_cds_f4e75f5b	novel_cds_synonymous	HLA-HFE	other	HLA-HFE*001:01:01	HLA-HFE*001:01	0	NA	NA	0.0	<20	NA	True	NA	NA	NA	none	AFR,MID	1.119
HFE_cds_ac4ff4b5	novel_cds_synonymous	HLA-HFE	other	HLA-HFE*001:01:01	HLA-HFE*001:01	0	NA	NA	0.0	<20	NA	True	NA	NA	NA	none	AMR	1.119
MICA_cds_e62ecd46	novel_cds_synonymous	MICA	mic_tap	MICA*010:01:01	MICA*010:01	0	NA	NA	0.0	<20	NA	True	NA	NA	NA	none	EAS,SAS	0.812
MICA_cds_30cece27	novel_cds_synonymous	MICA	mic_tap	MICA*012:01:01	MICA*012:01	0	NA	NA	0.0	<20	NA	True	NA	NA	NA	none	AMR,EAS	0.812
MICA_cds_3d173f61	novel_cds_synonymous	MICA	mic_tap	MICA*027:01:01	MICA*027:01	0	NA	NA	0.0	<20	NA	True	NA	NA	NA	none	none	0.812
MICA_cds_70f8a0c7	novel_cds_synonymous	MICA	mic_tap	MICA*009:01:01	MICA*009:01	0	NA	NA	0.0	<20	NA	True	NA	NA	NA	none	none	0.812
MICA_cds_960b1815	novel_cds_synonymous	MICA	mic_tap	MICA*004:01:01	MICA*004:01	0	NA	NA	0.0	<20	NA	True	NA	NA	NA	none	AFR	0.812
MICB_cds_cc5e60f3	novel_cds_synonymous	MICB	mic_tap	MICB*005:01:01	MICB*005:02	0	NA	NA	0.0	<20	NA	True	NA	NA	NA	none	AMR	0.847
MICB_cds_a198987a	novel_cds_synonymous	MICB	mic_tap	MICB*004:01:01	MICB*004:01	0	NA	NA	0.0	<20	NA	True	NA	NA	NA	none	AFR	0.847
MICB_cds_b1980cf9	novel_cds_synonymous	MICB	mic_tap	MICB*005:01:01	MICB*005:02	0	NA	NA	0.0	<20	NA	True	NA	NA	NA	none	SAS	0.847
MICB_cds_ee08b5ba	novel_cds_synonymous	MICB	mic_tap	MICB*005:01:01	MICB*005:02	0	NA	NA	0.0	<20	NA	True	NA	NA	NA	none	AFR,AMR,MID	0.847
MICB_cds_f34a27c5	novel_cds_synonymous	MICB	mic_tap	MICB*004:01:01	MICB*004:01	0	NA	NA	0.0	<20	NA	True	NA	NA	NA	none	AFR	0.847
MICB_cds_bb80e7fd	novel_cds_synonymous	MICB	mic_tap	MICB*005:01:01	MICB*005:02	0	NA	NA	0.0	<20	NA	True	NA	NA	NA	none	AMR	0.847
MICB_cds_9e9a69b0	novel_cds_synonymous	MICB	mic_tap	MICB*005:01:01	MICB*005:02	0	NA	NA	0.0	<20	NA	True	NA	NA	NA	none	AFR	0.847
MICB_cds_247cbcdf	novel_cds_synonymous	MICB	mic_tap	MICB*005:01:01	MICB*005:02	0	NA	NA	0.0	<20	NA	True	NA	NA	NA	none	EAS	0.847
TAP1_cds_db3de8e8	novel_cds_synonymous	TAP1	mic_tap	TAP1*01:01:01:01	TAP1*01:01	0	NA	NA	0.0	<20	NA	True	NA	NA	NA	none	AFR,AMR	7.981
TAP1_cds_372a82be	novel_cds_synonymous	TAP1	mic_tap	TAP1*01:01:01:01	TAP1*01:01	0	NA	NA	0.0	<20	NA	True	NA	NA	NA	none	AFR,AMR,MID,SAS	7.981
TAP1_cds_ca1575d4	novel_cds_synonymous	TAP1	mic_tap	TAP1*05:01	TAP1*05:01	0	NA	NA	0.0	<20	NA	True	NA	NA	NA	none	AFR,AMR,EUR,SAS	7.981
TAP1_cds_a66b8a5f	novel_cds_synonymous	TAP1	mic_tap	TAP1*01:01:01:01	TAP1*01:01	0	NA	NA	0.0	<20	NA	True	NA	NA	NA	none	EUR,MID	7.981
TAP1_cds_92657d0d	novel_cds_synonymous	TAP1	mic_tap	TAP1*04:01	TAP1*04:01	0	NA	NA	0.0	<20	NA	True	NA	NA	NA	none	AFR,AMR	7.981
TAP1_cds_69d97fac	novel_cds_synonymous	TAP1	mic_tap	TAP1*01:01:01:01	TAP1*01:01	0	NA	NA	0.0	<20	NA	True	NA	NA	NA	none	none	7.981
TAP1_cds_3719310f	novel_cds_synonymous	TAP1	mic_tap	TAP1*01:01:01:01	TAP1*01:01	0	NA	NA	0.0	<20	NA	True	NA	NA	NA	none	AMR	7.981
TAP1_cds_5b5dc0a2	novel_cds_synonymous	TAP1	mic_tap	TAP1*01:01:01:01	TAP1*01:01	0	NA	NA	0.0	<20	NA	True	NA	NA	NA	none	AFR,EUR	7.981
TAP1_cds_30b11cc7	novel_cds_synonymous	TAP1	mic_tap	TAP1*01:01:01:01	TAP1*01:01	0	NA	NA	0.0	<20	NA	True	NA	NA	NA	none	SAS	7.981
TAP1_cds_2684b513	novel_cds_synonymous	TAP1	mic_tap	TAP1*05:01	TAP1*05:01	0	NA	NA	0.0	<20	NA	True	NA	NA	NA	none	none	7.981
TAP1_cds_9493f3d7	novel_cds_synonymous	TAP1	mic_tap	TAP1*02:01:01	TAP1*02:01	0	NA	NA	0.0	<20	NA	True	NA	NA	NA	none	SAS	7.981
TAP1_cds_1188b6c3	novel_cds_synonymous	TAP1	mic_tap	TAP1*01:01:01:01	TAP1*01:01	0	NA	NA	0.0	<20	NA	True	NA	NA	NA	none	AFR	7.981
TAP1_cds_4a287dd9	novel_cds_synonymous	TAP1	mic_tap	TAP1*01:01:01:01	TAP1*01:01	0	NA	NA	0.0	<20	NA	True	NA	NA	NA	none	AMR	7.981
TAP1_cds_62909df1	novel_cds_synonymous	TAP1	mic_tap	TAP1*01:01:01:01	TAP1*01:01	0	NA	NA	0.0	<20	NA	True	NA	NA	NA	none	none	7.981
TAP1_cds_b18eed04	novel_cds_synonymous	TAP1	mic_tap	TAP1*01:01:01:01	TAP1*01:01	0	NA	NA	0.0	<20	NA	True	NA	NA	NA	none	AMR	7.981
TAP1_cds_e6bb370c	novel_cds_synonymous	TAP1	mic_tap	TAP1*01:01:01:01	TAP1*01:01	0	NA	NA	0.0	<20	NA	True	NA	NA	NA	none	none	7.981
TAP2_cds_858e7e34	novel_cds_synonymous	TAP2	mic_tap	TAP2*01:01:01	TAP2*01:01	0	NA	NA	0.0	<20	NA	True	NA	NA	NA	none	AFR,AMR,EUR	6.847
TAP2_cds_b5dd5985	novel_cds_synonymous	TAP2	mic_tap	TAP2*02:01:01	TAP2*02:01	0	NA	NA	0.0	<20	NA	True	NA	NA	NA	none	EAS	6.847
TAP2_cds_ef67b9de	novel_cds_synonymous	TAP2	mic_tap	TAP2*01:01:01	TAP2*01:01	0	NA	NA	0.0	<20	NA	True	NA	NA	NA	none	AFR,AMR,EAS,EUR,SAS	6.847
TAP2_cds_d0c33678	novel_cds_synonymous	TAP2	mic_tap	TAP2*01:01:01	TAP2*01:01	0	NA	NA	0.0	<20	NA	True	NA	NA	NA	none	AFR,AMR,EUR,MID	6.847
TAP2_cds_1ff38d6e	novel_cds_synonymous	TAP2	mic_tap	TAP2*02:05	TAP2*02:05	0	NA	NA	0.0	<20	NA	True	NA	NA	NA	none	SAS	6.847
TAP2_cds_80ac6bb6	novel_cds_synonymous	TAP2	mic_tap	TAP2*02:01:01	TAP2*02:01	0	NA	NA	0.0	<20	NA	True	NA	NA	NA	none	AMR,SAS	6.847
TAP2_cds_00dfe4c3	novel_cds_synonymous	TAP2	mic_tap	TAP2*02:01:01	TAP2*02:01	0	NA	NA	0.0	<20	NA	True	NA	NA	NA	none	EAS	6.847
TAP2_cds_032d19c9	novel_cds_synonymous	TAP2	mic_tap	TAP2*01:01:01	TAP2*01:01	0	NA	NA	0.0	<20	NA	True	NA	NA	NA	none	AFR,AMR	6.847
TAP2_cds_57da00d0	novel_cds_synonymous	TAP2	mic_tap	TAP2*01:05:01:01	TAP2*01:05	0	NA	NA	0.0	<20	NA	True	NA	NA	NA	none	AFR,AMR	6.847
TAP2_cds_f679a6a6	novel_cds_synonymous	TAP2	mic_tap	TAP2*01:01:01	TAP2*01:01	0	NA	NA	0.0	<20	NA	True	NA	NA	NA	none	EAS	6.847
TAP2_cds_9092a143	novel_cds_synonymous	TAP2	mic_tap	TAP2*02:01:01	TAP2*02:01	0	NA	NA	0.0	<20	NA	True	NA	NA	NA	none	AMR	6.847
TAP2_cds_825f9fc1	novel_cds_synonymous	TAP2	mic_tap	TAP2*01:05:01:01	TAP2*01:05	0	NA	NA	0.0	<20	NA	True	NA	NA	NA	none	EAS	6.847
TAP2_cds_e5a92881	novel_cds_synonymous	TAP2	mic_tap	TAP2*01:01:01	TAP2*01:01	0	NA	NA	0.0	<20	NA	True	NA	NA	NA	none	SAS	6.847
TAP2_cds_4112d465	novel_cds_synonymous	TAP2	mic_tap	TAP2*02:01:01	TAP2*02:01	0	NA	NA	0.0	<20	NA	True	NA	NA	NA	none	AFR	6.847
TAP2_cds_743f2b7e	novel_cds_synonymous	TAP2	mic_tap	TAP2*01:01:01	TAP2*01:01	0	NA	NA	0.0	<20	NA	True	NA	NA	NA	none	AMR,EUR,MID	6.847
TAP2_cds_8945cdc4	novel_cds_synonymous	TAP2	mic_tap	TAP2*02:01:01	TAP2*02:01	0	NA	NA	0.0	<20	NA	True	NA	NA	NA	none	EAS	6.847
TAP2_cds_86cd122c	novel_cds_synonymous	TAP2	mic_tap	TAP2*01:05:01:01	TAP2*01:05	0	NA	NA	0.0	<20	NA	True	NA	NA	NA	none	AFR	6.847
TAP2_cds_f142dde4	novel_cds_synonymous	TAP2	mic_tap	TAP2*01:02:01	TAP2*01:02	0	NA	NA	0.0	<20	NA	True	NA	NA	NA	none	none	6.847
TAP2_cds_2717c500	novel_cds_synonymous	TAP2	mic_tap	TAP2*02:01:01	TAP2*02:01	0	NA	NA	0.0	<20	NA	True	NA	NA	NA	none	AMR	6.847
TAP2_cds_b0e4e594	novel_cds_synonymous	TAP2	mic_tap	TAP2*02:04	TAP2*02:04	0	NA	NA	0.0	<20	NA	True	NA	NA	NA	none	AMR	6.847
TAP2_cds_e299bf1d	novel_cds_synonymous	TAP2	mic_tap	TAP2*01:03:02:01	TAP2*01:03	0	NA	NA	0.0	<20	NA	True	NA	NA	NA	none	AMR	6.847
TAP2_cds_4511fcbb	novel_cds_synonymous	TAP2	mic_tap	TAP2*01:05:01:01	TAP2*01:05	0	NA	NA	0.0	<20	NA	True	NA	NA	NA	none	EAS	6.847
TAP2_cds_5aef88d6	novel_cds_synonymous	TAP2	mic_tap	TAP2*02:01:01	TAP2*02:01	0	NA	NA	0.0	<20	NA	True	NA	NA	NA	none	EUR	6.847
B_prot_71b4e062	novel_protein	HLA-B	classical_I	HLA-B*44:02:01:02S	HLA-B*44:02	1	180:D>L	True	1.0	<20	NA	True	NA	NA	NA	none	AFR	0.189
C_prot_1d4de334	novel_protein	HLA-C	classical_I	HLA-C*04:431	HLA-C*04:431	14	208:H>P,218:V>L,277:E>Q,285:V>M,291:P>Q,297:R>S,309:V>M,319:A>V,328:M>V,329:A>T,330:V>A,331:V>M,350:S>C,363:A>T	False,False,False,False,False,False,False,False,False,False,False,False,False,False	0.0	<20	NA	True	NA	NA	NA	none	AFR	0.141
DMA_prot_dbcc9584	novel_protein	HLA-DMA	class_II_accessory	HLA-DMA*01:01:01:01	HLA-DMA*01:01	1	255:R>Q	NA	NA	<20	NA	True	NA	NA	NA	none	AMR,EUR	0.403
DMA_prot_9dabe8ca	novel_protein	HLA-DMA	class_II_accessory	HLA-DMA*01:01:01:01	HLA-DMA*01:01	1	65:E>D	NA	NA	<20	NA	True	NA	NA	NA	none	SAS	0.403
DMA_prot_22d000f3	novel_protein	HLA-DMA	class_II_accessory	HLA-DMA*01:01:01:01	HLA-DMA*01:01	1	210:R>C	NA	NA	<20	NA	True	NA	NA	NA	none	EAS,MID,SAS	0.403
DMA_prot_5c318ef1	novel_protein	HLA-DMA	class_II_accessory	HLA-DMA*01:01:01:01	HLA-DMA*01:01	1	37:D>H	NA	NA	<20	NA	True	NA	NA	NA	none	AMR	0.403
DMA_prot_66f179c9	novel_protein	HLA-DMA	class_II_accessory	HLA-DMA*01:01:01:01	HLA-DMA*01:01	1	92:Q>R	NA	NA	<20	NA	True	NA	NA	NA	none	AFR	0.403
DMA_prot_f6816881	novel_protein	HLA-DMA	class_II_accessory	HLA-DMA*01:01:01:01	HLA-DMA*01:01	1	81:R>C	NA	NA	<20	NA	True	NA	NA	NA	none	SAS	0.403
DMA_prot_3ef0c730	novel_protein	HLA-DMA	class_II_accessory	HLA-DMA*01:01:01:01	HLA-DMA*01:01	1	206:H>Q	NA	NA	<20	NA	True	NA	NA	NA	none	AFR,SAS	0.403
DMA_prot_c23a07fb	novel_protein	HLA-DMA	class_II_accessory	HLA-DMA*01:01:01:01	HLA-DMA*01:01	1	142:P>T	NA	NA	<20	NA	True	NA	NA	NA	none	none	0.403
DMA_prot_e3563101	novel_protein	HLA-DMA	class_II_accessory	HLA-DMA*01:01:01:01	HLA-DMA*01:01	1	129:A>T	NA	NA	<20	NA	True	NA	NA	NA	none	EUR	0.403
DMA_prot_7f4d914d	novel_protein	HLA-DMA	class_II_accessory	HLA-DMA*01:01:01:01	HLA-DMA*01:01	1	128:I>V	NA	NA	<20	NA	True	NA	NA	NA	none	EAS	0.403
DMA_prot_6a70c70d	novel_protein	HLA-DMA	class_II_accessory	HLA-DMA*01:01:01:01	HLA-DMA*01:01	1	117:D>N	NA	NA	<20	NA	True	NA	NA	NA	none	AFR	0.403
DMA_prot_1fa296b6	novel_protein	HLA-DMA	class_II_accessory	HLA-DMA*01:01:01:01	HLA-DMA*01:01	1	55:P>S	NA	NA	<20	NA	True	NA	NA	NA	none	AMR	0.403
DMB_prot_9183938a	novel_protein	HLA-DMB	class_II_accessory	HLA-DMB*01:02:01:01	HLA-DMB*01:02	1	214:M>V	NA	NA	<20	NA	True	NA	NA	NA	none	AFR,EAS,SAS	0.456
DMB_prot_e246a52a	novel_protein	HLA-DMB	class_II_accessory	HLA-DMB*01:02:01:01	HLA-DMB*01:02	1	249:T>I	NA	NA	<20	NA	True	NA	NA	NA	none	AMR,EAS	0.456
DMB_prot_ccacb724	novel_protein	HLA-DMB	class_II_accessory	HLA-DMB*01:01:01:01	HLA-DMB*01:01	1	249:T>I	NA	NA	<20	NA	True	NA	NA	NA	none	EAS	0.456
DMB_prot_ad8c03d2	novel_protein	HLA-DMB	class_II_accessory	HLA-DMB*01:07:01:01	HLA-DMB*01:07	1	214:M>V	NA	NA	<20	NA	True	NA	NA	NA	none	SAS	0.456
DMB_prot_fb9f3458	novel_protein	HLA-DMB	class_II_accessory	HLA-DMB*01:01:01:01	HLA-DMB*01:01	1	214:M>V	NA	NA	<20	NA	True	NA	NA	NA	none	SAS	0.456
DMB_prot_b7c1f17f	novel_protein	HLA-DMB	class_II_accessory	HLA-DMB*01:01:01:01	HLA-DMB*01:01	1	91:R>H	NA	NA	<20	NA	True	NA	NA	NA	none	AFR,AMR	0.456
DMB_prot_90aa8897	novel_protein	HLA-DMB	class_II_accessory	HLA-DMB*01:01:01:01	HLA-DMB*01:01	1	225:T>I	NA	NA	<20	NA	True	NA	NA	NA	none	EAS	0.456
DMB_prot_d7d995cf	novel_protein	HLA-DMB	class_II_accessory	HLA-DMB*01:01:01:01	HLA-DMB*01:01	1	261:H>Y	NA	NA	<20	NA	True	NA	NA	NA	none	AFR	0.456
DMB_prot_5006433b	novel_protein	HLA-DMB	class_II_accessory	HLA-DMB*01:03:01:01	HLA-DMB*01:03	1	91:R>H	NA	NA	<20	NA	True	NA	NA	NA	none	EAS	0.456
DMB_prot_701c5512	novel_protein	HLA-DMB	class_II_accessory	HLA-DMB*01:04	HLA-DMB*01:04	1	130:P>T	NA	NA	<20	NA	True	NA	NA	NA	none	AMR	0.456
DOA_prot_b683f646	novel_protein	HLA-DOA	class_II_accessory	HLA-DOA*01:01:01:01	HLA-DOA*01:01	1	180:V>M	NA	NA	<20	NA	True	NA	NA	NA	none	AFR,AMR,SAS	0.257
DOA_prot_1dfc0684	novel_protein	HLA-DOA	class_II_accessory	HLA-DOA*01:10	HLA-DOA*01:10	1	209:P>L	NA	NA	<20	NA	True	NA	NA	NA	none	AFR,EAS,SAS	0.257
DOA_prot_fefad05d	novel_protein	HLA-DOA	class_II_accessory	HLA-DOA*01:01:01:01	HLA-DOA*01:01	1	19:S>N	NA	NA	<20	NA	True	NA	NA	NA	none	AMR	0.257
DOA_prot_87e0d000	novel_protein	HLA-DOA	class_II_accessory	HLA-DOA*01:01:01:01	HLA-DOA*01:01	1	79:R>C	NA	NA	<20	NA	True	NA	NA	NA	none	AFR,SAS	0.257
DOA_prot_278b79e6	novel_protein	HLA-DOA	class_II_accessory	HLA-DOA*01:01:01:01	HLA-DOA*01:01	1	189:C>R	NA	NA	<20	NA	True	NA	NA	NA	none	AFR,AMR	0.257
DOA_prot_5e13932a	novel_protein	HLA-DOA	class_II_accessory	HLA-DOA*01:01:01:01	HLA-DOA*01:01	1	47:Q>H	NA	NA	<20	NA	True	NA	NA	NA	none	AFR	0.257
DOA_prot_73b4ed30	novel_protein	HLA-DOA	class_II_accessory	HLA-DOA*01:01:01:01	HLA-DOA*01:01	1	144:N>H	NA	NA	<20	NA	True	NA	NA	NA	none	MID	0.257
DOA_prot_eacfab6d	novel_protein	HLA-DOA	class_II_accessory	HLA-DOA*01:01:01:01	HLA-DOA*01:01	1	188:D>N	NA	NA	<20	NA	True	NA	NA	NA	none	none	0.257
DOB_prot_325a08c8	novel_protein	HLA-DOB	class_II_accessory	HLA-DOB*01:01:01:01	HLA-DOB*01:01	1	164:E>Q	NA	NA	<20	NA	True	NA	NA	NA	none	AFR,AMR	0.228
DOB_prot_c7e30267	novel_protein	HLA-DOB	class_II_accessory	HLA-DOB*01:01:01:01	HLA-DOB*01:01	1	157:W>L	NA	NA	<20	NA	True	NA	NA	NA	none	EUR	0.228
DOB_prot_44482b99	novel_protein	HLA-DOB	class_II_accessory	HLA-DOB*01:01:01:01	HLA-DOB*01:01	1	174:I>T	NA	NA	<20	NA	True	NA	NA	NA	none	AMR,EUR	0.228
DOB_prot_6e6330b9	novel_protein	HLA-DOB	class_II_accessory	HLA-DOB*01:01:01:01	HLA-DOB*01:01	1	223:R>K	NA	NA	<20	NA	True	NA	NA	NA	none	AFR,AMR	0.228
DOB_prot_52f49c45	novel_protein	HLA-DOB	class_II_accessory	HLA-DOB*01:01:01:01	HLA-DOB*01:01	1	135:L>P	NA	NA	<20	NA	True	NA	NA	NA	none	AMR	0.228
DOB_prot_6ae6551c	novel_protein	HLA-DOB	class_II_accessory	HLA-DOB*01:04:01:01	HLA-DOB*01:04	1	7:P>A	NA	NA	<20	NA	True	NA	NA	NA	none	none	0.228
DPB1_prot_b8c807ba	novel_protein	HLA-DPB1	classical_II	HLA-DPB1*14:01:01:01	HLA-DPB1*14:01	1	16:T>M	False	0.0	<20	NA	True	NA	NA	NA	none	EAS	0.104
DPB1_prot_a745ef28	novel_protein	HLA-DPB1	classical_II	HLA-DPB1*105:01:01:01	HLA-DPB1*105:01	1	105:M>V	True	1.0	<20	NA	True	NA	NA	NA	none	none	0.104
DQA2_prot_ef78b0f5	novel_protein	HLA-DQA2	class_II_paralog	HLA-DQA2*01:01:01:01	HLA-DQA2*01:01	1	239:I>M	False	0.0	<20	NA	True	NA	NA	NA	none	AFR,AMR	0.431
DQA2_prot_f8ef8f1c	novel_protein	HLA-DQA2	class_II_paralog	HLA-DQA2*01:01:01:01	HLA-DQA2*01:01	2	66:E>K,214:E>V	True,False	1.0	<20	NA	True	NA	NA	NA	none	AFR	0.431
DQA2_prot_f1931ee1	novel_protein	HLA-DQA2	class_II_paralog	HLA-DQA2*01:04:01:01	HLA-DQA2*01:04	1	29:D>E	True	1.0	<20	NA	True	NA	NA	NA	none	AFR,AMR	0.431
DQA2_prot_64239213	novel_protein	HLA-DQA2	class_II_paralog	HLA-DQA2*01:01:01:01	HLA-DQA2*01:01	1	120:K>R	False	0.0	<20	NA	True	NA	NA	NA	none	AMR	0.431
DQA2_prot_13c8ee2a	novel_protein	HLA-DQA2	class_II_paralog	HLA-DQA2*01:04:01:01	HLA-DQA2*01:04	1	117:V>G	False	0.0	<20	NA	True	NA	NA	NA	none	AFR	0.431
DQA2_prot_0a3c9e6c	novel_protein	HLA-DQA2	class_II_paralog	HLA-DQA2*01:01:01:01	HLA-DQA2*01:01	1	107:A>T	True	1.0	<20	NA	True	NA	NA	NA	none	AMR	0.431
DQA2_prot_0ebeac50	novel_protein	HLA-DQA2	class_II_paralog	HLA-DQA2*01:04:01:01	HLA-DQA2*01:04	1	106:T>N	True	1.0	<20	NA	True	NA	NA	NA	none	AMR	0.431
DQA2_prot_974ddd8e	novel_protein	HLA-DQA2	class_II_paralog	HLA-DQA2*01:01:01:01	HLA-DQA2*01:01	1	110:N>D	True	1.0	<20	NA	True	NA	NA	NA	none	AFR,EUR	0.431
DQA2_prot_d5e53ef3	novel_protein	HLA-DQA2	class_II_paralog	HLA-DQA2*01:01:01:01	HLA-DQA2*01:01	1	114:E>Q	False	0.0	<20	NA	True	NA	NA	NA	none	AFR	0.431
DQA2_prot_6fb61f7b	novel_protein	HLA-DQA2	class_II_paralog	HLA-DQA2*01:01:01:01	HLA-DQA2*01:01	1	66:E>K	True	1.0	<20	NA	True	NA	NA	NA	none	none	0.431
DQA2_prot_0a02a715	novel_protein	HLA-DQA2	class_II_paralog	HLA-DQA2*01:01:01:01	HLA-DQA2*01:01	1	56:E>K	True	1.0	<20	NA	True	NA	NA	NA	none	AMR	0.431
DQB2_prot_bbd4800d	novel_protein	HLA-DQB2	class_II_paralog	HLA-DQB2*01:02:01:01	HLA-DQB2*01:02	1	19:T>P	False	0.0	<20	NA	True	NA	NA	NA	none	AFR	1.263
DQB2_prot_90ba3bbc	novel_protein	HLA-DQB2	class_II_paralog	HLA-DQB2*01:01:01:01	HLA-DQB2*01:01	1	26:S>R	False	0.0	<20	NA	True	NA	NA	NA	none	EAS	1.263
DQB2_prot_542219ec	novel_protein	HLA-DQB2	class_II_paralog	HLA-DQB2*01:02:01:01	HLA-DQB2*01:02	1	63:I>F	True	1.0	<20	NA	True	NA	NA	NA	none	AMR,EUR,MID,SAS	1.263
DQB2_prot_9c51d0c2	novel_protein	HLA-DQB2	class_II_paralog	HLA-DQB2*01:01:01:01	HLA-DQB2*01:01	1	203:T>I	False	0.0	<20	NA	True	NA	NA	NA	none	SAS	1.263
DQB2_prot_8aa05f8e	novel_protein	HLA-DQB2	class_II_paralog	HLA-DQB2*01:07:01:01	HLA-DQB2*01:07	1	232:G>S	False	0.0	<20	NA	True	NA	NA	NA	none	AFR,EAS	1.263
DQB2_prot_9170a6f1	novel_protein	HLA-DQB2	class_II_paralog	HLA-DQB2*01:01:01:01	HLA-DQB2*01:01	1	228:S>R	False	0.0	<20	NA	True	NA	NA	NA	none	AFR,EUR	1.263
DQB2_prot_6978c30a	novel_protein	HLA-DQB2	class_II_paralog	HLA-DQB2*01:09	HLA-DQB2*01:09	1	161:R>Q	False	0.0	<20	NA	True	NA	NA	NA	none	none	1.263
DQB2_prot_6278789b	novel_protein	HLA-DQB2	class_II_paralog	HLA-DQB2*01:01:01:01	HLA-DQB2*01:01	1	161:Q>R	False	0.0	<20	NA	True	NA	NA	NA	none	AFR,AMR	1.263
DQB2_prot_1e2e44ce	novel_protein	HLA-DQB2	class_II_paralog	HLA-DQB2*01:02:01:01	HLA-DQB2*01:02	1	130:V>A	False	0.0	<20	NA	True	NA	NA	NA	none	EAS	1.263
DQB2_prot_4710be8f	novel_protein	HLA-DQB2	class_II_paralog	HLA-DQB2*01:01:01:01	HLA-DQB2*01:01	1	249:I>F	False	0.0	<20	NA	True	NA	NA	NA	none	AFR	1.263
DQB2_prot_6c29b3eb	novel_protein	HLA-DQB2	class_II_paralog	HLA-DQB2*01:01:01:01	HLA-DQB2*01:01	1	263:P>S	False	0.0	<20	NA	True	NA	NA	NA	none	none	1.263
DQB2_prot_151cfb58	novel_protein	HLA-DQB2	class_II_paralog	HLA-DQB2*01:01:01:01	HLA-DQB2*01:01	1	220:R>W	False	0.0	<20	NA	True	NA	NA	NA	none	AMR	1.263
DQB2_prot_b4688c4e	novel_protein	HLA-DQB2	class_II_paralog	HLA-DQB2*01:01:01:01	HLA-DQB2*01:01	1	172:G>S	False	0.0	<20	NA	True	NA	NA	NA	none	SAS	1.263
DQB2_prot_60840d06	novel_protein	HLA-DQB2	class_II_paralog	HLA-DQB2*01:02:01:01	HLA-DQB2*01:02	1	157:Q>H	False	0.0	<20	NA	True	NA	NA	NA	none	MID	1.263
DRA_prot_03c3f9a5	novel_protein	HLA-DRA	class_II_accessory	HLA-DRA*01:02:02:01	HLA-DRA*01:02	1	5:G>R	False	0.0	<20	NA	True	NA	NA	NA	none	AFR	0.212
DRA_prot_a9f4b60a	novel_protein	HLA-DRA	class_II_accessory	HLA-DRA*01:01:01:01	HLA-DRA*01:01	1	20:A>T	False	0.0	<20	NA	True	NA	NA	NA	none	AFR	0.212
DRB1_prot_311e5464	novel_protein	HLA-DRB1	classical_II	HLA-DRB1*15:03:01:01	HLA-DRB1*15:03	1	29:S>A	False	0.0	<20	NA	True	NA	NA	NA	none	AFR	0.105
DRB1_prot_a3cbb97f	novel_protein	HLA-DRB1	classical_II	HLA-DRB1*03:02:01:01	HLA-DRB1*03:02	1	249:Y>C	False	0.0	<20	NA	True	NA	NA	NA	none	AFR	0.105
DRB5_prot_f27aa742	novel_protein	HLA-DRB5	class_II_paralog	HLA-DRB5*01:131N	HLA-DRB5*01:131N	4	14:K>V,74:S>G,96:T>I,142:V>I	False,False,False,False	0.0	<20	NA	True	NA	NA	NA	none	AMR	0.09
E_prot_d0788af5	novel_protein	HLA-E	nonclassical_I	HLA-E*01:03:01:01	HLA-E*01:03	1	195:K>R	True	1.0	<20	NA	True	NA	NA	NA	none	AFR,AMR	0.209
E_prot_4b87c9c3	novel_protein	HLA-E	nonclassical_I	HLA-E*01:03:01:01	HLA-E*01:03	1	297:P>L	False	0.0	<20	NA	True	NA	NA	NA	none	EAS	0.209
F_prot_be336be5	novel_protein	HLA-F	nonclassical_I	HLA-F*01:01:01:01	HLA-F*01:01	1	205:P>T	False	0.0	<20	NA	True	NA	NA	NA	none	AFR,AMR	0.543
F_prot_4b4c3900	novel_protein	HLA-F	nonclassical_I	HLA-F*01:01:01:01	HLA-F*01:01	1	106:Y>C	True	1.0	<20	NA	True	NA	NA	NA	none	AMR	0.543
F_prot_497ae49d	novel_protein	HLA-F	nonclassical_I	HLA-F*01:01:01:01	HLA-F*01:01	1	279:T>I	False	0.0	<20	NA	True	NA	NA	NA	none	AFR	0.543
F_prot_b8d8ced7	novel_protein	HLA-F	nonclassical_I	HLA-F*01:01:01:01	HLA-F*01:01	1	69:R>P	True	1.0	<20	NA	True	NA	NA	NA	none	EAS	0.543
F_prot_aab3f9e1	novel_protein	HLA-F	nonclassical_I	HLA-F*01:03:01:01	HLA-F*01:03	1	322:A>T	False	0.0	<20	NA	True	NA	NA	NA	none	none	0.543
F_prot_32040fe3	novel_protein	HLA-F	nonclassical_I	HLA-F*01:01:01:01	HLA-F*01:01	1	309:V>I	False	0.0	<20	NA	True	NA	NA	NA	none	AFR	0.543
F_prot_db6b5cf3	novel_protein	HLA-F	nonclassical_I	HLA-F*01:01:01:01	HLA-F*01:01	1	181:L>P	True	1.0	<20	NA	True	NA	NA	NA	none	AMR	0.543
F_prot_8782c6b7	novel_protein	HLA-F	nonclassical_I	HLA-F*01:01:01:01	HLA-F*01:01	1	128:G>R	True	1.0	<20	NA	True	NA	NA	NA	none	SAS	0.543
F_prot_6fc6eb8d	novel_protein	HLA-F	nonclassical_I	HLA-F*01:01:01:01	HLA-F*01:01	1	37:G>S	True	1.0	<20	NA	True	NA	NA	NA	none	SAS	0.543
F_prot_377db15d	novel_protein	HLA-F	nonclassical_I	HLA-F*01:01:01:01	HLA-F*01:01	1	32:A>N	True	1.0	<20	NA	True	NA	NA	NA	none	EAS	0.543
F_prot_ff7ece6a	novel_protein	HLA-F	nonclassical_I	HLA-F*01:01:01:01	HLA-F*01:01	1	1:M>V	False	0.0	<20	NA	True	NA	NA	NA	none	AMR,MID	0.543
G_prot_619d83f5	novel_protein	HLA-G	nonclassical_I	HLA-G*01:03:01:01	HLA-G*01:03	1	130:D>H	True	1.0	<20	NA	True	NA	NA	NA	none	AFR,AMR	0.323
G_prot_527998a7	novel_protein	HLA-G	nonclassical_I	HLA-G*01:01:01:01	HLA-G*01:01	1	190:E>A	True	1.0	<20	NA	True	NA	NA	NA	none	none	0.323
G_prot_0ee47774	novel_protein	HLA-G	nonclassical_I	HLA-G*01:01:01:01	HLA-G*01:01	1	235:A>V	False	0.0	<20	NA	True	NA	NA	NA	none	AFR	0.323
G_prot_5c5dddce	novel_protein	HLA-G	nonclassical_I	HLA-G*01:04:01:01	HLA-G*01:04	1	107:G>S	True	1.0	<20	NA	True	NA	NA	NA	none	EAS	0.323
G_prot_a75eb9b2	novel_protein	HLA-G	nonclassical_I	HLA-G*01:04:01:01	HLA-G*01:04	1	78:Q>E	True	1.0	<20	NA	True	NA	NA	NA	none	AMR	0.323
G_prot_d690ac15	novel_protein	HLA-G	nonclassical_I	HLA-G*01:01:01:01	HLA-G*01:01	1	207:D>A	False	0.0	<20	NA	True	NA	NA	NA	none	AFR	0.323
G_prot_f5ab961d	novel_protein	HLA-G	nonclassical_I	HLA-G*01:01:01:01	HLA-G*01:01	1	13:L>F	False	0.0	<20	NA	True	NA	NA	NA	none	AFR	0.323
G_prot_fdcd150f	novel_protein	HLA-G	nonclassical_I	HLA-G*01:01:01:01	HLA-G*01:01	1	106:R>C	True	1.0	<20	NA	True	NA	NA	NA	none	SAS	0.323
G_prot_538d4585	novel_protein	HLA-G	nonclassical_I	HLA-G*01:01:01:01	HLA-G*01:01	1	170:K>E	True	1.0	<20	NA	True	NA	NA	NA	none	EAS	0.323
HFE_prot_ac272be0	novel_protein	HLA-HFE	other	HLA-HFE*001:01:01	HLA-HFE*001:01	1	65:S>C	NA	NA	<20	NA	True	NA	NA	NA	none	AFR,AMR,EUR	1.119
HFE_prot_33f0d9d9	novel_protein	HLA-HFE	other	HLA-HFE*001:01:01	HLA-HFE*001:01	1	277:E>K	NA	NA	<20	NA	True	NA	NA	NA	none	AFR,AMR,SAS	1.119
HFE_prot_9b787686	novel_protein	HLA-HFE	other	HLA-HFE*001:01:01	HLA-HFE*001:01	1	6:R>S	NA	NA	<20	NA	True	NA	NA	NA	none	EUR	1.119
HFE_prot_7fdfa5df	novel_protein	HLA-HFE	other	HLA-HFE*001:01:01	HLA-HFE*001:01	1	67:R>H	NA	NA	<20	NA	True	NA	NA	NA	none	AFR	1.119
HFE_prot_c7da02f9	novel_protein	HLA-HFE	other	HLA-HFE*001:01:01	HLA-HFE*001:01	1	226:R>Q	NA	NA	<20	NA	True	NA	NA	NA	none	AMR	1.119
MICA_prot_bd6f4bcf	novel_protein	MICA	mic_tap	MICA*027:01:01	MICA*027:01	1	367:G>R	NA	NA	<20	NA	True	NA	NA	NA	none	EAS,SAS	0.812
MICA_prot_c4766c77	novel_protein	MICA	mic_tap	MICA*012:01:01	MICA*012:01	1	12:G>V	NA	NA	<20	NA	True	NA	NA	NA	none	EAS	0.812
MICA_prot_89d1e31a	novel_protein	MICA	mic_tap	MICA*004:01:01	MICA*004:01	1	15:P>L	NA	NA	<20	NA	True	NA	NA	NA	none	AFR	0.812
MICA_prot_4f725b53	novel_protein	MICA	mic_tap	MICA*011:01:01	MICA*011:01	1	174:V>M	NA	NA	<20	NA	True	NA	NA	NA	none	AFR,MID	0.812
MICA_prot_fcbf8871	novel_protein	MICA	mic_tap	MICA*002:01:01	MICA*002:01	1	373:Q>H	NA	NA	<20	NA	True	NA	NA	NA	none	AFR	0.812
MICA_prot_1eee8989	novel_protein	MICA	mic_tap	MICA*002:01:01	MICA*002:01	1	378:D>A	NA	NA	<20	NA	True	NA	NA	NA	none	AFR,SAS	0.812
MICA_prot_515fc091	novel_protein	MICA	mic_tap	MICA*012:01:01	MICA*012:01	1	373:D>A	NA	NA	<20	NA	True	NA	NA	NA	none	EAS,SAS	0.812
MICA_prot_03e2fab1	novel_protein	MICA	mic_tap	MICA*010:01:01	MICA*010:01	1	375:L>P	NA	NA	<20	NA	True	NA	NA	NA	none	EAS	0.812
MICA_prot_c5ee1f26	novel_protein	MICA	mic_tap	MICA*002:01:01	MICA*002:01	1	348:L>F	NA	NA	<20	NA	True	NA	NA	NA	none	AFR	0.812
MICA_prot_17a1601f	novel_protein	MICA	mic_tap	MICA*045:01:01	MICA*045:01	1	356:T>M	NA	NA	<20	NA	True	NA	NA	NA	none	EAS	0.812
MICA_prot_e88f9ca0	novel_protein	MICA	mic_tap	MICA*027:01:01	MICA*027:01	1	165:V>I	NA	NA	<20	NA	True	NA	NA	NA	none	EAS	0.812
MICA_prot_5fbdf4b5	novel_protein	MICA	mic_tap	MICA*004:01:01	MICA*004:01	1	385:A>T	NA	NA	<20	NA	True	NA	NA	NA	none	AFR	0.812
MICA_prot_c2a8ee85	novel_protein	MICA	mic_tap	MICA*009:01:01	MICA*009:01	1	332:C>F	NA	NA	<20	NA	True	NA	NA	NA	none	AMR	0.812
MICA_prot_f13d3a7a	novel_protein	MICA	mic_tap	MICA*024	MICA*024	4	47:A>T,59:Y>C,152:V>M,196:E>K	NA,NA,NA,NA	NA	<20	NA	True	NA	NA	NA	none	none	0.812
MICA_prot_aae906c1	novel_protein	MICA	mic_tap	MICA*012:01:01	MICA*012:01	4	229:G>S,233:W>R,236:T>I,238:S>T	NA,NA,NA,NA	NA	<20	NA	True	NA	NA	NA	none	EAS	0.812
MICB_prot_c4adf605	novel_protein	MICB	mic_tap	MICB*002:01:01	MICB*002:01	1	354:V>A	NA	NA	<20	NA	True	NA	NA	NA	none	AMR	0.847
MICB_prot_06417437	novel_protein	MICB	mic_tap	MICB*005:01:01	MICB*005:01	1	161:L>F	NA	NA	<20	NA	True	NA	NA	NA	none	AFR	0.847
MICB_prot_41d8b5f7	novel_protein	MICB	mic_tap	MICB*004:01:01	MICB*004:01	1	185:A>P	NA	NA	<20	NA	True	NA	NA	NA	none	EAS	0.847
MICB_prot_678731fd	novel_protein	MICB	mic_tap	MICB*005:01:01	MICB*005:01	1	318:P>Q	NA	NA	<20	NA	True	NA	NA	NA	none	AFR	0.847
MICB_prot_ac6a152e	novel_protein	MICB	mic_tap	MICB*008:01:01	MICB*008:01	1	20:A>T	NA	NA	<20	NA	True	NA	NA	NA	none	AFR	0.847
TAP1_prot_483e9c35	novel_protein	TAP1	mic_tap	TAP1*01:01:01:01	TAP1*01:01	1	378:R>Q	NA	NA	<20	NA	True	NA	NA	NA	none	EAS	7.981
TAP1_prot_08dd0972	novel_protein	TAP1	mic_tap	TAP1*03:01	TAP1*03:01	1	184:T>M	NA	NA	<20	NA	True	NA	NA	NA	none	AFR	7.981
TAP1_prot_7491ab75	novel_protein	TAP1	mic_tap	TAP1*02:01:01	TAP1*02:01	1	595:L>V	NA	NA	<20	NA	True	NA	NA	NA	none	AFR,MID	7.981
TAP1_prot_6e040ff4	novel_protein	TAP1	mic_tap	TAP1*01:01:01:01	TAP1*01:01	1	247:G>R	NA	NA	<20	NA	True	NA	NA	NA	none	AFR,AMR	7.981
TAP1_prot_fbf926bb	novel_protein	TAP1	mic_tap	TAP1*02:01:01	TAP1*02:01	1	659:R>Q	NA	NA	<20	NA	True	NA	NA	NA	none	EUR	7.981
TAP1_prot_f0b31224	novel_protein	TAP1	mic_tap	TAP1*02:01:01	TAP1*02:01	1	261:Q>P	NA	NA	<20	NA	True	NA	NA	NA	none	AFR	7.981
TAP1_prot_ac63734c	novel_protein	TAP1	mic_tap	TAP1*03:01	TAP1*03:01	1	691:R>Q	NA	NA	<20	NA	True	NA	NA	NA	none	SAS	7.981
TAP1_prot_d302bc5c	novel_protein	TAP1	mic_tap	TAP1*02:01:01	TAP1*02:01	1	532:E>K	NA	NA	<20	NA	True	NA	NA	NA	none	AFR	7.981
TAP1_prot_86b2d224	novel_protein	TAP1	mic_tap	TAP1*01:01:01:01	TAP1*01:01	1	146:A>V	NA	NA	<20	NA	True	NA	NA	NA	none	AMR,EUR	7.981
TAP1_prot_cb8751f0	novel_protein	TAP1	mic_tap	TAP1*01:01:01:01	TAP1*01:01	1	51:A>V	NA	NA	<20	NA	True	NA	NA	NA	none	none	7.981
TAP1_prot_0be53f2b	novel_protein	TAP1	mic_tap	TAP1*02:01:01	TAP1*02:01	3	17:G>R,443:N>K,728:Q>K	NA,NA,NA	NA	<20	NA	True	NA	NA	NA	none	AFR	7.981
TAP1_prot_a12c1e2e	novel_protein	TAP1	mic_tap	TAP1*01:01:01:01	TAP1*01:01	1	372:S>L	NA	NA	<20	NA	True	NA	NA	NA	none	AFR,AMR	7.981
TAP1_prot_e553ad2c	novel_protein	TAP1	mic_tap	TAP1*01:01:01:01	TAP1*01:01	1	110:L>V	NA	NA	<20	NA	True	NA	NA	NA	none	AFR,AMR	7.981
TAP1_prot_0f43afc1	novel_protein	TAP1	mic_tap	TAP1*01:01:01:01	TAP1*01:01	2	372:S>L,585:G>R	NA,NA	NA	<20	NA	True	NA	NA	NA	none	AFR,AMR	7.981
TAP1_prot_67eb0659	novel_protein	TAP1	mic_tap	TAP1*01:01:01:01	TAP1*01:01	1	249:Y>C	NA	NA	<20	NA	True	NA	NA	NA	none	AFR,MID	7.981
TAP1_prot_f01b6280	novel_protein	TAP1	mic_tap	TAP1*04:01	TAP1*04:01	1	270:R>H	NA	NA	<20	NA	True	NA	NA	NA	none	AFR	7.981
TAP1_prot_c59c1a9d	novel_protein	TAP1	mic_tap	TAP1*02:01:01	TAP1*02:01	2	17:G>R,529:R>C	NA,NA	NA	<20	NA	True	NA	NA	NA	none	AFR	7.981
TAP1_prot_b81a6f92	novel_protein	TAP1	mic_tap	TAP1*01:01:01:01	TAP1*01:01	1	162:V>M	NA	NA	<20	NA	True	NA	NA	NA	none	AMR,EUR	7.981
TAP1_prot_dbda6d6e	novel_protein	TAP1	mic_tap	TAP1*01:01:01:01	TAP1*01:01	1	487:R>H	NA	NA	<20	NA	True	NA	NA	NA	none	AFR,EAS	7.981
TAP1_prot_0dd01be0	novel_protein	TAP1	mic_tap	TAP1*01:01:01:01	TAP1*01:01	1	529:R>H	NA	NA	<20	NA	True	NA	NA	NA	none	AMR	7.981
TAP1_prot_5df71604	novel_protein	TAP1	mic_tap	TAP1*01:01:01:01	TAP1*01:01	1	534:T>M	NA	NA	<20	NA	True	NA	NA	NA	none	none	7.981
TAP1_prot_5128e633	novel_protein	TAP1	mic_tap	TAP1*01:01:01:01	TAP1*01:01	1	507:D>N	NA	NA	<20	NA	True	NA	NA	NA	none	AMR	7.981
TAP1_prot_dd7b1233	novel_protein	TAP1	mic_tap	TAP1*01:01:01:01	TAP1*01:01	1	482:L>M	NA	NA	<20	NA	True	NA	NA	NA	none	EAS	7.981
TAP1_prot_b9a86ce4	novel_protein	TAP1	mic_tap	TAP1*01:01:01:01	TAP1*01:01	1	101:A>V	NA	NA	<20	NA	True	NA	NA	NA	none	EUR,MID	7.981
TAP1_prot_7a66fddc	novel_protein	TAP1	mic_tap	TAP1*01:01:01:01	TAP1*01:01	1	54:L>Q	NA	NA	<20	NA	True	NA	NA	NA	none	AMR	7.981
TAP1_prot_37af73a2	novel_protein	TAP1	mic_tap	TAP1*03:01	TAP1*03:01	1	4:S>F	NA	NA	<20	NA	True	NA	NA	NA	none	AFR	7.981
TAP1_prot_d8882c55	novel_protein	TAP1	mic_tap	TAP1*01:01:01:01	TAP1*01:01	1	114:R>Q	NA	NA	<20	NA	True	NA	NA	NA	none	AFR	7.981
TAP1_prot_87b796c6	novel_protein	TAP1	mic_tap	TAP1*01:01:01:01	TAP1*01:01	1	122:P>A	NA	NA	<20	NA	True	NA	NA	NA	none	AFR	7.981
TAP1_prot_8837a1c1	novel_protein	TAP1	mic_tap	TAP1*01:01:01:01	TAP1*01:01	1	210:R>H	NA	NA	<20	NA	True	NA	NA	NA	none	EUR	7.981
TAP1_prot_efe260e9	novel_protein	TAP1	mic_tap	TAP1*01:01:01:01	TAP1*01:01	1	357:R>Q	NA	NA	<20	NA	True	NA	NA	NA	none	AMR	7.981
TAP1_prot_ffc70314	novel_protein	TAP1	mic_tap	TAP1*01:01:01:01	TAP1*01:01	1	474:S>C	NA	NA	<20	NA	True	NA	NA	NA	none	AMR	7.981
TAP1_prot_f7e8ecab	novel_protein	TAP1	mic_tap	TAP1*01:01:01:01	TAP1*01:01	1	691:R>P	NA	NA	<20	NA	True	NA	NA	NA	none	EUR	7.981
TAP1_prot_9551ae8c	novel_protein	TAP1	mic_tap	TAP1*01:01:01:01	TAP1*01:01	1	690:E>G	NA	NA	<20	NA	True	NA	NA	NA	none	AMR	7.981
TAP1_prot_f87f09c8	novel_protein	TAP1	mic_tap	TAP1*01:01:01:01	TAP1*01:01	2	637:D>G,648:R>Q	NA,NA	NA	<20	NA	True	NA	NA	NA	none	AFR	7.981
TAP1_prot_d1b676a0	novel_protein	TAP1	mic_tap	TAP1*01:01:01:01	TAP1*01:01	1	587:E>K	NA	NA	<20	NA	True	NA	NA	NA	none	AFR,SAS	7.981
TAP1_prot_96310fa5	novel_protein	TAP1	mic_tap	TAP1*02:01:01	TAP1*02:01	1	336:P>L	NA	NA	<20	NA	True	NA	NA	NA	none	AMR	7.981
TAP1_prot_54c9ccbb	novel_protein	TAP1	mic_tap	TAP1*03:01	TAP1*03:01	1	458:V>L	NA	NA	<20	NA	True	NA	NA	NA	none	AFR	7.981
TAP1_prot_02dc34b6	novel_protein	TAP1	mic_tap	TAP1*02:01:01	TAP1*02:01	1	728:Q>K	NA	NA	<20	NA	True	NA	NA	NA	none	EUR,MID	7.981
TAP1_prot_790ec900	novel_protein	TAP1	mic_tap	TAP1*01:01:01:01	TAP1*01:01	1	287:R>W	NA	NA	<20	NA	True	NA	NA	NA	none	EUR	7.981
TAP1_prot_1eb0dcc5	novel_protein	TAP1	mic_tap	TAP1*01:01:01:01	TAP1*01:01	1	257:H>Q	NA	NA	<20	NA	True	NA	NA	NA	none	EAS	7.981
TAP1_prot_7a73d158	novel_protein	TAP1	mic_tap	TAP1*01:01:01:01	TAP1*01:01	1	222:D>Y	NA	NA	<20	NA	True	NA	NA	NA	none	MID	7.981
TAP1_prot_436279ec	novel_protein	TAP1	mic_tap	TAP1*04:01	TAP1*04:01	1	7:P>S	NA	NA	<20	NA	True	NA	NA	NA	none	AFR	7.981
TAP2_prot_a81fa95f	novel_protein	TAP2	mic_tap	TAP2*02:01:01	TAP2*02:01	1	2:R>W	NA	NA	<20	NA	True	NA	NA	NA	none	AFR,AMR	6.847
TAP2_prot_1ae421ee	novel_protein	TAP2	mic_tap	TAP2*02:01:01	TAP2*02:01	1	257:T>I	NA	NA	<20	NA	True	NA	NA	NA	none	AFR,AMR	6.847
TAP2_prot_62ee3633	novel_protein	TAP2	mic_tap	TAP2*01:01:01	TAP2*01:01	1	47:G>R	NA	NA	<20	NA	True	NA	NA	NA	none	EAS,SAS	6.847
TAP2_prot_54b632b5	novel_protein	TAP2	mic_tap	TAP2*01:05:01:01	TAP2*01:05	1	2:R>W	NA	NA	<20	NA	True	NA	NA	NA	none	AFR,AMR	6.847
TAP2_prot_66b76cdd	novel_protein	TAP2	mic_tap	TAP2*02:03	TAP2*02:03	1	578:A>V	NA	NA	<20	NA	True	NA	NA	NA	none	AFR,AMR	6.847
TAP2_prot_251700d5	novel_protein	TAP2	mic_tap	TAP2*01:01:01	TAP2*01:01	3	374:A>T,665:T>A,686:->Q	NA,NA,NA	NA	<20	NA	True	NA	NA	NA	none	AFR,AMR	6.847
TAP2_prot_c3f59d32	novel_protein	TAP2	mic_tap	TAP2*01:04:01:01	TAP2*01:04	1	125:Q>H	NA	NA	<20	NA	True	NA	NA	NA	none	AMR	6.847
TAP2_prot_81dd4565	novel_protein	TAP2	mic_tap	TAP2*01:05:01:01	TAP2*01:05	1	592:M>I	NA	NA	<20	NA	True	NA	NA	NA	none	AFR,AMR,EUR	6.847
TAP2_prot_787ccee4	novel_protein	TAP2	mic_tap	TAP2*02:01:01	TAP2*02:01	1	565:A>T	NA	NA	<20	NA	True	NA	NA	NA	none	EAS	6.847
TAP2_prot_a8888adc	novel_protein	TAP2	mic_tap	TAP2*01:05:01:01	TAP2*01:05	1	324:A>T	NA	NA	<20	NA	True	NA	NA	NA	none	EUR,SAS	6.847
TAP2_prot_4e123b1c	novel_protein	TAP2	mic_tap	TAP2*01:03:02:01	TAP2*01:03	1	379:V>I	NA	NA	<20	NA	True	NA	NA	NA	none	AMR,EAS,EUR	6.847
TAP2_prot_ab09a300	novel_protein	TAP2	mic_tap	TAP2*01:01:01	TAP2*01:01	2	665:T>A,686:->Q	NA,NA	NA	<20	NA	True	NA	NA	NA	none	AFR,EUR,SAS	6.847
TAP2_prot_54ccad98	novel_protein	TAP2	mic_tap	TAP2*01:01:01	TAP2*01:01	3	577:M>V,665:T>A,686:->Q	NA,NA,NA	NA	<20	NA	True	NA	NA	NA	none	EAS,SAS	6.847
TAP2_prot_4cfeb0be	novel_protein	TAP2	mic_tap	TAP2*01:05:01:01	TAP2*01:05	1	530:D>N	NA	NA	<20	NA	True	NA	NA	NA	none	AFR,AMR,EUR	6.847
TAP2_prot_3d137305	novel_protein	TAP2	mic_tap	TAP2*01:01:01	TAP2*01:01	1	53:L>V	NA	NA	<20	NA	True	NA	NA	NA	none	AFR,AMR	6.847
TAP2_prot_a9bca102	novel_protein	TAP2	mic_tap	TAP2*01:01:01	TAP2*01:01	1	577:M>V	NA	NA	<20	NA	True	NA	NA	NA	none	EAS,SAS	6.847
TAP2_prot_5d879912	novel_protein	TAP2	mic_tap	TAP2*01:01:01	TAP2*01:01	2	256:D>G,686:->Q	NA,NA	NA	<20	NA	True	NA	NA	NA	none	AFR	6.847
TAP2_prot_54794370	novel_protein	TAP2	mic_tap	TAP2*01:05:01:01	TAP2*01:05	1	15:V>A	NA	NA	<20	NA	True	NA	NA	NA	none	AFR,MID	6.847
TAP2_prot_61987b1c	novel_protein	TAP2	mic_tap	TAP2*01:01:01	TAP2*01:01	1	235:R>C	NA	NA	<20	NA	True	NA	NA	NA	none	AFR,AMR,EUR	6.847
TAP2_prot_c02a8da8	novel_protein	TAP2	mic_tap	TAP2*01:05:01:01	TAP2*01:05	1	313:R>C	NA	NA	<20	NA	True	NA	NA	NA	none	AFR	6.847
TAP2_prot_31ffd9f7	novel_protein	TAP2	mic_tap	TAP2*01:02:01	TAP2*01:02	1	313:R>H	NA	NA	<20	NA	True	NA	NA	NA	none	AFR	6.847
TAP2_prot_ed907828	novel_protein	TAP2	mic_tap	TAP2*02:04	TAP2*02:04	1	379:V>I	NA	NA	<20	NA	True	NA	NA	NA	none	AFR	6.847
TAP2_prot_cd32261d	novel_protein	TAP2	mic_tap	TAP2*01:01:01	TAP2*01:01	3	374:A>T,467:V>I,684:A>V	NA,NA,NA	NA	<20	NA	True	NA	NA	NA	none	AFR,AMR	6.847
TAP2_prot_68602331	novel_protein	TAP2	mic_tap	TAP2*01:04:01:01	TAP2*01:04	2	665:T>A,686:->Q	NA,NA	NA	<20	NA	True	NA	NA	NA	none	AFR,AMR,EUR	6.847
TAP2_prot_36938820	novel_protein	TAP2	mic_tap	TAP2*02:05	TAP2*02:05	1	565:A>T	NA	NA	<20	NA	True	NA	NA	NA	none	AMR,EAS,MID	6.847
TAP2_prot_d59c6386	novel_protein	TAP2	mic_tap	TAP2*01:01:01	TAP2*01:01	1	234:L>Q	NA	NA	<20	NA	True	NA	NA	NA	none	EUR	6.847
TAP2_prot_5c1a9885	novel_protein	TAP2	mic_tap	TAP2*01:04:01:01	TAP2*01:04	1	651:R>C	NA	NA	<20	NA	True	NA	NA	NA	none	EUR	6.847
TAP2_prot_5895fd9c	novel_protein	TAP2	mic_tap	TAP2*02:01:01	TAP2*02:01	1	578:A>V	NA	NA	<20	NA	True	NA	NA	NA	none	SAS	6.847
TAP2_prot_b0fe0249	novel_protein	TAP2	mic_tap	TAP2*02:01:01	TAP2*02:01	1	172:Y>F	NA	NA	<20	NA	True	NA	NA	NA	none	EUR	6.847
TAP2_prot_83071b07	novel_protein	TAP2	mic_tap	TAP2*01:01:01	TAP2*01:01	1	313:R>H	NA	NA	<20	NA	True	NA	NA	NA	none	none	6.847
TAP2_prot_0ec4eab9	novel_protein	TAP2	mic_tap	TAP2*01:05:01:01	TAP2*01:05	1	397:Q>R	NA	NA	<20	NA	True	NA	NA	NA	none	SAS	6.847
TAP2_prot_12a6c343	novel_protein	TAP2	mic_tap	TAP2*02:01:01	TAP2*02:01	1	654:R>H	NA	NA	<20	NA	True	NA	NA	NA	none	AMR,EAS,SAS	6.847
TAP2_prot_ed6567b5	novel_protein	TAP2	mic_tap	TAP2*01:01:01	TAP2*01:01	1	642:E>K	NA	NA	<20	NA	True	NA	NA	NA	none	AMR	6.847
TAP2_prot_b038a54d	novel_protein	TAP2	mic_tap	TAP2*02:01:01	TAP2*02:01	1	641:C>W	NA	NA	<20	NA	True	NA	NA	NA	none	EAS	6.847
TAP2_prot_213de6e9	novel_protein	TAP2	mic_tap	TAP2*01:03:02:01	TAP2*01:03	1	577:M>V	NA	NA	<20	NA	True	NA	NA	NA	none	SAS	6.847
TAP2_prot_97349673	novel_protein	TAP2	mic_tap	TAP2*01:01:01	TAP2*01:01	1	552:E>G	NA	NA	<20	NA	True	NA	NA	NA	none	AMR	6.847
TAP2_prot_ba958285	novel_protein	TAP2	mic_tap	TAP2*02:01:01	TAP2*02:01	1	134:N>D	NA	NA	<20	NA	True	NA	NA	NA	none	AMR	6.847
TAP2_prot_44d79fae	novel_protein	TAP2	mic_tap	TAP2*01:05:01:01	TAP2*01:05	1	686:->Q	NA	NA	<20	NA	True	NA	NA	NA	none	AFR	6.847
TAP2_prot_713263d7	novel_protein	TAP2	mic_tap	TAP2*01:05:01:01	TAP2*01:05	1	677:E>K	NA	NA	<20	NA	True	NA	NA	NA	none	none	6.847
TAP2_prot_6aad4ff8	novel_protein	TAP2	mic_tap	TAP2*02:01:01	TAP2*02:01	1	364:Q>R	NA	NA	<20	NA	True	NA	NA	NA	none	AFR,EAS	6.847
TAP2_prot_db675fb2	novel_protein	TAP2	mic_tap	TAP2*01:01:01	TAP2*01:01	3	363:R>W,665:T>A,686:->Q	NA,NA,NA	NA	<20	NA	True	NA	NA	NA	none	EUR	6.847
TAP2_prot_e00f4f2e	novel_protein	TAP2	mic_tap	TAP2*02:05	TAP2*02:05	1	60:G>V	NA	NA	<20	NA	True	NA	NA	NA	none	EAS	6.847
TAP2_prot_a6b772c9	novel_protein	TAP2	mic_tap	TAP2*01:01:01	TAP2*01:01	3	2:R>W,374:A>T,467:V>I	NA,NA,NA	NA	<20	NA	True	NA	NA	NA	none	none	6.847
