gene,group_2field,catalogued_3field_variants,observed_3field_variants,n_individuals,dominant_ancestry,dominant_ancestry_share
A,02:01,236,36,207897,eur,68.0
A,01:01,176,19,114621,eur,78.3
A,03:01,147,16,110650,eur,70.5
A,24:02,191,21,87293,eur,57.4
A,11:01,146,16,54307,eur,65.6
A,23:01,45,6,40787,afr,52.6
A,68:01,77,5,37513,eur,50.2
A,29:02,43,5,34462,eur,56.8
A,32:01,68,4,30325,eur,69.8
A,26:01,92,8,29875,eur,66.4
A,31:01,66,8,29752,eur,53.2
A,30:01,35,2,27606,afr,50.3
A,30:02,34,8,24030,afr,54.6
A,68:02,30,7,23412,afr,52.7
A,33:03,75,6,18234,afr,56.8
A,25:01,27,2,15361,eur,82.4
A,33:01,22,2,14296,eur,37.1
A,02:05,17,2,12989,eur,48.0
A,74:01,12,3,12423,afr,85.0
A,02:06,37,7,11390,amr,73.4
A,02:02,10,1,10501,afr,78.0
A,34:02,8,1,8186,afr,81.2
A,66:01,12,1,6976,afr,41.3
A,36:01,3,1,6013,afr,89.6
A,68:03,4,3,3730,amr,99.0
A,29:01,16,1,3193,eur,63.9
A,03:02,9,1,2709,eur,73.6
A,24:03,6,2,2285,eur,56.7
A,30:04,5,2,2248,eur,44.8
A,66:02,2,1,2177,afr,89.7
A,02:07,28,2,2109,eas,93.3
A,80:01,2,1,2028,afr,75.2
A,69:01,6,1,1813,eur,59.9
A,01:02,2,1,1700,afr,65.4
A,02:11,16,3,1525,amr,51.0
A,24:07,5,1,1482,eas,72.1
A,02:03,18,2,1410,eas,83.0
A,34:01,8,1,1137,eas,86.9
A,02:17,3,1,1072,amr,60.6
A,26:08,3,1,800,eur,74.8
A,68:05,0,0,724,amr,99.4
A,02:04,2,1,707,amr,93.6
A,11:02,9,2,651,eas,94.9
A,24:25,0,0,507,amr,99.2
A,02:22,2,1,499,amr,86.2
A,02:20,2,2,408,amr,52.9
A,66:03,1,1,405,afr,86.2
A,31:02,2,1,346,amr,99.4
A,30:10,0,0,332,amr,90.4
A,74:03,3,1,317,eur,63.4
A,02:13,2,0,285,amr,89.8
A,01:03,3,1,257,eur,53.3
A,33:05,0,0,254,eur,80.3
A,02:60,2,1,236,afr,90.3
A,24:10,2,1,147,eas,91.2
A,74:11,0,0,141,afr,96.5
A,24:23,0,0,133,afr,51.9
A,26:02,2,1,117,eas,88.0
A,26:03,4,1,114,eas,83.3
A,02:24,2,1,111,eur,71.2
A,24:05,2,1,104,amr,84.6
A,74:09,0,0,100,afr,95.0
A,24:14,1,1,98,amr,96.9
A,02:30,2,1,97,eur,94.8
A,02:14,0,1,89,afr,79.8
A,26:12,1,1,82,afr,91.5
A,34:05,0,0,76,eas,77.6
A,31:09,0,0,76,amr,100.0
A,68:12,2,2,74,amr,91.9
A,24:17,2,1,73,sas,87.7
A,68:17,2,1,70,amr,92.9
A,24:22,0,0,69,amr,100.0
A,23:05,0,0,65,amr,64.6
A,29:10,2,1,64,eur,89.1
A,68:07,0,0,64,amr,100.0
A,11:05,0,1,62,eur,88.7
A,24:20,4,1,60,eas,93.3
A,02:33,0,0,58,amr,100.0
A,02:08,2,1,56,eur,64.3
A,02:10,0,1,54,eas,92.6
A,68:15,0,0,49,afr,87.8
A,36:03,0,0,40,afr,85.0
A,30:07,0,0,39,afr,100.0
A,11:03,1,1,39,sas,69.2
A,02:16,0,1,35,sas,91.4
A,03:05,2,1,33,eur,81.8
A,43:01,0,1,32,afr,87.5
A,31:04,2,1,32,afr,84.4
A,02:64,2,1,31,amr,74.2
A,02:35,3,1,30,eur,90.0
A,24:53,0,0,28,amr,96.4
A,01:06,0,0,27,eur,85.2
A,03:07,2,1,27,afr,48.1
A,02:29,0,1,24,eur,95.8
A,26:09,0,0,23,eur,82.6
A,68:10,0,0,23,afr,100.0
A,11:04,0,0,23,eas,87.0
A,24:26,0,1,21,amr,42.9
A,24:29,0,0,21,eur,90.5
A,25:02,0,0,21,eur,81.0
A,02:38,0,0,19,eur,84.2
A,11:12,2,1,18,eur,83.3
A,26:07,2,2,18,eur,50.0
A,32:04,0,0,18,eur,100.0
A,30:09,1,1,16,afr,81.2
A,02:86,2,1,16,eur,56.2
A,32:03,1,1,16,eur,100.0
A,02:137,0,0,15,amr,100.0
A,02:27,0,0,15,eur,100.0
A,02:44,0,0,14,amr,100.0
A,24:13,3,2,14,amr,92.9
A,02:51,0,0,14,amr,100.0
A,31:12,0,0,13,sas,100.0
A,11:08,0,0,13,amr,84.6
A,24:387,0,0,13,eas,84.6
A,02:12,0,0,13,eur,53.8
A,03:08,1,1,13,eur,100.0
A,68:24,0,0,13,eur,69.2
A,32:08,0,0,12,eur,91.7
A,31:06,0,0,12,sas,50.0
A,26:17,0,0,12,eur,66.7
A,68:20,0,0,12,amr,100.0
A,02:85,0,0,11,eur,54.5
A,23:02,0,0,11,afr,100.0
A,26:15,0,0,11,eur,100.0
A,02:58,0,0,10,amr,100.0
A,02:19,0,0,10,eur,60.0
A,68:08,2,2,9,afr,77.8
A,02:53,2,1,9,eas,100.0
A,30:08,2,1,8,afr,87.5
A,23:03,2,2,8,afr,87.5
A,24:56,2,1,8,eur,75.0
A,24:31,0,0,8,eur,75.0
A,02:39,0,0,7,amr,100.0
A,68:06,0,0,7,amr,100.0
A,74:06,0,1,7,eur,85.7
A,74:16,2,2,6,afr,66.7
A,30:16,0,0,6,afr,100.0
A,24:08,0,0,6,eas,100.0
A,02:1126,0,0,6,sas,100.0
A,02:49,2,1,6,eur,83.3
A,02:28,0,0,6,eas,100.0
A,02:34,0,0,5,eur,100.0
A,02:122,0,0,5,afr,80.0
A,02:26,0,0,5,eur,100.0
A,31:07,0,0,5,amr,100.0
A,33:04,0,0,5,amr,60.0
A,03:62,1,1,5,eur,100.0
A,23:04,0,0,5,afr,80.0
A,29:12,0,0,5,eur,100.0
A,03:04,3,1,5,eur,60.0
A,03:51,2,1,4,afr,100.0
A,31:08,0,0,4,eur,100.0
A,01:38,2,0,4,eur,100.0
A,30:03,0,0,4,eur,100.0
A,29:04,0,0,4,eur,100.0
A,03:22,2,1,4,eur,100.0
A,02:45,0,0,4,amr,50.0
A,01:09,2,1,4,afr,100.0
A,24:28,0,0,4,amr,50.0
A,32:02,0,0,4,eur,100.0
A,25:03,0,0,4,eur,100.0
A,23:13,0,1,4,afr,75.0
A,02:54,0,0,3,amr,100.0
A,24:38,0,0,3,amr,100.0
A,03:89,2,1,3,amr,100.0
A,34:03,0,0,3,afr,100.0
A,02:18,0,0,3,eas,100.0
A,24:72,0,0,3,amr,66.7
A,02:63,0,0,3,afr,100.0
A,02:136,0,1,3,amr,100.0
A,34:09,0,0,3,afr,100.0
A,32:06,0,0,3,eur,66.7
A,68:35,1,1,3,eur,100.0
A,24:04,0,0,3,eas,100.0
A,02:21,0,0,3,eur,66.7
A,11:29,0,0,3,eur,100.0
A,23:15,0,0,2,afr,100.0
A,25:19,2,1,2,eur,50.0
A,02:133,0,0,2,eur,100.0
A,01:23,2,1,2,afr,100.0
A,68:27,2,1,2,eur,50.0
A,24:18,0,0,2,eur,50.0
A,02:156,0,0,2,eur,100.0
A,24:121,1,1,2,eur,100.0
A,01:380,1,1,2,sas,50.0
A,24:90,2,1,2,eur,50.0
A,02:197,2,1,2,amr,50.0
A,68:39,0,0,2,afr,100.0
A,68:54,0,0,2,afr,100.0
A,02:211,2,1,2,afr,50.0
A,24:159,0,0,2,amr,100.0
A,24:21,4,1,2,eur,100.0
A,01:67,2,1,2,eur,100.0
A,26:65,0,0,2,eur,100.0
A,03:56,1,1,2,eur,100.0
A,30:12,2,1,2,eur,50.0
A,02:36,1,0,2,eur,100.0
A,02:603,0,0,2,mid,50.0
A,24:35,0,0,2,eur,100.0
A,68:23,2,1,2,amr,100.0
A,24:15,0,0,2,amr,100.0
A,74:05,0,0,2,eur,50.0
A,02:102,0,0,2,mid,50.0
A,02:87,0,0,2,eur,50.0
A,26:18,0,0,2,eas,100.0
A,68:16,0,0,2,amr,100.0
A,30:28,0,0,1,afr,100.0
A,11:366,2,1,1,sas,100.0
A,01:61,0,0,1,eur,100.0
A,03:108,0,0,1,eur,100.0
A,68:21,3,1,1,amr,100.0
A,24:109,0,0,1,mid,100.0
A,32:55,3,1,1,amr,100.0
A,01:266,2,1,1,sas,100.0
A,11:44,0,0,1,sas,100.0
A,31:88,0,0,1,amr,100.0
A,26:16,0,0,1,eur,100.0
A,02:648,2,1,1,eur,100.0
A,02:501,2,1,1,eur,100.0
A,01:210,2,1,1,eur,100.0
A,01:44,0,0,1,eur,100.0
A,02:90,0,0,1,eur,100.0
A,24:392,0,0,1,eur,100.0
A,02:217,2,1,1,afr,100.0
A,02:552,0,0,1,amr,100.0
A,02:56,2,1,1,eur,100.0
A,68:28,0,0,1,afr,100.0
A,11:24,2,1,1,amr,100.0
A,30:44,0,0,1,afr,100.0
A,31:15,0,0,1,amr,100.0
A,02:623,0,0,1,eur,100.0
A,24:87,0,0,1,amr,100.0
A,02:325,0,0,1,eur,100.0
A,01:26,0,0,1,eur,100.0
A,11:58,0,0,1,sas,100.0
A,25:06,0,0,1,eur,100.0
A,24:95,0,0,1,eur,100.0
A,31:16,0,0,1,eas,100.0
A,31:11,2,1,1,eas,100.0
A,24:24,0,0,1,afr,100.0
A,31:05,0,0,1,amr,100.0
A,23:37,2,1,1,afr,100.0
A,02:663,0,0,1,amr,100.0
A,02:278,0,0,1,amr,100.0
A,31:97,0,0,1,amr,100.0
A,01:14,0,0,1,eur,100.0
A,02:962,0,0,1,amr,100.0
A,68:31,0,0,1,amr,100.0
A,29:91,0,0,1,afr,100.0
A,26:30,0,0,1,afr,100.0
A,02:81,0,1,1,eur,100.0
A,02:289,2,1,1,sas,100.0
A,02:164,2,1,1,eur,100.0
A,68:30,0,0,1,amr,100.0
A,31:179,0,0,1,eur,100.0
A,68:55,2,1,1,amr,100.0
A,03:238,0,0,1,amr,100.0
A,68:13,2,1,1,eur,100.0
A,02:233,2,1,1,eur,100.0
A,11:250,0,0,1,eur,100.0
A,30:18,2,1,1,afr,100.0
A,68:330,0,0,1,amr,100.0
A,02:841,0,0,1,amr,100.0
A,68:43,2,1,1,eur,100.0
A,24:179,0,0,1,amr,100.0
A,02:84,0,0,1,eur,100.0
A,30:139,0,0,1,eas,100.0
A,03:72,0,0,1,eur,100.0
A,03:50,0,0,1,eur,100.0
A,11:10,0,0,1,eur,100.0
A,02:346,0,0,1,eur,100.0
A,68:255,0,0,1,amr,100.0
A,29:32,0,0,1,eur,100.0
A,32:07,0,0,1,eur,100.0
A,02:394,0,0,1,amr,100.0
A,24:310,2,1,1,amr,100.0
A,24:85,0,0,1,amr,100.0
A,33:08,0,0,1,eas,100.0
A,25:05,0,0,1,eur,100.0
A,33:18,2,1,1,afr,100.0
A,26:90,0,0,1,eur,100.0
A,26:20,2,1,1,eur,100.0
A,11:15,2,1,1,eur,100.0
A,03:306,0,0,1,eur,100.0
A,02:140,2,1,1,eur,100.0
A,34:29N,0,0,1,amr,100.0
A,24:207,2,1,1,amr,100.0
A,01:48,0,0,1,eur,100.0
A,11:199,3,1,1,eur,100.0
A,02:93,2,1,1,eur,100.0
A,02:749,0,0,1,eur,100.0
A,66:23,0,0,1,eur,100.0
A,03:103,2,1,1,eur,100.0
A,24:46,0,0,1,eur,100.0
A,11:18,0,0,1,eur,100.0
A,02:37,0,0,1,eur,100.0
A,26:14,0,0,1,eur,100.0
A,26:05,0,0,1,eas,100.0
A,01:51,0,0,1,eur,100.0
A,25:11,0,0,1,eur,100.0
A,25:04,0,0,1,eur,100.0
A,11:06,0,0,1,eur,100.0
A,32:26,2,1,1,eur,100.0
A,68:29,0,0,1,amr,100.0
B,07:02,113,14,98147,eur,72.9
B,08:01,88,11,80241,eur,79.4
B,44:02,93,16,61411,eur,82.4
B,35:01,93,14,61351,eur,52.6
B,44:03,81,8,51992,eur,54.8
B,51:01,120,13,45396,eur,61.6
B,15:01,100,15,43899,eur,78.9
B,18:01,65,7,41154,eur,64.3
B,40:01,97,8,38635,eur,78.3
B,14:02,37,4,30970,eur,58.3
B,53:01,32,5,29332,afr,77.9
B,27:05,65,11,28280,eur,76.9
B,57:01,55,6,26121,eur,81.3
B,49:01,29,1,20385,eur,47.3
B,13:02,48,5,20299,eur,74.2
B,40:02,41,4,20006,amr,53.7
B,38:01,27,4,18632,eur,77.2
B,58:01,52,2,17422,afr,44.0
B,45:01,15,2,17365,afr,57.9
B,52:01,65,3,16212,eur,38.1
B,15:03,15,3,16155,afr,77.1
B,35:03,47,5,15415,eur,70.0
B,55:01,36,5,13820,eur,78.4
B,42:01,9,1,12386,afr,85.8
B,50:01,27,3,11997,eur,56.5
B,37:01,41,4,11603,eur,72.4
B,35:02,26,2,10192,eur,71.6
B,39:01,47,6,9641,eur,66.9
B,58:02,4,1,9599,afr,90.1
B,57:03,10,1,9006,afr,74.6
B,14:01,16,1,8990,eur,61.7
B,39:06,9,3,8726,amr,54.6
B,15:10,10,3,8472,afr,83.0
B,41:01,11,2,6371,eur,50.2
B,39:05,5,3,6007,amr,97.6
B,07:05,15,2,5736,eur,35.3
B,41:02,14,2,5530,eur,59.0
B,56:01,19,2,5464,eur,71.8
B,48:01,15,1,5406,amr,78.0
B,15:16,6,3,5052,afr,75.3
B,15:17,11,2,4780,eur,50.7
B,35:08,20,3,4769,eur,67.2
B,81:01,5,1,4465,afr,89.5
B,35:12,4,2,4283,amr,99.1
B,27:02,9,1,3361,eur,81.9
B,35:17,5,2,2899,amr,99.6
B,15:18,11,1,2555,eur,53.5
B,46:01,45,1,2518,eas,93.8
B,44:05,6,2,2398,eur,82.5
B,47:01,8,1,2335,eur,71.7
B,78:01,2,2,2308,afr,84.8
B,40:06,35,1,2130,sas,46.5
B,51:02,7,2,2108,amr,79.1
B,42:02,3,1,2078,afr,74.6
B,15:02,21,2,1939,eas,76.7
B,39:10,3,3,1900,afr,85.4
B,15:15,3,1,1859,amr,99.7
B,35:43,3,1,1788,amr,98.3
B,38:02,18,3,1718,eas,85.3
B,40:05,3,1,1485,amr,99.5
B,13:01,27,1,1442,eas,78.4
B,35:05,7,1,1406,eas,53.0
B,57:02,3,2,1314,afr,63.8
B,39:02,3,2,1186,amr,98.0
B,51:08,7,1,1128,eur,60.5
B,27:03,1,0,989,afr,71.2
B,54:01,14,1,941,eas,93.0
B,39:08,0,0,813,amr,99.1
B,15:30,1,1,809,amr,99.5
B,40:08,1,1,730,amr,98.5
B,35:14,4,2,716,amr,99.4
B,15:07,3,1,692,eur,56.6
B,55:02,19,2,641,eas,92.0
B,50:02,1,1,607,amr,50.2
B,82:01,3,1,599,afr,87.6
B,14:03,0,0,598,afr,87.5
B,40:04,4,1,585,amr,96.4
B,15:35,2,1,573,eas,85.7
B,73:01,1,1,537,eur,57.4
B,51:07,2,1,515,eur,61.0
B,51:09,3,2,500,eur,70.6
B,15:25,7,1,497,eas,68.0
B,35:04,4,2,466,amr,98.3
B,27:04,6,1,428,eas,88.3
B,27:07,7,2,426,eur,55.6
B,44:04,0,0,420,eur,83.8
B,57:04,3,1,414,afr,94.0
B,18:03,2,1,413,eur,82.1
B,39:24,3,1,393,eur,74.8
B,35:16,0,0,378,amr,100.0
B,40:11,2,2,378,amr,99.5
B,15:21,3,1,374,eas,90.4
B,39:11,0,0,362,amr,100.0
B,35:20,3,2,339,amr,93.8
B,40:27,3,1,335,amr,99.7
B,44:10,0,0,333,afr,90.7
B,15:09,2,1,319,eur,53.0
B,40:16,1,1,313,afr,78.3
B,15:04,5,1,294,amr,95.9
B,15:24,2,1,293,eur,90.1
B,15:39,2,1,287,amr,82.9
B,27:06,2,1,270,eas,71.9
B,15:13,3,1,261,eas,60.5
B,39:09,6,1,247,amr,71.7
B,40:12,2,1,245,afr,89.0
B,15:11,10,1,235,eas,95.3
B,51:06,4,3,222,eas,52.3
B,07:04,2,1,221,eur,96.4
B,15:08,2,1,214,eur,45.8
B,48:03,3,2,205,amr,61.0
B,51:05,1,1,189,eur,85.7
B,15:12,3,2,189,eas,91.5
B,15:37,0,0,178,afr,88.2
B,67:01,3,2,174,eas,63.2
B,48:02,3,1,166,amr,91.6
B,15:27,4,1,156,eas,98.7
B,15:31,1,1,148,afr,66.2
B,41:03,2,1,134,afr,91.8
B,35:11,4,1,126,amr,93.7
B,35:10,0,0,120,amr,97.5
B,35:09,5,2,119,amr,98.3
B,40:03,2,1,118,amr,48.3
B,07:09,2,1,116,afr,51.7
B,59:01,1,1,114,eas,94.7
B,15:05,4,1,114,sas,68.4
B,18:02,3,1,113,eas,87.6
B,56:04,6,1,112,eas,92.9
B,82:02,2,1,111,afr,90.1
B,15:20,0,0,108,amr,90.7
B,15:40,2,1,108,amr,99.1
B,18:04,2,1,98,amr,53.1
B,47:03,0,0,98,afr,91.8
B,51:14,0,0,97,amr,99.0
B,15:47,2,2,92,afr,73.9
B,27:08,0,0,90,eur,71.1
B,35:21,0,0,86,amr,100.0
B,39:13,3,2,84,amr,94.0
B,35:30,1,1,84,amr,61.9
B,35:22,1,1,83,amr,100.0
B,35:23,0,0,82,amr,98.8
B,40:10,2,1,80,eas,86.2
B,18:05,1,1,76,eur,69.7
B,07:10,2,1,74,eur,86.5
B,40:20,1,1,72,amr,100.0
B,35:24,2,2,72,amr,100.0
B,27:12,1,1,72,eur,51.4
B,35:28,1,1,71,amr,98.6
B,27:14,0,1,68,eur,82.4
B,44:06,0,0,67,eur,65.7
B,39:03,2,1,67,amr,100.0
B,15:48,0,0,64,amr,100.0
B,07:14,2,1,63,amr,71.4
B,15:34,2,1,62,eur,91.9
B,35:06,0,0,59,amr,98.3
B,08:12,3,1,59,afr,91.5
B,27:09,0,0,57,eur,78.9
B,08:09,0,0,56,eur,80.4
B,15:29,1,1,54,sas,42.6
B,35:31,1,1,53,amr,98.1
B,14:05,0,0,53,afr,100.0
B,35:41,0,0,50,eur,80.0
B,56:02,3,1,49,eas,87.8
B,15:32,2,1,49,sas,55.1
B,44:09,0,0,47,eur,91.5
B,15:54,0,0,46,afr,89.1
B,27:10,0,0,46,eur,82.6
B,44:07,0,0,46,afr,97.8
B,39:31,1,1,44,eur,90.9
B,15:52,0,0,40,afr,100.0
B,44:29,0,1,40,eur,92.5
B,39:14,1,1,38,amr,94.7
B,51:22,0,0,38,amr,84.2
B,51:13,2,2,37,amr,97.3
B,07:07,3,1,37,eur,78.4
B,15:23,0,0,37,eur,83.8
B,39:15,0,1,37,eas,78.4
B,07:12,0,0,34,afr,97.1
B,08:18,0,0,33,eur,90.9
B,56:03,0,0,32,eas,100.0
B,15:06,0,0,32,eas,78.1
B,35:42,3,1,32,eur,53.1
B,15:71,0,0,31,eur,87.1
B,78:02,2,2,30,eur,73.3
B,51:10,0,0,27,amr,92.6
B,35:47,0,0,26,amr,100.0
B,78:04,2,0,26,amr,100.0
B,15:38,2,1,26,amr,42.3
B,55:04,0,0,26,eas,84.6
B,44:08,0,0,24,eur,95.8
B,27:01,0,0,23,eur,91.3
B,39:12,1,1,23,amr,100.0
B,39:07,0,0,22,amr,100.0
B,07:03,0,0,22,eur,81.8
B,18:07,3,1,20,eur,80.0
B,48:04,2,1,19,sas,94.7
B,35:29,3,1,19,eur,89.5
B,44:55,0,0,19,eur,84.2
B,39:20,0,0,18,amr,100.0
B,44:188,0,0,18,eur,66.7
B,15:33,0,0,18,eur,77.8
B,35:19,0,0,17,amr,100.0
B,08:04,2,1,17,eur,94.1
B,07:22,2,2,16,eur,87.5
B,18:14,0,0,16,eur,100.0
B,15:45,0,0,16,eur,93.8
B,47:02,0,0,15,eur,86.7
B,07:15,0,0,15,eur,100.0
B,35:27,0,0,15,eur,86.7
B,18:13,0,0,14,eur,85.7
B,15:14,0,1,14,eur,92.9
B,35:49,3,1,14,amr,64.3
B,40:23,0,0,14,sas,85.7
B,55:12,0,0,13,eas,100.0
B,35:68,2,2,13,amr,92.3
B,35:197,0,0,13,eur,69.2
B,44:245,2,1,12,eur,50.0
B,07:26,0,0,12,eur,50.0
B,40:14,3,2,12,eur,91.7
B,53:05,2,1,12,eur,91.7
B,15:82,0,0,11,eur,100.0
B,44:18,1,1,11,afr,100.0
B,57:09,0,0,11,afr,100.0
B,37:02,0,0,11,eur,100.0
B,48:07,0,0,11,amr,90.9
B,51:65,0,0,11,eur,100.0
B,35:55,0,0,11,amr,63.6
B,35:48,0,0,10,amr,100.0
B,37:04,2,2,10,eur,90.0
B,40:40,0,1,10,eas,90.0
B,35:34,0,0,9,amr,88.9
B,07:47,0,0,9,eur,100.0
B,07:20,0,0,9,amr,88.9
B,18:20,0,0,9,eur,88.9
B,44:21,0,0,9,eur,88.9
B,39:04,0,0,9,eas,100.0
B,18:06,0,0,9,eur,55.6
B,45:02,0,0,8,afr,100.0
B,18:08,0,0,8,eur,100.0
B,51:75,0,0,8,amr,87.5
B,51:31,0,0,8,amr,100.0
B,35:15,2,1,8,amr,100.0
B,40:32,0,0,8,eur,87.5
B,39:22,0,0,8,amr,100.0
B,44:34,2,2,8,eur,87.5
B,38:06,0,0,7,amr,57.1
B,51:04,2,1,7,amr,85.7
B,08:16,0,0,7,afr,100.0
B,35:59,2,1,7,afr,57.1
B,15:65,0,0,7,eur,100.0
B,56:09,0,0,7,afr,42.9
B,44:84,2,2,7,eur,85.7
B,52:02,2,1,7,amr,100.0
B,40:64,2,1,7,amr,100.0
B,15:212,0,0,7,eur,71.4
B,08:20,2,1,7,eur,71.4
B,15:73,1,1,7,eur,100.0
B,08:23,0,0,7,eur,57.1
B,18:18,1,1,7,eur,100.0
B,44:50,3,2,6,afr,83.3
B,18:11,0,0,6,eur,83.3
B,35:60,0,0,6,afr,50.0
B,44:23,1,1,6,eur,83.3
B,27:27,0,0,6,amr,83.3
B,07:36,0,0,6,eur,100.0
B,35:26,0,0,6,amr,100.0
B,35:116,0,0,6,amr,100.0
B,35:423,0,0,6,eur,100.0
B,15:58,0,0,6,eas,100.0
B,44:103,0,0,5,amr,100.0
B,07:37,2,1,5,eur,100.0
B,40:31,0,0,5,eur,100.0
B,15:78,5,1,5,eur,100.0
B,15:135,0,0,5,eur,100.0
B,35:63,0,0,5,eur,40.0
B,53:15,0,0,5,afr,100.0
B,15:63,0,0,5,amr,100.0
B,14:06,2,1,5,eur,80.0
B,07:53,0,0,5,eur,100.0
B,52:04,0,0,5,sas,80.0
B,39:37,1,1,5,amr,100.0
B,13:03,0,0,5,eur,60.0
B,67:02,1,1,5,afr,100.0
B,39:39,2,1,5,amr,100.0
B,44:46,2,1,5,eur,100.0
B,07:13,0,0,5,afr,100.0
B,57:05,0,0,5,afr,100.0
B,18:25,0,0,5,afr,80.0
B,42:05,2,1,5,eur,100.0
B,44:15,1,1,5,afr,100.0
B,53:21,0,0,5,afr,60.0
B,40:87,2,2,4,eur,75.0
B,35:280,0,0,4,eur,100.0
B,35:32,2,1,4,eur,50.0
B,15:154,2,2,4,eur,50.0
B,15:67,0,0,4,afr,100.0
B,51:64,2,0,4,afr,100.0
B,15:53,0,0,4,eur,50.0
B,35:323,2,1,4,eur,75.0
B,18:12,2,1,4,eur,100.0
B,07:08,2,1,4,eur,100.0
B,07:31,2,1,4,afr,75.0
B,52:10,3,2,4,sas,50.0
B,51:34,0,0,4,eur,75.0
B,39:19,2,2,4,eur,50.0
B,51:43,0,0,4,eur,100.0
B,48:05,2,1,4,afr,75.0
B,15:721,0,0,4,eur,50.0
B,14:09,0,0,4,afr,100.0
B,13:12,2,2,4,eas,100.0
B,58:04,0,0,3,afr,100.0
B,44:17,2,1,3,eur,100.0
B,51:42,0,1,3,eur,100.0
B,44:212,0,0,3,amr,66.7
B,56:10,0,0,3,eas,100.0
B,39:212,0,0,3,amr,100.0
B,07:235,0,0,3,afr,100.0
B,35:77,0,0,3,eur,100.0
B,35:120,0,0,3,eur,100.0
B,15:42,0,0,3,eur,100.0
B,15:62,0,0,3,afr,100.0
B,15:55,0,0,3,amr,66.7
B,53:17,2,1,3,eur,33.3
B,40:50,1,1,3,sas,100.0
B,35:402,0,0,3,afr,33.3
B,35:584,0,0,3,eur,100.0
B,15:110,0,0,3,amr,100.0
B,35:44,0,0,3,amr,66.7
B,44:22,0,0,3,eur,100.0
B,51:56,3,2,3,eur,100.0
B,40:13,0,0,3,amr,100.0
B,15:56,0,0,3,eas,66.7
B,15:153,0,0,3,eur,100.0
B,56:60,0,0,3,eur,100.0
B,41:07,0,0,3,amr,100.0
B,38:09,0,0,3,eur,100.0
B,58:36,0,0,3,eur,66.7
B,44:13,0,0,3,eur,66.7
B,35:87,0,0,2,eur,50.0
B,39:43,0,0,2,eur,100.0
B,13:04,0,0,2,eur,100.0
B,07:33,3,1,2,eur,100.0
B,15:157,0,0,2,eur,100.0
B,15:51,0,0,2,eur,100.0
B,40:21,0,0,2,eur,100.0
B,07:42,0,0,2,amr,50.0
B,08:56,3,1,2,eur,100.0
B,51:29,0,0,2,eur,100.0
B,15:142,0,0,2,eur,100.0
B,44:20,0,0,2,eur,100.0
B,15:46,0,0,2,eas,50.0
B,44:28,2,1,2,afr,100.0
B,39:156,0,0,2,eur,100.0
B,07:127,0,0,2,amr,50.0
B,38:03,0,0,2,amr,100.0
B,35:36,0,0,2,eur,100.0
B,35:167,0,0,2,eur,100.0
B,15:132,0,0,2,eur,100.0
B,18:28,0,0,2,eur,100.0
B,15:141,0,0,2,eas,100.0
B,13:11,0,0,2,eur,100.0
B,15:371,0,0,2,eur,100.0
B,51:23,0,0,2,amr,100.0
B,15:64,2,1,2,eas,50.0
B,40:472,0,0,2,amr,100.0
B,35:204,0,0,2,eur,100.0
B,27:20,0,0,2,eas,100.0
B,35:108,2,1,2,amr,100.0
B,35:149,0,0,2,amr,100.0
B,48:12,0,0,2,amr,100.0
B,53:08,2,1,2,afr,50.0
B,40:49,0,0,2,eur,100.0
B,35:477,0,0,2,amr,100.0
B,58:06,0,0,2,afr,100.0
B,40:99,0,0,2,amr,100.0
B,39:74,0,0,2,eur,100.0
B,35:99,0,0,2,afr,50.0
B,53:06,0,0,2,amr,50.0
B,35:218,0,0,2,eur,100.0
B,15:182N,0,0,2,eur,100.0
B,48:06,0,0,2,amr,100.0
B,56:15,0,0,2,eur,100.0
B,40:114,2,1,2,eur,100.0
B,35:247,2,1,2,eur,100.0
B,56:16,0,0,2,eur,100.0
B,52:11,2,2,2,eur,50.0
B,35:254,0,0,1,eur,100.0
B,44:60,0,0,1,amr,100.0
B,49:18,2,1,1,amr,100.0
B,18:40,0,0,1,eur,100.0
B,51:148,0,0,1,afr,100.0
B,27:59N,0,0,1,amr,100.0
B,18:44,2,1,1,eur,100.0
B,07:16,0,0,1,eur,100.0
B,40:28,0,0,1,amr,100.0
B,39:29,0,0,1,eur,100.0
B,51:79,0,0,1,eur,100.0
B,18:142,0,0,1,sas,100.0
B,35:214,0,0,1,eur,100.0
B,07:359,0,0,1,afr,100.0
B,15:123,0,1,1,mid,100.0
B,37:05,0,0,1,eas,100.0
B,15:556,0,0,1,eur,100.0
B,13:08,0,0,1,eur,100.0
B,35:121,0,0,1,amr,100.0
B,39:58,2,1,1,amr,100.0
B,44:68,0,0,1,eur,100.0
B,15:113,0,0,1,sas,100.0
B,08:124,0,0,1,eur,100.0
B,50:04,2,1,1,sas,100.0
B,55:18,0,0,1,eas,100.0
B,39:40,2,1,1,eur,100.0
B,39:34,0,0,1,amr,100.0
B,07:479N,0,0,1,eur,100.0
B,44:206,0,0,1,eur,100.0
B,40:07,0,0,1,eur,100.0
B,15:654,0,0,1,afr,100.0
B,08:02,0,0,1,eur,100.0
B,53:46,0,0,1,amr,100.0
B,15:446,0,0,1,eur,100.0
B,35:170,0,0,1,eur,100.0
B,56:74,0,0,1,eur,100.0
B,51:73,0,0,1,eur,100.0
B,51:404,0,0,1,eur,100.0
B,27:35,0,0,1,eur,100.0
B,27:127,0,0,1,eur,100.0
B,07:43,0,0,1,afr,100.0
B,52:37,0,0,1,amr,100.0
B,35:426,0,0,1,eur,100.0
B,15:108,0,0,1,amr,100.0
B,51:356,0,0,1,eur,100.0
B,52:03,0,0,1,amr,100.0
B,07:372,0,0,1,eur,100.0
B,27:47,0,0,1,eur,100.0
B,40:129,0,0,1,amr,100.0
B,35:624,0,0,1,eur,100.0
B,44:166,0,0,1,afr,100.0
B,51:49,0,0,1,eur,100.0
B,35:321,0,0,1,amr,100.0
B,44:416,0,0,1,eur,100.0
B,35:178,0,0,1,amr,100.0
B,53:13,0,0,1,eur,100.0
B,51:127,0,0,1,amr,100.0
B,44:216,0,0,1,eur,100.0
B,07:27,0,0,1,eur,100.0
B,35:72,0,0,1,amr,100.0
B,40:226,0,0,1,amr,100.0
B,53:35,0,0,1,afr,100.0
B,15:106,0,0,1,eas,100.0
B,35:122,0,0,1,eur,100.0
B,39:174,0,0,1,amr,100.0
B,35:140,0,0,1,afr,100.0
B,39:117,0,0,1,eur,100.0
B,44:16,0,0,1,eur,100.0
B,35:141,0,0,1,amr,100.0
B,27:19,2,1,1,eur,100.0
B,15:225,0,0,1,eur,100.0
B,15:189,2,1,1,eur,100.0
B,40:533,0,0,1,eas,100.0
B,13:160,0,0,1,eur,100.0
B,53:02,0,0,1,afr,100.0
B,35:135,0,0,1,amr,100.0
B,15:68,0,0,1,eas,100.0
B,27:53,0,0,1,eur,100.0
B,15:652,0,0,1,eur,100.0
B,49:02,0,0,1,eur,100.0
B,46:08,0,0,1,eas,100.0
B,18:15,0,0,1,eur,100.0
B,44:85,2,1,1,amr,100.0
B,08:78,0,0,1,eur,100.0
B,08:255,0,0,1,eur,100.0
B,41:06,0,0,1,amr,100.0
B,15:44,0,0,1,eas,100.0
B,58:33,0,0,1,eur,100.0
B,15:315,0,0,1,eur,100.0
B,35:480,0,0,1,amr,100.0
B,08:22,0,0,1,eur,100.0
B,35:123,0,0,1,amr,100.0
B,35:188,0,0,1,eas,100.0
B,44:210,2,1,1,eur,100.0
B,08:26,3,1,1,afr,100.0
B,18:98,2,1,1,afr,100.0
B,15:384,2,1,1,amr,100.0
B,52:51,0,0,1,eas,100.0
B,49:10,0,0,1,eur,100.0
B,08:36,0,0,1,amr,100.0
B,51:40,2,1,1,eur,100.0
B,53:20,0,0,1,afr,100.0
B,13:13,2,1,1,eas,100.0
B,40:47,0,0,1,eur,100.0
B,40:298,2,1,1,amr,100.0
B,13:190,0,0,1,amr,100.0
B,53:14,0,0,1,afr,100.0
B,44:120,0,0,1,eur,100.0
B,40:30,0,0,1,amr,100.0
B,44:414,0,0,1,eur,100.0
B,35:124,0,0,1,eas,100.0
B,35:33,0,0,1,eur,100.0
B,27:17,0,0,1,eur,100.0
B,51:20,0,0,1,eur,100.0
B,35:136,0,0,1,eur,100.0
B,39:164,0,0,1,amr,100.0
B,35:502,0,0,1,amr,100.0
B,07:516,1,1,1,amr,100.0
B,18:09,0,0,1,eur,100.0
B,40:42,0,0,1,eur,100.0
B,35:289,0,0,1,afr,100.0
B,15:83,1,1,1,amr,100.0
B,35:343,0,0,1,amr,100.0
B,57:161,0,0,1,eur,100.0
B,44:32,0,0,1,amr,100.0
B,52:23,0,0,1,eur,100.0
B,56:05,1,1,1,eas,100.0
B,40:175,0,0,1,amr,100.0
B,56:25,0,0,1,afr,100.0
B,53:18,0,0,1,afr,100.0
B,40:511N,0,0,1,amr,100.0
B,38:20,2,1,1,eur,100.0
B,15:61,0,0,1,afr,100.0
B,53:43,2,1,1,afr,100.0
B,51:220,0,0,1,amr,100.0
B,13:10,0,0,1,eur,100.0
B,50:07,0,0,1,sas,100.0
B,18:168,0,0,1,eur,100.0
B,18:150,0,0,1,eur,100.0
B,44:453,0,0,1,eur,100.0
B,35:150,2,1,1,eur,100.0
B,55:23,0,0,1,eas,100.0
B,15:545,0,0,1,eur,100.0
B,52:06,3,1,1,eur,100.0
B,37:10,0,0,1,amr,100.0
B,07:160,0,0,1,eur,100.0
B,56:31,0,0,1,eur,100.0
B,08:50,0,0,1,amr,100.0
B,15:70,0,0,1,eur,100.0
B,53:42,0,0,1,amr,100.0
B,37:27,0,0,1,eur,100.0
B,53:04,0,0,1,eur,100.0
B,18:19,0,0,1,eur,100.0
B,14:14,0,0,1,amr,100.0
B,38:10,0,0,1,eur,100.0
B,14:56,0,0,1,eur,100.0
B,44:37,3,1,1,eur,100.0
B,35:50,0,0,1,amr,100.0
B,35:205,3,1,1,sas,100.0
B,39:75,0,0,1,amr,100.0
B,35:583,0,0,1,eur,100.0
B,35:256,0,0,1,eur,100.0
B,07:151,2,1,1,eur,100.0
B,35:627,0,0,1,sas,100.0
B,58:22,0,0,1,amr,100.0
B,56:94,0,0,1,eas,100.0
B,35:103,0,0,1,amr,100.0
B,55:03,0,0,1,sas,100.0
B,40:80,0,0,1,eur,100.0
B,15:236,0,0,1,amr,100.0
B,48:13,0,0,1,amr,100.0
B,35:231,0,0,1,amr,100.0
B,15:89,2,1,1,sas,100.0
B,15:180,0,0,1,amr,100.0
B,35:538,0,0,1,eur,100.0
B,35:346,0,0,1,amr,100.0
B,41:10,0,0,1,eur,100.0
B,35:233,0,0,1,amr,100.0
B,40:232,0,0,1,amr,100.0
B,56:84,0,0,1,eur,100.0
B,39:32,0,0,1,eur,100.0
B,52:40,0,0,1,amr,100.0
B,42:09,0,0,1,afr,100.0
B,35:144,0,0,1,eur,100.0
B,56:11,0,0,1,eur,100.0
B,07:18,2,1,1,amr,100.0
B,55:07,0,0,1,eas,100.0
B,56:17,0,0,1,eur,100.0
B,44:49,0,0,1,eur,100.0
B,15:389,0,0,1,afr,100.0
B,15:150,0,0,1,amr,100.0
B,15:581,0,0,1,amr,100.0
B,15:155,0,0,1,amr,100.0
C,04:01,180,26,135293,eur,46.3
C,07:01,139,22,133321,eur,66.1
C,07:02,176,18,121897,eur,63.4
C,06:02,131,16,87168,eur,61.9
C,03:04,125,34,69955,eur,59.2
C,05:01,89,21,64387,eur,75.8
C,16:01,55,7,49262,eur,40.0
C,12:03,100,8,44121,eur,71.4
C,03:03,78,13,41950,eur,73.1
C,08:02,45,14,40302,eur,56.8
C,02:02,80,12,37544,eur,70.0
C,01:02,106,12,37269,eur,55.1
C,17:01,21,4,24656,afr,56.2
C,15:02,80,5,21413,eur,56.5
C,02:10,11,2,16369,afr,81.5
C,14:02,51,4,14667,eur,48.1
C,07:04,32,2,13581,eur,72.5
C,12:02,63,3,10586,eur,56.0
C,08:01,44,5,9413,amr,61.1
C,03:02,40,7,8641,afr,44.6
C,15:05,21,5,7805,afr,41.0
C,18:01,3,1,7604,afr,86.0
C,16:02,24,1,4209,eur,52.9
C,03:05,2,1,2851,amr,97.2
C,08:04,4,2,2543,afr,87.4
C,03:06,2,2,1574,amr,99.7
C,14:03,5,1,1307,afr,42.4
C,16:04,4,1,1298,eur,74.0
C,04:03,12,1,1238,eas,70.4
C,08:03,7,3,1228,amr,62.2
C,15:09,2,1,957,amr,94.6
C,15:04,6,1,380,eur,64.2
C,04:04,2,2,350,amr,57.1
C,04:07,2,1,330,afr,77.3
C,03:07,3,2,216,amr,54.2
C,15:06,4,1,204,eur,77.0
C,08:94,0,0,174,eur,40.2
C,12:04,4,1,174,eas,63.8
C,05:09,3,2,167,amr,86.2
C,07:05,0,0,160,afr,90.6
C,04:13,1,1,155,afr,87.1
C,05:29,2,2,151,eur,65.6
C,02:14,2,1,138,afr,94.2
C,03:136,0,0,131,eur,67.9
C,07:19,0,1,123,eur,59.3
C,12:05,3,1,98,eur,70.4
C,07:27,2,2,96,eur,58.3
C,07:17,4,2,90,amr,98.9
C,04:06,3,1,88,eas,89.8
C,01:03,3,1,88,eas,92.0
C,06:08,0,0,77,afr,77.9
C,03:32,1,1,77,eur,76.6
C,03:344,1,1,77,eur,68.8
C,15:11,0,0,68,eur,92.6
C,07:26,3,1,66,sas,87.9
C,12:12,0,0,57,amr,93.0
C,03:38,2,2,57,afr,40.4
C,07:06,7,1,56,afr,66.1
C,04:360,0,1,54,eur,50.0
C,03:19,0,0,54,eur,83.3
C,03:14,0,1,53,eur,98.1
C,03:132,2,1,53,eur,35.8
C,05:05,2,1,49,eur,83.7
C,05:43,0,0,47,eur,80.9
C,06:09,2,1,46,afr,76.1
C,12:13,1,1,41,eur,92.7
C,06:06,1,1,40,eur,72.5
C,08:13,0,0,40,afr,72.5
C,03:10,2,2,39,eur,79.5
C,07:35,0,1,38,afr,78.9
C,14:04,0,0,37,eur,94.6
C,03:08,0,0,36,amr,94.4
C,02:06,2,1,33,eur,90.9
C,08:37,0,0,30,eur,70.0
C,02:08,1,1,29,eur,72.4
C,03:09,2,1,26,eur,92.3
C,07:07,0,0,25,eur,68.0
C,03:113,2,2,23,eur,87.0
C,03:16,0,0,23,eur,78.3
C,01:131,0,0,22,eur,72.7
C,08:10,0,0,22,amr,100.0
C,07:41,0,0,21,eur,85.7
C,07:29,2,1,21,sas,71.4
C,03:41,2,1,20,eur,65.0
C,03:163,0,0,20,afr,35.0
C,07:10,0,0,19,eur,89.5
C,07:578,0,0,18,eur,72.2
C,03:297,0,0,17,eur,64.7
C,07:21,0,0,17,eur,76.5
C,03:17,2,1,17,eas,100.0
C,05:08,0,0,17,eur,88.2
C,01:08,0,0,17,eas,100.0
C,06:07,0,0,15,eur,93.3
C,03:64,2,2,15,eur,60.0
C,05:78,2,2,15,eur,66.7
C,04:10,0,1,15,sas,80.0
C,07:46,0,0,13,eur,100.0
C,03:167,0,0,13,amr,92.3
C,17:04,0,0,13,afr,100.0
C,15:07,1,1,13,sas,69.2
C,03:18,3,1,12,eur,91.7
C,03:60,0,0,12,eas,33.3
C,04:15,3,2,12,eur,75.0
C,08:12,1,1,11,eur,63.6
C,12:16,2,1,11,eur,100.0
C,05:281,0,0,11,eur,81.8
C,07:22,0,1,10,eur,90.0
C,08:06,0,0,10,amr,80.0
C,07:68,0,0,10,eur,100.0
C,14:06,0,0,10,amr,100.0
C,06:04,2,1,10,eur,100.0
C,05:16,0,0,10,eur,100.0
C,05:11,0,0,9,afr,88.9
C,03:40,4,2,9,eur,88.9
C,03:87,2,2,9,eur,88.9
C,07:28,0,0,9,afr,100.0
C,03:385,0,0,9,eur,66.7
C,04:05,0,0,9,eur,100.0
C,06:30,1,1,9,eur,88.9
C,06:11,0,0,9,eur,88.9
C,08:30,0,0,9,eur,77.8
C,08:05,0,0,8,eur,87.5
C,03:246,0,0,8,eur,62.5
C,01:07,2,1,8,eur,100.0
C,07:184,0,0,8,afr,100.0
C,05:04,2,2,8,amr,87.5
C,07:93,2,1,8,eur,62.5
C,05:156,0,0,8,eur,100.0
C,07:112,0,0,8,afr,100.0
C,04:33,0,0,8,eur,37.5
C,03:536,2,1,8,afr,50.0
C,18:02,5,2,8,afr,100.0
C,07:18,15,2,8,afr,62.5
C,08:16,2,1,7,amr,85.7
C,03:47,0,0,7,amr,100.0
C,01:06,0,0,7,eas,85.7
C,07:368,2,2,7,eur,85.7
C,05:104,0,0,7,eur,100.0
C,05:10,0,0,7,eur,85.7
C,03:39,0,0,7,eur,85.7
C,16:07,2,2,7,afr,71.4
C,08:15,2,1,7,eur,71.4
C,02:19,0,0,7,eur,100.0
C,01:17,0,0,7,eur,42.9
C,08:28,0,0,7,amr,42.9
C,05:14,0,0,7,eur,100.0
C,07:173,0,0,6,afr,100.0
C,03:151,2,0,6,eur,100.0
C,04:65,1,1,6,eur,100.0
C,07:51,0,0,6,eur,66.7
C,12:07,0,0,6,afr,100.0
C,08:134,0,0,6,eur,66.7
C,08:25,0,0,6,eur,66.7
C,12:28,0,0,6,eur,50.0
C,03:11,2,1,6,eur,66.7
C,03:121N,0,0,6,afr,100.0
C,02:26,3,3,6,eur,66.7
C,03:94,2,1,6,eur,66.7
C,08:53,0,0,6,eur,66.7
C,06:127,2,2,6,afr,66.7
C,08:183,0,0,5,eur,40.0
C,01:27,0,0,5,eur,100.0
C,02:31,2,1,5,eur,100.0
C,04:08,0,0,5,afr,100.0
C,15:22,0,0,5,afr,80.0
C,03:43,2,1,5,eur,80.0
C,05:64,2,1,5,eur,60.0
C,05:111,0,0,5,eur,80.0
C,04:19,0,0,5,amr,100.0
C,05:58,4,3,5,eur,100.0
C,07:60,0,0,5,eur,100.0
C,03:27,0,0,5,amr,100.0
C,07:1136,0,0,5,amr,40.0
C,16:08,0,0,4,afr,100.0
C,15:17,0,0,4,amr,75.0
C,02:04,0,0,4,amr,100.0
C,15:16,2,1,4,eur,100.0
C,03:591,0,0,4,eur,75.0
C,04:180,3,1,4,afr,75.0
C,02:07,0,0,4,eur,50.0
C,08:08,2,1,4,amr,100.0
C,04:24,0,0,4,eur,50.0
C,15:24,0,0,4,eur,100.0
C,08:11,0,0,4,amr,100.0
C,07:31,2,2,4,eur,100.0
C,05:36,0,0,4,eur,75.0
C,12:14,2,1,4,eur,100.0
C,03:165,2,1,4,eur,75.0
C,02:27,2,1,4,eur,50.0
C,03:37,2,2,4,eas,50.0
C,15:08,2,2,4,amr,100.0
C,04:17,0,0,4,amr,100.0
C,18:03,0,0,4,afr,100.0
C,08:19,2,1,4,eur,50.0
C,15:10,4,2,4,sas,50.0
C,03:36,0,0,4,eas,100.0
C,03:431,0,0,4,eas,50.0
C,18:04,0,0,3,afr,100.0
C,06:106,2,2,3,eur,100.0
C,06:252,0,0,3,eur,100.0
C,05:25,0,0,3,eur,66.7
C,07:24,2,0,3,eur,100.0
C,14:05,0,0,3,eur,100.0
C,07:56,2,1,3,eas,100.0
C,04:114,0,0,3,afr,66.7
C,04:27,0,0,3,afr,100.0
C,07:85,0,0,3,eur,100.0
C,15:27,0,0,3,amr,100.0
C,04:54,2,1,3,eur,66.7
C,08:72,2,2,3,eur,66.7
C,03:257,0,0,3,afr,33.3
C,05:46,1,1,3,afr,66.7
C,03:683,0,0,3,eur,66.7
C,07:76,2,2,3,afr,33.3
C,05:269,0,0,3,amr,33.3
C,07:25,0,0,3,eur,100.0
C,04:36,0,0,3,eur,66.7
C,03:70,0,0,3,amr,66.7
C,03:44,0,0,3,eur,100.0
C,05:171,1,1,3,eur,100.0
C,07:40,0,0,3,eur,100.0
C,06:87,0,1,3,eur,66.7
C,03:126,0,0,3,eur,66.7
C,01:32,2,1,3,eur,100.0
C,12:59,0,0,3,afr,100.0
C,12:18,2,1,3,eur,66.7
C,12:98,0,0,3,amr,66.7
C,07:104N,0,0,2,eur,100.0
C,01:146,2,1,2,eur,100.0
C,07:16,0,0,2,eur,100.0
C,03:140,1,1,2,eur,100.0
C,03:343,0,0,2,eur,100.0
C,04:113,0,0,2,amr,50.0
C,12:19,0,0,2,afr,100.0
C,07:255,0,0,2,afr,100.0
C,03:35,2,1,2,amr,50.0
C,07:448,0,0,2,eur,100.0
C,03:15,0,0,2,afr,50.0
C,06:13,0,0,2,eur,100.0
C,04:37,0,0,2,eur,100.0
C,07:731,0,0,2,eur,100.0
C,04:11,0,0,2,eur,100.0
C,02:03,0,0,2,eur,100.0
C,03:85,0,0,2,eas,100.0
C,07:453,0,0,2,eur,100.0
C,05:77,0,0,2,eur,100.0
C,07:38,2,1,2,eur,100.0
C,08:62,2,2,2,amr,50.0
C,08:32,0,0,2,afr,100.0
C,03:293,0,0,2,afr,50.0
C,07:127,2,1,2,eur,100.0
C,14:46,2,2,2,eur,50.0
C,06:58,0,0,2,eur,100.0
C,17:40,0,0,2,eur,100.0
C,07:514,2,1,2,eur,100.0
C,03:309,2,1,2,eur,100.0
C,05:288,0,0,2,eur,100.0
C,15:43,0,0,2,amr,100.0
C,07:12,0,0,2,eur,100.0
C,07:119,0,0,2,eur,100.0
C,05:13,0,0,2,eur,100.0
C,16:139,0,0,2,amr,50.0
C,04:103,2,1,2,eur,100.0
C,01:23,0,0,2,eur,100.0
C,03:13,2,1,2,eur,100.0
C,07:314,3,1,2,eur,50.0
C,03:88,0,0,2,sas,100.0
C,07:44,0,0,2,eur,100.0
C,07:155,0,0,2,amr,50.0
C,06:218,0,0,2,eur,100.0
C,04:64,2,2,2,amr,50.0
C,08:239,0,0,2,amr,50.0
C,07:13,1,1,2,eur,100.0
C,03:117,0,0,2,afr,50.0
C,07:95,0,1,2,eur,100.0
C,07:36,0,0,2,eur,100.0
C,03:82,0,0,2,eur,50.0
C,05:42,0,0,2,eur,50.0
C,03:21,0,0,2,eas,100.0
C,04:94,2,1,2,eur,50.0
C,03:535,1,1,2,eur,50.0
C,08:23,0,0,2,eur,100.0
C,03:48,0,0,1,eur,100.0
C,16:25,0,0,1,afr,100.0
C,08:218,0,0,1,eur,100.0
C,03:115,2,1,1,afr,100.0
C,07:459,0,0,1,afr,100.0
C,07:106,0,0,1,eur,100.0
C,12:122,0,0,1,eur,100.0
C,08:119,0,0,1,amr,100.0
C,03:42,2,1,1,eur,100.0
C,06:38,0,0,1,eur,100.0
C,16:09,0,0,1,amr,100.0
C,06:14,0,0,1,eur,100.0
C,05:121,0,0,1,eur,100.0
C,12:94,0,0,1,eur,100.0
C,07:252,0,0,1,amr,100.0
C,06:76,2,1,1,eur,100.0
C,03:34,0,0,1,eur,100.0
C,01:70,0,0,1,eur,100.0
C,12:85,3,1,1,eur,100.0
C,03:67,0,0,1,afr,100.0
C,07:123,2,1,1,eur,100.0
C,06:74Q,0,0,1,sas,100.0
C,03:645,0,0,1,eas,100.0
C,07:201,0,0,1,eur,100.0
C,04:29,0,0,1,eur,100.0
C,07:15,0,0,1,eur,100.0
C,04:223,2,1,1,amr,100.0
C,03:69,0,0,1,eur,100.0
C,08:111,0,0,1,amr,100.0
C,01:54,0,0,1,afr,100.0
C,07:360,0,0,1,eur,100.0
C,07:456,0,0,1,eur,100.0
C,07:234,0,0,1,eur,100.0
C,03:304,0,0,1,eas,100.0
C,07:1094,0,0,1,amr,100.0
C,07:600,2,1,1,afr,100.0
C,03:192,0,0,1,eur,100.0
C,06:34,2,1,1,mid,100.0
C,03:45,0,0,1,amr,100.0
C,07:43,2,1,1,eas,100.0
C,06:182,0,0,1,eur,100.0
C,03:159,0,0,1,amr,100.0
C,12:45,0,0,1,eur,100.0
C,14:11,0,0,1,eur,100.0
C,12:09,0,0,1,amr,100.0
C,03:454,0,0,1,eur,100.0
C,03:307,0,0,1,eur,100.0
C,01:67,0,0,1,amr,100.0
C,03:282,0,0,1,eur,100.0
C,04:202,2,1,1,afr,100.0
C,08:163,0,0,1,amr,100.0
C,12:06,0,0,1,eur,100.0
C,03:28,0,0,1,eur,100.0
C,01:58,0,0,1,eur,100.0
C,06:210,0,0,1,eur,100.0
C,03:272,0,0,1,eas,100.0
C,03:710,0,0,1,eur,100.0
C,03:56,0,0,1,eas,100.0
C,03:243,0,0,1,eur,100.0
C,02:43,2,1,1,eur,100.0
C,08:302N,0,0,1,amr,100.0
C,03:31,0,0,1,eur,100.0
C,12:54,0,0,1,afr,100.0
C,05:22,2,1,1,eur,100.0
C,07:20,2,1,1,eas,100.0
C,12:68,0,0,1,eur,100.0
C,03:55,0,0,1,eur,100.0
C,01:273,0,0,1,eas,100.0
C,06:32,0,0,1,afr,100.0
C,03:256,0,0,1,amr,100.0
C,07:553,0,0,1,eur,100.0
C,08:276,0,0,1,afr,100.0
C,03:296,2,1,1,amr,100.0
C,07:400,0,0,1,eur,100.0
C,02:17,0,0,1,afr,100.0
C,03:396,2,1,1,eur,100.0
C,07:439,0,0,1,eur,100.0
C,06:23,0,0,1,eur,100.0
C,16:38,0,0,1,eur,100.0
C,03:179,0,0,1,amr,100.0
C,18:12,0,0,1,afr,100.0
C,05:65,0,0,1,eur,100.0
C,04:63,0,0,1,eur,100.0
C,07:298,0,0,1,eur,100.0
C,12:73,0,0,1,amr,100.0
C,16:201,0,0,1,eur,100.0
C,12:267,0,0,1,amr,100.0
C,05:100,0,0,1,eur,100.0
C,07:90,0,0,1,eur,100.0
C,05:59,0,0,1,eur,100.0
C,04:49,0,0,1,afr,100.0
C,06:39,0,0,1,eur,100.0
C,02:137,0,0,1,afr,100.0
C,06:155,1,1,1,eur,100.0
C,05:35,0,0,1,eur,100.0
C,03:108,0,0,1,amr,100.0
C,12:271,0,0,1,eur,100.0
C,03:434,0,0,1,eur,100.0
C,01:10,0,0,1,amr,100.0
C,03:53,0,0,1,eur,100.0
C,17:27N,0,0,1,afr,100.0
C,04:201,2,1,1,amr,100.0
C,06:224,0,0,1,amr,100.0
C,04:12,0,0,1,eur,100.0
C,03:75,0,0,1,amr,100.0
C,08:55N,0,0,1,amr,100.0
C,15:74,0,0,1,amr,100.0
C,04:368,0,0,1,afr,100.0
C,07:79,0,0,1,eur,100.0
C,03:186,2,1,1,eur,100.0
C,07:247,0,0,1,eur,100.0
C,07:73,2,1,1,eur,100.0
C,03:390,0,0,1,eur,100.0
C,07:198N,0,0,1,amr,100.0
C,03:660,0,0,1,amr,100.0
C,07:744,0,0,1,afr,100.0
C,07:409,0,0,1,eur,100.0
C,12:21,0,0,1,eur,100.0
C,06:354,0,0,1,amr,100.0
C,12:149,0,0,1,eur,100.0
C,03:283,0,0,1,eur,100.0
C,03:404,1,1,1,amr,100.0
C,07:351,0,0,1,eur,100.0
C,02:97,0,0,1,amr,100.0
C,03:464,0,0,1,amr,100.0
C,05:247,0,0,1,eur,100.0
C,03:92,0,0,1,eur,100.0
C,08:115,0,0,1,eur,100.0
C,07:210,0,0,1,afr,100.0
C,03:317,0,0,1,amr,100.0
C,03:607,0,0,1,afr,100.0
C,03:77,0,0,1,amr,100.0
C,02:115,0,0,1,eur,100.0
C,08:214,2,1,1,eur,100.0
C,15:36,0,0,1,mid,100.0
C,03:24,0,0,1,eas,100.0
C,08:68,0,0,1,afr,100.0
C,03:652,0,0,1,eur,100.0
C,07:478,0,0,1,amr,100.0
C,04:153,0,0,1,eur,100.0
C,12:132,0,0,1,sas,100.0
C,03:90,0,0,1,eur,100.0
C,03:352,0,0,1,eur,100.0
C,05:67,0,0,1,eur,100.0
C,05:211,0,0,1,amr,100.0
C,03:469,0,0,1,amr,100.0
C,07:406,0,0,1,eur,100.0
C,06:28,0,0,1,eur,100.0
C,03:319,0,0,1,amr,100.0
C,03:627,0,0,1,eur,100.0
C,16:59,0,0,1,amr,100.0
C,07:74,2,1,1,eur,100.0
C,06:47,0,0,1,afr,100.0
C,06:70,2,1,1,eur,100.0
C,03:78,0,0,1,amr,100.0
C,02:20,0,0,1,amr,100.0
C,03:415,0,0,1,eur,100.0
C,07:61N,0,0,1,amr,100.0
C,15:194,0,0,1,eas,100.0
C,07:71,0,0,1,afr,100.0
C,05:152,0,0,1,amr,100.0
C,05:160,0,0,1,eur,100.0
C,08:172,0,0,1,eur,100.0
C,05:183,0,0,1,eur,100.0
C,03:435,0,0,1,eur,100.0
C,07:491,2,1,1,eur,100.0
C,06:03,2,1,1,eur,100.0
C,03:220,0,0,1,eur,100.0
C,07:131,2,1,1,eur,100.0
C,12:24,2,1,1,eur,100.0
C,03:253,0,0,1,amr,100.0
C,04:56,0,0,1,eur,100.0
C,04:120,0,0,1,eur,100.0
C,03:143,0,0,1,amr,100.0
C,05:28,0,0,1,amr,100.0
C,03:308,0,0,1,eur,100.0
C,04:178,0,0,1,eur,100.0
C,08:137,0,0,1,eas,100.0
C,04:366,0,0,1,eur,100.0
C,03:116,2,1,1,eur,100.0
C,04:121,0,0,1,afr,100.0
C,02:45,0,0,1,eur,100.0
C,08:43,0,0,1,afr,100.0
C,07:49,0,0,1,eur,100.0
C,07:464,0,0,1,amr,100.0
C,07:332,0,0,1,afr,100.0
C,08:34,0,0,1,eur,100.0
C,07:301,0,0,1,eur,100.0
C,07:218,0,0,1,amr,100.0
C,07:172,2,1,1,amr,100.0
C,16:21,0,0,1,eur,100.0
C,05:06,0,0,1,amr,100.0
C,16:60,0,0,1,eur,100.0
C,12:49,0,0,1,eas,100.0
C,06:203,0,0,1,eur,100.0
C,16:152,0,0,1,eur,100.0
C,08:270,0,0,1,amr,100.0
C,08:07,0,0,1,eur,100.0
C,02:65,0,0,1,eur,100.0
C,04:98,2,1,1,eur,100.0
DPA1,01:03,68,14,471525,eur,62.0
DPA1,02:01,42,14,175190,eur,46.3
DPA1,02:02,20,3,63187,afr,43.4
DPA1,03:01,4,2,27422,afr,81.9
DPA1,02:07,6,2,10698,eur,42.4
DPA1,01:04,4,2,5129,eur,75.6
DPA1,04:01,2,1,3026,afr,58.2
DPA1,01:05,0,1,1124,eur,52.6
DPA1,03:02,2,1,173,afr,87.9
DPA1,02:17,0,0,126,amr,63.5
DPA1,02:21,4,3,107,afr,87.9
DPA1,01:11,3,3,90,afr,63.3
DPA1,02:03,7,2,87,afr,75.9
DPA1,02:27,3,3,75,afr,97.3
DPA1,01:12,3,2,56,afr,87.5
DPA1,01:15,0,0,53,afr,81.1
DPA1,01:06,5,3,45,afr,53.3
DPA1,02:09,2,1,44,afr,63.6
DPA1,01:27,0,0,39,eur,51.3
DPA1,02:43,2,0,36,eur,88.9
DPA1,03:06,3,2,24,afr,79.2
DPA1,01:42,1,1,21,eur,38.1
DPA1,01:32N,0,0,21,amr,66.7
DPA1,01:13,0,0,20,eur,90.0
DPA1,02:23,2,1,17,eur,82.4
DPA1,02:54,0,1,15,eur,53.3
DPA1,01:20,0,0,14,eur,85.7
DPA1,01:69,0,0,13,eur,92.3
DPA1,01:22,0,0,13,sas,76.9
DPA1,02:45,3,2,12,eur,50.0
DPA1,02:28,2,2,12,eur,91.7
DPA1,01:100,0,0,11,eur,81.8
DPA1,02:46,0,0,11,afr,72.7
DPA1,01:08,0,0,10,eur,100.0
DPA1,02:22,2,2,10,amr,50.0
DPA1,03:07,2,2,9,afr,88.9
DPA1,01:39,0,0,9,amr,66.7
DPA1,01:24,0,0,8,eur,62.5
DPA1,01:46,0,0,7,eur,100.0
DPA1,01:62,0,0,7,afr,85.7
DPA1,01:41,2,1,6,eur,66.7
DPA1,02:20,0,0,6,eas,50.0
DPA1,03:04,0,0,5,afr,80.0
DPA1,01:16,0,0,5,eur,80.0
DPA1,01:64,0,0,4,amr,100.0
DPA1,02:142,0,0,3,afr,100.0
DPA1,02:111,0,0,3,amr,66.7
DPA1,01:10,0,0,3,eas,100.0
DPA1,02:59,2,1,3,eur,66.7
DPA1,01:57,0,0,3,afr,100.0
DPA1,02:19,2,0,3,sas,66.7
DPA1,01:116,0,0,3,eur,100.0
DPA1,01:112,0,0,2,eur,100.0
DPA1,03:16,0,0,2,afr,100.0
DPA1,01:124,0,0,2,eur,100.0
DPA1,01:214,0,0,2,eur,100.0
DPA1,01:31,0,0,2,amr,100.0
DPA1,02:57,0,0,2,amr,100.0
DPA1,01:131,0,0,2,amr,100.0
DPA1,01:72,0,0,2,eur,100.0
DPA1,01:35N,0,0,2,eur,100.0
DPA1,01:230,0,0,1,eur,100.0
DPA1,01:158,0,0,1,amr,100.0
DPA1,01:117,0,0,1,amr,100.0
DPA1,02:99,0,0,1,afr,100.0
DPA1,02:105,0,0,1,eas,100.0
DPA1,01:118,0,0,1,eur,100.0
DPA1,02:11,0,0,1,eur,100.0
DPA1,02:61,0,0,1,afr,100.0
DPA1,01:23,0,0,1,eur,100.0
DPA1,02:98,0,0,1,afr,100.0
DPA1,02:55,0,0,1,afr,100.0
DPA1,01:76,0,0,1,eur,100.0
DPA1,01:47,0,0,1,eur,100.0
DPA1,01:126,0,0,1,eur,100.0
DPA1,01:207,0,0,1,eur,100.0
DPA1,01:70,0,0,1,eur,100.0
DPA1,01:09,0,0,1,eur,100.0
DPA1,01:84,0,0,1,eas,100.0
DPA1,02:91,0,0,1,amr,100.0
DPA1,01:75,0,0,1,amr,100.0
DPA1,01:50,0,0,1,afr,100.0
DPA1,01:78,0,0,1,eur,100.0
DPA1,02:94N,0,0,1,afr,100.0
DPA1,02:87,0,0,1,eur,100.0
DPA1,01:173,0,0,1,eur,100.0
DPA1,01:227,0,0,1,sas,100.0
DPA1,02:50,3,1,1,afr,100.0
DPA1,04:06,0,0,1,afr,100.0
DPB1,04:01,118,18,277364,eur,73.2
DPB1,04:02,42,4,145023,eur,45.3
DPB1,02:01,74,9,132036,eur,57.8
DPB1,01:01,21,3,95737,afr,53.8
DPB1,03:01,40,3,87814,eur,67.6
DPB1,17:01,7,2,31703,afr,45.1
DPB1,05:01,30,3,27061,eur,44.9
DPB1,13:01,12,2,26803,eur,41.4
DPB1,11:01,9,2,23062,eur,52.0
DPB1,14:01,17,1,16633,eur,50.5
DPB1,10:01,7,1,14704,eur,68.2
DPB1,18:01,6,2,13894,afr,89.0
DPB1,06:01,9,1,13700,eur,80.2
DPB1,02:02,9,1,7462,eur,47.6
DPB1,09:01,7,3,6554,eur,58.1
DPB1,15:01,9,3,6535,eur,73.3
DPB1,19:01,4,1,5263,eur,69.1
DPB1,23:01,4,1,4440,eur,79.9
DPB1,16:01,4,2,4331,eur,79.5
DPB1,85:01,2,1,3676,afr,89.8
DPB1,20:01,5,1,3626,eur,84.4
DPB1,40:01,5,1,3236,afr,90.8
DPB1,39:01,3,1,1321,afr,87.9
DPB1,30:01,1,1,1139,afr,77.7
DPB1,26:01,3,1,864,sas,68.9
DPB1,29:01,2,1,729,afr,69.7
DPB1,34:01,2,1,676,afr,46.4
DPB1,21:01,2,1,639,eas,89.8
DPB1,28:01,1,1,324,afr,46.0
DPB1,35:01,1,1,320,eur,63.4
DPB1,63:01,0,0,230,amr,40.0
DPB1,45:01,0,1,205,eur,67.8
DPB1,27:01,0,1,173,amr,93.6
DPB1,49:01,1,1,173,amr,56.1
DPB1,46:01,2,1,139,afr,54.0
DPB1,80:01,0,1,138,afr,69.6
DPB1,51:01,1,1,134,eur,93.3
DPB1,55:01,3,1,119,afr,73.1
DPB1,31:01,1,1,105,eas,92.4
DPB1,71:01,2,1,85,eur,55.3
DPB1,41:01,2,1,81,eas,51.9
DPB1,81:01,2,1,79,eur,82.3
DPB1,61:01N,0,0,67,afr,86.6
DPB1,50:01,0,0,65,eur,93.8
DPB1,48:01,0,1,43,eas,79.1
DPB1,53:01,0,0,43,afr,76.7
DPB1,24:01,0,0,42,eur,85.7
DPB1,38:01,0,1,41,eas,97.6
DPB1,59:01,0,1,38,eur,68.4
DPB1,36:01,0,1,34,eur,58.8
DPB1,25:01,0,1,29,eur,65.5
DPB1,93:01,0,0,26,eas,50.0
DPB1,52:01,0,0,26,eur,69.2
DPB1,33:01,1,1,26,eur,76.9
DPB1,47:01,1,1,25,eur,40.0
DPB1,130:01,0,1,24,eur,95.8
DPB1,78:01,0,0,24,eur,75.0
DPB1,88:01,0,1,23,eur,87.0
DPB1,69:01,1,1,21,afr,81.0
DPB1,210:01,0,0,19,amr,100.0
DPB1,143:01,0,0,16,afr,100.0
DPB1,57:01,0,1,14,eur,71.4
DPB1,100:01,0,1,14,eas,42.9
DPB1,488:01,0,0,13,amr,92.3
DPB1,72:01,1,1,13,eur,61.5
DPB1,249:01,0,0,12,afr,100.0
DPB1,132:01,0,1,12,amr,75.0
DPB1,128:01,0,0,11,eur,90.9
DPB1,214:01,1,1,11,eur,72.7
DPB1,79:01,0,0,11,eur,100.0
DPB1,238:01,0,0,11,eur,100.0
DPB1,149:01,0,0,10,eur,50.0
DPB1,90:01,2,1,9,eur,77.8
DPB1,65:01,2,1,9,eur,66.7
DPB1,153:01,0,0,9,amr,100.0
DPB1,357:01N,0,0,9,eas,100.0
DPB1,260:01,0,0,8,eur,100.0
DPB1,95:01,0,0,8,afr,100.0
DPB1,99:01,0,0,8,eur,62.5
DPB1,64:01N,0,0,8,eur,50.0
DPB1,398:01,0,1,8,eur,75.0
DPB1,355:01,0,0,7,amr,100.0
DPB1,215:01,1,1,7,eur,100.0
DPB1,108:01,0,1,7,amr,71.4
DPB1,91:01,2,1,7,eur,42.9
DPB1,96:01,0,0,7,afr,100.0
DPB1,92:01,1,1,7,eur,85.7
DPB1,441:01,0,0,7,afr,100.0
DPB1,37:01,0,0,7,eur,85.7
DPB1,109:01,0,0,6,eur,83.3
DPB1,211:01,0,0,6,afr,50.0
DPB1,246:01,0,0,6,afr,50.0
DPB1,122:01,0,0,6,afr,100.0
DPB1,110:01,0,0,6,eur,100.0
DPB1,177:01,0,0,6,eur,50.0
DPB1,115:01,0,0,6,eur,100.0
DPB1,964:01,0,0,6,afr,83.3
DPB1,225:01,0,0,5,eur,100.0
DPB1,333:01,0,0,5,amr,60.0
DPB1,156:01,0,0,5,amr,100.0
DPB1,86:01,0,0,5,afr,60.0
DPB1,240:01,0,0,5,amr,100.0
DPB1,54:01,0,1,5,eur,100.0
DPB1,89:01,0,0,5,afr,80.0
DPB1,159:01N,0,0,5,amr,60.0
DPB1,674:01,0,0,5,eur,100.0
DPB1,299:01,0,0,5,afr,80.0
DPB1,112:01,1,1,5,eur,80.0
DPB1,62:01,0,0,5,afr,100.0
DPB1,269:01,0,0,5,afr,100.0
DPB1,377:01,0,0,5,afr,60.0
DPB1,241:01,0,0,4,afr,100.0
DPB1,155:01,2,1,4,afr,100.0
DPB1,258:01,0,0,4,eur,100.0
DPB1,698:01,0,0,4,afr,100.0
DPB1,220:01,0,0,4,eur,75.0
DPB1,327:01,0,0,4,afr,100.0
DPB1,146:01,0,0,4,eur,75.0
DPB1,367:01,0,0,4,afr,100.0
DPB1,182:01,0,0,4,eur,50.0
DPB1,321:01,0,0,4,afr,100.0
DPB1,396:01,0,0,4,eur,100.0
DPB1,256:01,0,0,4,afr,75.0
DPB1,120:01N,0,0,4,eur,100.0
DPB1,137:01,0,1,4,eur,50.0
DPB1,116:01,0,0,4,eur,75.0
DPB1,191:01,0,0,3,eur,100.0
DPB1,221:01,0,0,3,eur,100.0
DPB1,200:01,0,0,3,eur,66.7
DPB1,206:01,0,0,3,eur,66.7
DPB1,66:01,1,1,3,eur,100.0
DPB1,512:01,0,0,3,afr,100.0
DPB1,489:01,0,0,3,amr,66.7
DPB1,87:01,0,0,3,eur,100.0
DPB1,349:01,0,0,3,eur,66.7
DPB1,125:01,0,0,3,sas,66.7
DPB1,127:01,0,0,3,eur,100.0
DPB1,154:01N,0,0,3,eur,100.0
DPB1,60:01,0,0,3,afr,100.0
DPB1,683:01,0,0,3,eur,100.0
DPB1,144:01,0,0,3,eur,100.0
DPB1,329:01,0,0,3,amr,66.7
DPB1,677:01,0,0,3,eur,100.0
DPB1,397:01,0,0,3,eur,100.0
DPB1,271:01,0,1,3,amr,100.0
DPB1,185:01,0,0,3,eur,100.0
DPB1,413:01,0,1,3,eur,100.0
DPB1,233:01,0,1,3,amr,66.7
DPB1,769:01,0,0,3,eur,100.0
DPB1,77:01,0,0,3,afr,66.7
DPB1,662:01,0,0,2,eur,100.0
DPB1,347:01,0,0,2,afr,100.0
DPB1,184:01,0,1,2,eur,100.0
DPB1,265:01,0,0,2,eas,50.0
DPB1,343:01,0,0,2,eur,100.0
DPB1,1385:01,0,0,2,eur,100.0
DPB1,158:01,0,1,2,eur,100.0
DPB1,178:01,0,0,2,eur,100.0
DPB1,165:01,0,0,2,eur,100.0
DPB1,203:01,2,1,2,amr,100.0
DPB1,236:01,2,1,2,eur,100.0
DPB1,1771:01,0,0,2,eur,100.0
DPB1,531:01,0,0,2,afr,50.0
DPB1,67:01,0,0,2,eur,100.0
DPB1,318:01,0,0,2,eur,50.0
DPB1,1447:01,0,0,2,eur,100.0
DPB1,370:01,0,0,2,afr,50.0
DPB1,170:01,0,0,2,eur,100.0
DPB1,514:01,0,0,2,eur,100.0
DPB1,75:01,0,0,2,amr,50.0
DPB1,83:01,0,0,2,eur,50.0
DPB1,150:01,0,0,2,eur,50.0
DPB1,300:01,0,0,2,eas,100.0
DPB1,152:01,0,1,2,eur,100.0
DPB1,325:01,0,0,2,afr,100.0
DPB1,282:01,0,0,2,eur,100.0
DPB1,305:01,0,0,2,eur,100.0
DPB1,900:01,0,0,2,eas,50.0
DPB1,363:01,0,0,2,eur,100.0
DPB1,147:01,0,0,2,amr,100.0
DPB1,523:01,2,1,2,eur,100.0
DPB1,568:01,0,0,2,amr,100.0
DPB1,173:01,1,1,2,sas,50.0
DPB1,814:01,0,0,2,sas,50.0
DPB1,235:01,0,0,2,amr,50.0
DPB1,458:01,2,2,2,eur,100.0
DPB1,82:01,0,0,2,amr,100.0
DPB1,259:01,0,1,2,eur,100.0
DPB1,189:01,1,1,2,eur,100.0
DPB1,681:01,0,0,1,eur,100.0
DPB1,201:01,0,0,1,eur,100.0
DPB1,592:01,0,0,1,eur,100.0
DPB1,1215:01,0,0,1,eur,100.0
DPB1,710:01,0,0,1,sas,100.0
DPB1,313:01,0,0,1,eur,100.0
DPB1,102:01,0,0,1,eur,100.0
DPB1,1064:01,2,1,1,eur,100.0
DPB1,365:01,0,0,1,eur,100.0
DPB1,136:01,0,0,1,eur,100.0
DPB1,335:01,0,0,1,amr,100.0
DPB1,1563:01,0,0,1,amr,100.0
DPB1,309:01,0,0,1,eur,100.0
DPB1,196:01,0,0,1,eur,100.0
DPB1,709:01,0,0,1,eur,100.0
DPB1,205:01,0,0,1,afr,100.0
DPB1,742:01,0,0,1,eur,100.0
DPB1,68:01,0,1,1,afr,100.0
DPB1,163:01,0,0,1,eur,100.0
DPB1,374:01,0,0,1,eur,100.0
DPB1,277:01,0,0,1,eur,100.0
DPB1,278:01,0,0,1,afr,100.0
DPB1,717:01,0,0,1,afr,100.0
DPB1,369:01,0,0,1,amr,100.0
DPB1,284:01,0,0,1,amr,100.0
DPB1,1280:01,0,0,1,afr,100.0
DPB1,1588:01N,0,0,1,eur,100.0
DPB1,1071:01,0,0,1,amr,100.0
DPB1,224:01,0,0,1,sas,100.0
DPB1,322:01,0,0,1,eur,100.0
DPB1,589:01,0,0,1,eas,100.0
DPB1,294:01,0,0,1,afr,100.0
DPB1,493:01,0,0,1,afr,100.0
DPB1,1373:01,0,0,1,afr,100.0
DPB1,207:01,2,1,1,eur,100.0
DPB1,692:01,0,0,1,afr,100.0
DPB1,1097:01,0,0,1,eur,100.0
DPB1,190:01,0,0,1,eur,100.0
DPB1,1279:01N,0,0,1,eur,100.0
DPB1,660:01,0,0,1,sas,100.0
DPB1,393:01,0,0,1,eur,100.0
DPB1,656:01,0,0,1,eur,100.0
DPB1,334:01,2,1,1,eur,100.0
DPB1,478:01,0,0,1,eas,100.0
DPB1,1461:01,0,0,1,amr,100.0
DPB1,443:01,0,0,1,eur,100.0
DPB1,856:01,0,0,1,eur,100.0
DPB1,1167:01,0,0,1,eur,100.0
DPB1,204:01,0,0,1,afr,100.0
DPB1,328:01N,0,0,1,eur,100.0
DPB1,218:01N,0,0,1,eur,100.0
DPB1,1121:01N,0,0,1,afr,100.0
DPB1,1638:01,0,0,1,amr,100.0
DPB1,422:01,0,0,1,eur,100.0
DPB1,445:01,0,0,1,sas,100.0
DPB1,222:01,0,0,1,eur,100.0
DPB1,685:01,0,0,1,eur,100.0
DPB1,426:01,0,0,1,eur,100.0
DPB1,142:01,0,0,1,amr,100.0
DPB1,315:01,0,0,1,afr,100.0
DPB1,1522:01,0,0,1,amr,100.0
DPB1,959:01N,0,0,1,eur,100.0
DPB1,234:01,0,0,1,sas,100.0
DPB1,551:01N,0,0,1,eur,100.0
DPB1,1545:01,0,0,1,eur,100.0
DPB1,578:01,0,0,1,eur,100.0
DPB1,1785:01,0,0,1,eur,100.0
DPB1,603:01,0,0,1,eur,100.0
DPB1,593:01,0,0,1,eur,100.0
DPB1,199:01,0,0,1,eur,100.0
DPB1,623:01,0,0,1,amr,100.0
DPB1,1203:01,0,0,1,eur,100.0
DPB1,781:01,0,0,1,eur,100.0
DPB1,344:01,0,0,1,eur,100.0
DPB1,502:01,0,0,1,eur,100.0
DPB1,610:01,0,0,1,amr,100.0
DPB1,1309:01,0,0,1,eur,100.0
DPB1,187:01,0,0,1,eur,100.0
DPB1,1089:01,2,0,1,eur,100.0
DPB1,587:01,0,0,1,amr,100.0
DPB1,635:01,0,0,1,eur,100.0
DPB1,123:01,0,0,1,eur,100.0
DPB1,430:01,0,0,1,afr,100.0
DPB1,1702:01,0,0,1,amr,100.0
DPB1,1368:01,0,0,1,eur,100.0
DPB1,1514:01,0,0,1,amr,100.0
DPB1,244:01,0,0,1,eur,100.0
DPB1,253:01,0,0,1,amr,100.0
DPB1,103:01,0,0,1,afr,100.0
DPB1,661:01N,0,0,1,afr,100.0
DPB1,1264:01,0,0,1,eur,100.0
DPB1,843:01,0,0,1,eur,100.0
DPB1,228:01,0,0,1,eur,100.0
DPB1,375:01,0,0,1,afr,100.0
DQA1,05:01,21,3,224903,eur,59.5
DQA1,01:02,32,4,191247,eur,56.2
DQA1,03:01,20,5,171836,eur,56.7
DQA1,01:01,16,8,136529,eur,58.3
DQA1,02:01,26,2,119022,eur,62.6
DQA1,01:03,13,3,64778,eur,62.0
DQA1,04:01,14,7,56499,amr,36.5
DQA1,06:01,5,2,6179,eas,52.3
DQA1,01:10,2,1,1037,eur,81.0
DQA1,05:02,0,0,733,afr,92.2
DQA1,01:07,0,1,177,eur,95.5
DQA1,01:06,0,0,66,eur,90.9
DQA1,04:06,0,0,43,afr,81.4
DQA1,05:33,0,0,26,afr,100.0
DQA1,02:23,0,0,24,eur,100.0
DQA1,01:106,0,0,17,afr,94.1
DQA1,04:03N,0,0,15,afr,86.7
DQA1,01:42,0,0,14,eur,78.6
DQA1,02:12,0,0,13,eur,76.9
DQA1,01:20,0,0,11,eur,100.0
DQA1,03:02,7,1,10,eas,100.0
DQA1,01:13,0,0,10,eur,70.0
DQA1,01:14,0,0,9,eur,88.9
DQA1,03:03,12,2,7,eur,42.9
DQA1,05:10,0,0,7,eur,85.7
DQA1,05:23,0,1,7,amr,100.0
DQA1,05:61,0,1,6,eur,100.0
DQA1,01:178,0,0,6,eur,83.3
DQA1,05:03,5,1,6,amr,100.0
DQA1,02:21,0,0,6,eur,100.0
DQA1,01:60,0,0,6,eur,100.0
DQA1,04:05,0,0,5,eur,100.0
DQA1,03:25,0,0,5,eur,80.0
DQA1,02:15,0,0,5,eur,100.0
DQA1,01:125,0,0,4,afr,75.0
DQA1,05:46,0,0,4,eur,100.0
DQA1,01:22,0,0,4,eur,100.0
DQA1,01:36,0,0,4,eur,75.0
DQA1,05:37,0,0,3,afr,100.0
DQA1,02:16,0,0,3,eur,100.0
DQA1,03:19,0,0,3,eur,100.0
DQA1,01:04,13,2,3,eur,66.7
DQA1,03:10,0,1,3,eur,66.7
DQA1,05:110,0,0,3,afr,66.7
DQA1,05:34,0,0,2,amr,100.0
DQA1,01:40Q,0,0,2,afr,100.0
DQA1,05:49,0,0,2,eur,100.0
DQA1,01:05,7,1,2,eur,50.0
DQA1,05:45,0,0,2,eur,100.0
DQA1,01:75,0,0,2,eur,100.0
DQA1,04:09,0,0,2,eur,100.0
DQA1,01:54,0,0,2,amr,50.0
DQA1,06:04,0,0,2,eur,100.0
DQA1,05:87,0,1,2,afr,100.0
DQA1,03:22,0,0,2,eur,100.0
DQA1,05:43,0,0,2,eas,100.0
DQA1,05:50,0,0,2,eur,100.0
DQA1,01:24,0,0,2,afr,100.0
DQA1,02:42,0,0,1,afr,100.0
DQA1,03:49,0,1,1,eur,100.0
DQA1,01:117,0,0,1,amr,100.0
DQA1,01:84,0,0,1,eur,100.0
DQA1,01:74,0,0,1,afr,100.0
DQA1,02:40,0,0,1,amr,100.0
DQA1,02:44,0,0,1,eur,100.0
DQA1,01:49,0,0,1,eur,100.0
DQA1,01:174,0,0,1,afr,100.0
DQA1,01:59,0,0,1,eur,100.0
DQA1,05:80,0,0,1,eur,100.0
DQA1,02:26,0,0,1,eur,100.0
DQA1,03:24,0,0,1,eas,100.0
DQA1,01:32,0,0,1,afr,100.0
DQA1,02:31,0,0,1,eur,100.0
DQA1,02:43,0,0,1,eur,100.0
DQA1,02:34,0,0,1,eur,100.0
DQA1,04:07,0,0,1,afr,100.0
DQA1,05:30,0,0,1,eur,100.0
DQA1,05:32,0,0,1,afr,100.0
DQA1,03:29,0,0,1,afr,100.0
DQA1,05:69,0,0,1,eur,100.0
DQA1,01:105,0,0,1,eur,100.0
DQA1,05:12,0,0,1,afr,100.0
DQB1,02:01,58,5,194086,eur,60.6
DQB1,03:01,80,6,185934,eur,56.6
DQB1,06:02,70,9,123976,eur,58.4
DQB1,05:01,58,5,120701,eur,54.8
DQB1,03:02,51,10,107917,eur,54.7
DQB1,04:02,29,3,52813,amr,41.1
DQB1,06:03,60,7,52481,eur,71.5
DQB1,03:03,37,4,38869,eur,67.3
DQB1,06:04,21,4,30247,eur,67.6
DQB1,05:03,44,2,25226,eur,62.5
DQB1,05:02,32,2,24186,eur,48.4
DQB1,06:09,13,5,16606,afr,44.6
DQB1,06:01,39,3,12503,eur,39.6
DQB1,03:04,4,2,2112,eur,73.4
DQB1,04:01,9,2,1733,eas,91.1
DQB1,03:05,5,4,1290,eur,82.4
DQB1,05:04,2,1,991,eur,80.7
DQB1,06:08,3,2,819,afr,93.2
DQB1,02:180,2,1,563,afr,90.4
DQB1,06:11,4,3,237,afr,81.4
DQB1,06:16,0,0,70,eur,92.9
DQB1,06:49,0,0,63,afr,95.2
DQB1,02:02,42,2,46,eur,89.1
DQB1,06:14,3,2,41,eur,78.0
DQB1,03:16,0,0,39,afr,100.0
DQB1,06:10,0,1,35,eas,91.4
DQB1,02:14,2,2,31,eur,77.4
DQB1,06:33,0,0,31,eur,87.1
DQB1,03:13,0,0,25,eas,100.0
DQB1,03:12,0,0,25,eur,96.0
DQB1,06:50,0,0,24,afr,91.7
DQB1,02:26,0,0,18,eur,83.3
DQB1,06:07,2,1,17,eur,94.1
DQB1,02:05,0,0,17,eur,88.2
DQB1,03:72,0,0,16,amr,100.0
DQB1,03:25,2,1,13,amr,100.0
DQB1,03:08,0,0,12,eur,83.3
DQB1,03:136,0,0,10,eur,80.0
DQB1,06:13,3,1,10,eur,50.0
DQB1,06:20,0,0,9,eur,44.4
DQB1,06:48,2,1,9,sas,55.6
DQB1,02:29,0,0,9,eur,88.9
DQB1,05:23,0,0,9,sas,77.8
DQB1,03:55,0,0,8,eur,100.0
DQB1,03:127,0,0,7,amr,71.4
DQB1,03:40,0,0,7,eur,100.0
DQB1,06:26N,0,0,7,eur,71.4
DQB1,05:26,0,0,7,eas,71.4
DQB1,06:22,3,2,7,afr,85.7
DQB1,05:24,0,0,6,afr,83.3
DQB1,02:07,2,1,6,sas,100.0
DQB1,06:46,0,1,5,afr,80.0
DQB1,05:88,0,0,5,afr,100.0
DQB1,04:22,0,0,5,afr,100.0
DQB1,03:105,0,0,5,amr,100.0
DQB1,03:70,0,0,4,amr,75.0
DQB1,03:17,2,1,4,eas,100.0
DQB1,06:79,2,1,4,afr,50.0
DQB1,06:27,2,1,4,eur,100.0
DQB1,03:37,0,0,4,eur,100.0
DQB1,05:19,0,0,4,afr,100.0
DQB1,03:150,0,0,4,afr,100.0
DQB1,06:28,0,0,4,eur,100.0
DQB1,05:05,2,1,3,mid,66.7
DQB1,06:81,0,0,3,eur,100.0
DQB1,04:12,0,0,3,sas,100.0
DQB1,06:15,2,1,3,eur,100.0
DQB1,05:60,0,0,3,eur,100.0
DQB1,05:93,0,0,3,eur,100.0
DQB1,06:18,2,1,3,afr,100.0
DQB1,03:20,0,0,3,eur,100.0
DQB1,03:26,0,0,3,eas,100.0
DQB1,06:74,0,0,3,eas,66.7
DQB1,03:11,0,0,2,sas,100.0
DQB1,06:385,0,0,2,eur,100.0
DQB1,03:56,0,0,2,eur,100.0
DQB1,06:12,0,0,2,eur,100.0
DQB1,04:18,0,0,2,afr,100.0
DQB1,02:117,0,0,2,eur,100.0
DQB1,05:58,0,0,2,afr,100.0
DQB1,06:192,0,0,2,eur,100.0
DQB1,05:79,0,0,2,eur,100.0
DQB1,03:174,0,0,2,eur,100.0
DQB1,03:14,2,1,2,amr,100.0
DQB1,03:126,0,1,2,eur,100.0
DQB1,03:67,0,0,2,eur,100.0
DQB1,06:17,0,0,2,eur,100.0
DQB1,05:72,0,0,2,eur,100.0
DQB1,06:68,0,0,2,eur,100.0
DQB1,05:80,0,0,2,afr,100.0
DQB1,03:54,0,0,2,afr,50.0
DQB1,03:69,0,0,2,eur,100.0
DQB1,06:320,0,0,2,eur,100.0
DQB1,03:167,0,0,2,eas,100.0
DQB1,03:106,0,0,2,amr,100.0
DQB1,02:28,0,0,2,eur,50.0
DQB1,02:12,0,0,2,eur,100.0
DQB1,05:51,0,0,2,eur,100.0
DQB1,05:06,2,1,2,eas,100.0
DQB1,03:207,0,0,2,amr,50.0
DQB1,03:187,0,0,2,afr,100.0
DQB1,03:64,0,0,1,sas,100.0
DQB1,03:30,0,0,1,eur,100.0
DQB1,05:71,0,0,1,afr,100.0
DQB1,06:69,2,1,1,mid,100.0
DQB1,03:18,0,0,1,eur,100.0
DQB1,04:04,0,0,1,amr,100.0
DQB1,05:293,2,1,1,sas,100.0
DQB1,03:362,0,0,1,eur,100.0
DQB1,03:301,0,0,1,sas,100.0
DQB1,04:36N,0,0,1,afr,100.0
DQB1,03:114,0,0,1,eur,100.0
DQB1,03:23,3,1,1,eur,100.0
DQB1,06:207,0,0,1,afr,100.0
DQB1,03:313,0,0,1,amr,100.0
DQB1,03:267,0,0,1,amr,100.0
DQB1,03:75,0,0,1,afr,100.0
DQB1,03:47,0,0,1,eur,100.0
DQB1,03:138,0,0,1,eur,100.0
DQB1,03:86,0,0,1,afr,100.0
DQB1,06:342,0,0,1,eas,100.0
DQB1,06:146,2,1,1,eur,100.0
DQB1,06:77N,0,0,1,sas,100.0
DQB1,02:243,0,0,1,afr,100.0
DQB1,02:149,0,0,1,eas,100.0
DQB1,06:21,0,0,1,eur,100.0
DQB1,06:436,0,0,1,eur,100.0
DQB1,06:276,0,0,1,eur,100.0
DQB1,06:73,0,0,1,eur,100.0
DQB1,06:76,0,0,1,eur,100.0
DQB1,06:148,0,0,1,eur,100.0
DQB1,02:46,0,0,1,eur,100.0
DQB1,03:160,0,0,1,eur,100.0
DQB1,02:83,0,0,1,eur,100.0
DQB1,05:89,2,1,1,eur,100.0
DQB1,05:158,0,0,1,sas,100.0
DQB1,06:430,0,0,1,eur,100.0
DQB1,04:30,0,0,1,amr,100.0
DQB1,02:45,0,0,1,amr,100.0
DQB1,06:57,2,1,1,sas,100.0
DQB1,05:62,0,0,1,afr,100.0
DQB1,06:71,0,0,1,eur,100.0
DQB1,06:149,0,0,1,afr,100.0
DQB1,03:131,0,0,1,amr,100.0
DQB1,06:24,0,0,1,eur,100.0
DQB1,04:25N,0,0,1,eur,100.0
DQB1,06:107,0,0,1,eas,100.0
DQB1,03:06,0,0,1,eas,100.0
DQB1,06:75N,0,0,1,eur,100.0
DQB1,06:134,0,0,1,amr,100.0
DQB1,02:17,0,0,1,eur,100.0
DQB1,03:132,0,0,1,amr,100.0
DQB1,03:10,3,1,1,eur,100.0
DQB1,05:99,0,0,1,afr,100.0
DQB1,03:60,0,0,1,eur,100.0
DQB1,05:66,2,1,1,eur,100.0
DQB1,05:67,0,0,1,amr,100.0
DQB1,03:229,0,0,1,eur,100.0
DQB1,03:38,2,1,1,sas,100.0
DQB1,05:09,0,0,1,eur,100.0
DQB1,05:63,0,0,1,eur,100.0
DQB1,04:37,0,0,1,eur,100.0
DQB1,02:32,0,0,1,eur,100.0
DQB1,03:36,0,0,1,eur,100.0
DQB1,05:75,0,0,1,eur,100.0
DQB1,06:388,0,0,1,eur,100.0
DQB1,03:45,2,1,1,eur,100.0
DQB1,02:164,0,0,1,amr,100.0
DQB1,02:19,0,0,1,mid,100.0
DQB1,04:21,0,0,1,amr,100.0
DQB1,02:50,0,0,1,afr,100.0
DQB1,03:170,0,0,1,amr,100.0
DRB1,07:01,37,4,117862,eur,63.2
DRB1,03:01,41,5,98768,eur,69.3
DRB1,15:01,56,9,93838,eur,78.9
DRB1,01:01,51,7,62704,eur,76.1
DRB1,11:01,54,10,60429,eur,55.4
DRB1,13:01,46,2,57091,eur,61.5
DRB1,04:01,26,5,56785,eur,85.7
DRB1,13:02,24,4,49407,eur,54.5
DRB1,04:04,21,3,33947,eur,65.4
DRB1,11:04,25,5,27286,eur,73.5
DRB1,15:03,7,2,26379,afr,87.0
DRB1,01:02,14,4,24898,eur,38.3
DRB1,14:01,5,2,24250,eur,63.7
DRB1,04:07,6,3,22688,amr,69.6
DRB1,12:01,14,2,20784,eur,47.4
DRB1,09:01,19,1,18382,afr,32.4
DRB1,08:01,6,3,16771,eur,81.9
DRB1,13:03,13,2,16544,eur,41.5
DRB1,08:02,7,2,15373,amr,94.4
DRB1,03:02,9,2,15285,afr,81.2
DRB1,08:04,9,3,14349,afr,76.3
DRB1,10:01,20,3,13975,eur,37.6
DRB1,04:05,22,8,13504,amr,32.5
DRB1,11:02,8,3,12431,afr,63.7
DRB1,15:02,21,5,12176,eur,40.7
DRB1,04:03,23,4,11709,eur,46.5
DRB1,16:01,19,3,11598,eur,80.4
DRB1,04:02,7,1,11023,eur,72.8
DRB1,16:02,13,1,9930,amr,53.8
DRB1,01:03,5,1,8956,eur,78.8
DRB1,14:02,13,3,7061,amr,96.0
DRB1,14:06,6,1,5716,amr,97.7
DRB1,11:03,4,1,4857,eur,83.3
DRB1,04:11,8,2,4787,amr,97.4
DRB1,12:02,15,2,4645,eas,71.9
DRB1,13:04,0,0,3902,afr,71.8
DRB1,08:03,15,2,3525,eas,47.8
DRB1,04:08,5,1,3261,eur,80.9
DRB1,13:05,3,2,2709,eur,70.1
DRB1,14:04,9,1,1703,sas,44.2
DRB1,08:06,1,1,1643,afr,75.2
DRB1,04:06,8,1,1347,eas,43.1
DRB1,04:10,3,1,951,amr,75.9
DRB1,14:05,5,1,511,eas,89.8
DRB1,08:11,1,1,476,amr,45.6
DRB1,11:10,2,1,329,afr,95.1
DRB1,14:07,3,2,294,eur,49.0
DRB1,15:06,4,2,185,sas,84.9
DRB1,08:07,0,0,175,amr,96.0
DRB1,13:12,6,1,165,eas,98.2
DRB1,14:03,2,1,148,eas,84.5
DRB1,08:10,0,0,140,eur,65.7
DRB1,11:06,3,2,126,eas,61.1
DRB1,13:16,1,1,117,afr,87.2
DRB1,11:11,2,2,113,eur,70.8
DRB1,11:14,2,2,95,eur,62.1
DRB1,13:31,0,0,93,afr,95.7
DRB1,11:15,2,1,91,eur,71.4
DRB1,13:10,0,0,89,eur,80.9
DRB1,04:09,1,1,80,eur,75.0
DRB1,11:17,0,0,76,afr,92.1
DRB1,03:04,2,1,76,eur,92.1
DRB1,14:24,0,1,75,amr,100.0
DRB1,11:12,3,1,67,eur,79.1
DRB1,15:04,0,1,66,sas,50.0
DRB1,03:15,2,1,56,amr,76.8
DRB1,08:09,2,1,54,eas,94.4
DRB1,04:17,2,1,46,amr,95.7
DRB1,11:13,2,1,43,eur,79.1
DRB1,14:17,0,0,43,eur,69.8
DRB1,13:06,0,0,41,eur,97.6
DRB1,14:08,0,1,39,eas,79.5
DRB1,13:11,2,2,38,amr,65.8
DRB1,13:59,0,0,35,amr,97.1
DRB1,11:47,0,0,30,amr,100.0
DRB1,14:15,0,0,29,sas,96.6
DRB1,11:43,1,1,29,eur,93.1
DRB1,11:08,3,2,24,eur,50.0
DRB1,09:06,0,0,24,amr,100.0
DRB1,04:38,1,1,24,eur,79.2
DRB1,03:05,3,3,23,eur,82.6
DRB1,14:48,0,0,22,amr,100.0
DRB1,16:12,0,0,22,amr,100.0
DRB1,15:23,0,0,22,afr,100.0
DRB1,11:28,3,2,21,eur,81.0
DRB1,16:05,2,1,21,eur,95.2
DRB1,13:19,0,1,19,eur,78.9
DRB1,13:14,3,3,19,eur,47.4
DRB1,11:09,2,1,19,eur,94.7
DRB1,13:21,2,2,18,eur,100.0
DRB1,16:07,0,0,18,eur,55.6
DRB1,13:15,0,0,18,eur,77.8
DRB1,07:03,0,0,18,sas,94.4
DRB1,14:18,0,0,17,eas,82.4
DRB1,12:03,2,1,17,eur,100.0
DRB1,12:25,0,0,16,afr,100.0
DRB1,07:05,0,0,16,eur,87.5
DRB1,11:19,3,1,16,eur,75.0
DRB1,08:18,0,0,15,eas,46.7
DRB1,15:14,0,0,15,eas,93.3
DRB1,03:03,0,0,15,afr,100.0
DRB1,13:36,0,0,15,eur,93.3
DRB1,08:13,0,0,14,amr,100.0
DRB1,04:13,0,0,14,eur,50.0
DRB1,11:24,2,1,14,eur,64.3
DRB1,11:39,0,0,13,eur,76.9
DRB1,13:20,1,1,13,eur,84.6
DRB1,04:72,2,1,13,eur,76.9
DRB1,07:16,0,0,12,amr,100.0
DRB1,08:05,0,0,12,eur,100.0
DRB1,16:04,2,2,12,eur,83.3
DRB1,13:07,2,1,12,eas,91.7
DRB1,13:18,0,0,12,eur,100.0
DRB1,04:26,0,0,12,eur,91.7
DRB1,07:07,0,0,12,eur,91.7
DRB1,07:11,0,0,12,amr,100.0
DRB1,14:10,1,1,11,sas,63.6
DRB1,13:40,0,0,11,amr,72.7
DRB1,11:27,4,2,10,eur,100.0
DRB1,04:14,0,0,10,eur,90.0
DRB1,04:16,0,0,10,eur,90.0
DRB1,15:22,0,0,10,eur,100.0
DRB1,14:13,0,0,9,amr,100.0
DRB1,13:38,0,0,9,afr,55.6
DRB1,14:12,2,1,9,eas,77.8
DRB1,03:06,0,0,9,eur,77.8
DRB1,13:22,2,1,8,eur,87.5
DRB1,14:16,0,0,8,eur,100.0
DRB1,03:07,2,1,8,eur,50.0
DRB1,11:36,0,0,8,eur,87.5
DRB1,04:23,0,0,8,amr,62.5
DRB1,04:40,0,0,8,eur,100.0
DRB1,12:04,0,0,8,afr,100.0
DRB1,03:37,0,0,8,eur,87.5
DRB1,13:09,0,0,8,amr,100.0
DRB1,11:07,2,1,8,eur,75.0
DRB1,15:10,0,0,8,eur,87.5
DRB1,14:70,0,0,8,eur,100.0
DRB1,11:65,2,1,7,afr,100.0
DRB1,13:56,0,0,7,eur,71.4
DRB1,14:20,0,0,7,eur,85.7
DRB1,14:22,0,0,7,eas,100.0
DRB1,04:19,0,0,7,amr,85.7
DRB1,13:79,0,0,7,afr,57.1
DRB1,15:07,3,2,7,eur,100.0
DRB1,08:17,0,0,6,eur,100.0
DRB1,04:18,0,0,6,sas,100.0
DRB1,16:10,2,1,6,afr,100.0
DRB1,14:33,0,0,6,sas,50.0
DRB1,13:27,2,1,6,amr,50.0
DRB1,11:18,0,0,6,afr,50.0
DRB1,15:24,0,0,6,eur,100.0
DRB1,11:76,0,0,6,eur,100.0
DRB1,13:155,0,0,6,afr,100.0
DRB1,11:34,0,0,6,eur,100.0
DRB1,11:29,2,1,6,eur,100.0
DRB1,14:19,0,0,5,sas,80.0
DRB1,13:128,0,0,5,amr,80.0
DRB1,11:32,0,0,5,eur,100.0
DRB1,03:23,0,0,5,eur,80.0
DRB1,13:338,0,0,5,afr,100.0
DRB1,04:50,0,0,5,eur,80.0
DRB1,11:05,0,0,5,eas,100.0
DRB1,04:41,0,0,5,eas,100.0
DRB1,04:54,0,0,5,amr,100.0
DRB1,13:337,0,0,5,afr,60.0
DRB1,13:61,2,2,5,eur,80.0
DRB1,13:29,1,1,5,eur,100.0
DRB1,13:50,3,3,5,afr,40.0
DRB1,04:43,0,0,4,eur,100.0
DRB1,12:63,0,0,4,afr,100.0
DRB1,07:123,0,0,4,eur,75.0
DRB1,01:07,0,0,4,eur,100.0
DRB1,07:15,0,0,4,amr,100.0
DRB1,14:23,4,1,4,eur,100.0
DRB1,14:11,1,1,4,eur,75.0
DRB1,14:77,0,0,4,amr,100.0
DRB1,11:48,0,0,4,afr,100.0
DRB1,11:33,0,0,4,eur,100.0
DRB1,08:08,0,0,4,afr,50.0
DRB1,03:39,0,0,4,eur,100.0
DRB1,04:25,0,0,4,amr,100.0
DRB1,14:54,14,2,4,eur,75.0
DRB1,14:47,0,0,4,amr,50.0
DRB1,03:13,2,1,4,eur,75.0
DRB1,14:28,0,0,4,amr,50.0
DRB1,07:13,0,0,4,sas,75.0
DRB1,15:05,0,0,4,amr,50.0
DRB1,13:81,0,0,4,amr,100.0
DRB1,13:48,0,0,3,eur,100.0
DRB1,14:94,0,0,3,amr,100.0
DRB1,13:08,0,0,3,sas,100.0
DRB1,13:42,2,1,3,eur,66.7
DRB1,11:16,1,1,3,eur,100.0
DRB1,11:113,0,0,3,eur,66.7
DRB1,13:49,2,1,3,sas,66.7
DRB1,14:114,0,0,3,afr,100.0
DRB1,04:199,0,0,3,amr,33.3
DRB1,13:41,0,0,3,afr,100.0
DRB1,15:92,0,0,3,amr,100.0
DRB1,04:42,0,0,3,afr,66.7
DRB1,04:95,2,2,3,eur,100.0
DRB1,14:27,2,1,3,amr,100.0
DRB1,04:15,0,0,3,eur,100.0
DRB1,03:16,0,0,3,amr,100.0
DRB1,15:11,2,1,3,mid,66.7
DRB1,13:93,0,0,3,eur,100.0
DRB1,13:69,0,0,3,afr,100.0
DRB1,15:18,0,0,3,eur,100.0
DRB1,11:41,0,0,3,eur,100.0
DRB1,04:39,0,0,3,eur,100.0
DRB1,14:21,0,0,3,eur,100.0
DRB1,14:25,2,1,3,eur,66.7
DRB1,14:50,2,2,2,amr,50.0
DRB1,11:20,0,0,2,eur,100.0
DRB1,03:115,0,0,2,amr,100.0
DRB1,11:45,0,0,2,amr,100.0
DRB1,07:59,0,0,2,amr,100.0
DRB1,13:39,0,0,2,eas,50.0
DRB1,11:66,2,1,2,sas,50.0
DRB1,14:109,0,0,2,amr,100.0
DRB1,03:19,0,0,2,afr,100.0
DRB1,13:23,2,1,2,afr,100.0
DRB1,11:91,0,0,2,eur,100.0
DRB1,11:102,2,1,2,amr,50.0
DRB1,13:129,0,0,2,eur,100.0
DRB1,03:41,2,1,2,amr,100.0
DRB1,03:20,0,0,2,afr,50.0
DRB1,15:31,2,1,2,eas,100.0
DRB1,13:24,1,1,2,eur,100.0
DRB1,03:88,0,0,2,afr,100.0
DRB1,04:203,0,0,2,amr,100.0
DRB1,15:137N,0,0,2,afr,100.0
DRB1,03:46,0,0,2,amr,100.0
DRB1,11:84,3,1,2,amr,100.0
DRB1,01:04,2,1,2,eur,100.0
DRB1,04:36,0,0,2,eas,100.0
DRB1,11:42,2,1,2,eur,100.0
DRB1,04:151,0,0,2,afr,50.0
DRB1,07:71,0,0,2,eur,100.0
DRB1,13:63,0,0,2,eur,100.0
DRB1,04:70,0,0,2,eur,100.0
DRB1,11:267,0,0,2,amr,50.0
DRB1,14:83,0,0,2,amr,100.0
DRB1,15:57,2,1,2,afr,100.0
DRB1,16:15,0,0,2,amr,50.0
DRB1,04:83,0,0,2,eur,100.0
DRB1,04:355,0,0,2,amr,50.0
DRB1,14:86,0,0,1,eur,100.0
DRB1,04:71,0,0,1,eur,100.0
DRB1,11:193,2,1,1,afr,100.0
DRB1,15:104,3,1,1,sas,100.0
DRB1,13:103,0,0,1,afr,100.0
DRB1,16:09,2,1,1,eur,100.0
DRB1,13:65,0,0,1,eur,100.0
DRB1,13:66,2,1,1,afr,100.0
DRB1,11:128,0,0,1,eur,100.0
DRB1,11:23,2,1,1,eur,100.0
DRB1,12:19,2,1,1,eas,100.0
DRB1,14:101,0,0,1,eur,100.0
DRB1,12:08,0,0,1,eas,100.0
DRB1,09:20,0,0,1,eur,100.0
DRB1,04:184,0,0,1,eur,100.0
DRB1,16:66,0,0,1,eur,100.0
DRB1,04:372,0,0,1,amr,100.0
DRB1,11:182,0,0,1,eur,100.0
DRB1,11:159,0,0,1,eur,100.0
DRB1,14:52,0,0,1,amr,100.0
DRB1,14:44,3,1,1,eas,100.0
DRB1,11:118,2,1,1,eur,100.0
DRB1,10:02,0,0,1,sas,100.0
DRB1,04:37,0,0,1,eur,100.0
DRB1,09:23,0,0,1,amr,100.0
DRB1,12:05,0,0,1,eas,100.0
DRB1,11:228,0,0,1,afr,100.0
DRB1,12:34,0,0,1,eur,100.0
DRB1,15:15,3,1,1,amr,100.0
DRB1,01:29,2,1,1,eur,100.0
DRB1,13:294,0,0,1,afr,100.0
DRB1,01:56,0,0,1,eur,100.0
DRB1,04:351,0,0,1,amr,100.0
DRB1,14:72,0,0,1,eur,100.0
DRB1,13:348,0,0,1,amr,100.0
DRB1,04:261,0,0,1,afr,100.0
DRB1,07:166,0,0,1,eur,100.0
DRB1,11:155,0,0,1,afr,100.0
DRB1,04:68,0,0,1,eur,100.0
DRB1,03:08,0,0,1,eur,100.0
DRB1,04:284,2,1,1,afr,100.0
DRB1,03:100,2,1,1,eur,100.0
DRB1,07:20,0,0,1,eur,100.0
DRB1,03:160,0,0,1,eur,100.0
DRB1,11:82,0,0,1,eas,100.0
DRB1,13:67,0,0,1,eur,100.0
DRB1,04:356,0,0,1,amr,100.0
DRB1,11:83,0,0,1,amr,100.0
DRB1,13:28,2,1,1,eur,100.0
DRB1,08:64,0,0,1,amr,100.0
DRB1,16:41N,0,0,1,amr,100.0
DRB1,07:38,0,0,1,afr,100.0
DRB1,12:28,0,0,1,eas,100.0
DRB1,15:40,0,0,1,eur,100.0
DRB1,14:61,0,0,1,eas,100.0
DRB1,13:209,0,0,1,afr,100.0
DRB1,13:80,0,0,1,amr,100.0
DRB1,04:59,0,0,1,eas,100.0
DRB1,14:46,0,0,1,amr,100.0
DRB1,04:55,0,0,1,amr,100.0
DRB1,11:60,0,0,1,eur,100.0
DRB1,13:137N,0,0,1,eur,100.0
DRB1,15:39,0,0,1,eas,100.0
DRB1,13:158,2,1,1,eur,100.0
DRB1,07:04,0,0,1,eur,100.0
DRB1,08:26,0,0,1,eur,100.0
DRB1,01:08,0,0,1,eur,100.0
DRB1,16:47,0,0,1,eur,100.0
DRB1,11:319,0,0,1,eur,100.0
DRB1,13:164,0,0,1,afr,100.0
DRB1,04:102,0,0,1,amr,100.0
DRB1,13:366,0,0,1,eur,100.0
DRB1,01:23,0,0,1,afr,100.0
DRB1,11:79,0,0,1,eur,100.0
DRB1,15:32,0,0,1,eur,100.0
DRB1,15:130,0,0,1,afr,100.0
DRB1,03:14,0,0,1,eur,100.0
DRB1,07:58N,0,0,1,eur,100.0
DRB1,13:110,0,0,1,eur,100.0
DRB1,04:62,0,0,1,eur,100.0
DRB1,13:111,0,0,1,eur,100.0
DRB1,04:88,0,0,1,eas,100.0
DRB1,04:183,0,0,1,eur,100.0
DRB1,13:219,0,0,1,eur,100.0
DRB1,16:14,0,0,1,afr,100.0
DRB1,08:24,2,1,1,amr,100.0
DRB1,03:96,0,0,1,eur,100.0
DRB1,04:312N,0,0,1,amr,100.0
DRB1,04:212N,0,0,1,amr,100.0
DRB1,13:34,0,0,1,eur,100.0
DRB1,13:98,0,0,1,sas,100.0
DRB1,11:175,0,0,1,eur,100.0
DRB1,08:12,0,0,1,eas,100.0
DRB1,04:33,0,0,1,afr,100.0
DRB1,11:54,2,1,1,eas,100.0
DRB1,16:23,0,0,1,amr,100.0
DRB1,11:184,0,0,1,afr,100.0
DRB1,01:43,0,0,1,eur,100.0
DRB1,01:24,2,1,1,eur,100.0
DRB1,14:141,0,0,1,eas,100.0
DRB1,13:224,0,0,1,amr,100.0
DRB1,14:96,0,0,1,eas,100.0
DRB1,03:44,0,0,1,eur,100.0
DRB1,15:88,0,0,1,eur,100.0
DRB1,11:101,4,1,1,afr,100.0
DRB1,03:111,0,0,1,eur,100.0
DRB1,14:71,0,0,1,sas,100.0
DRB1,04:31,0,0,1,eur,100.0
DRB1,01:53,0,0,1,eur,100.0
DRB1,08:20,0,0,1,afr,100.0
DRB1,11:72,0,0,1,afr,100.0
DRB1,15:172,2,1,1,eur,100.0
DRB1,08:30,3,1,1,eas,100.0
DRB1,09:04,0,0,1,eas,100.0
DRB1,14:163,0,0,1,eur,100.0
DRB1,13:214,0,0,1,eur,100.0
DRB1,15:56,0,0,1,eur,100.0
DRB1,07:23,0,0,1,eur,100.0
DRB1,13:96,2,1,1,afr,100.0
DRB1,14:42,0,0,1,afr,100.0
DRB1,08:125,0,0,1,amr,100.0
DRB1,04:96,0,0,1,eur,100.0
DRB1,08:34,0,0,1,eur,100.0
DRB1,14:09,0,0,1,amr,100.0
DRB1,14:171,0,0,1,eur,100.0
DRB1,04:116,0,0,1,eur,100.0
DRB1,15:34,0,0,1,eur,100.0
DRB1,11:69,0,0,1,eur,100.0
DRB1,14:106,0,0,1,amr,100.0
DRB1,13:88,0,0,1,afr,100.0
DRB1,13:154,0,0,1,eas,100.0
DRB1,14:170,0,0,1,amr,100.0
DRB1,14:113,0,0,1,eur,100.0
DRB1,13:97,2,1,1,eur,100.0
