gene	canonical	canonical_length	n_haps	n_missing_canonical	n_variant_sites	mean_pi_cds	mean_pi_noncds	pi_ratio_cds_over_noncds	nm_mean	nm_max
HLA-C	HLA-C*17:01:01:30	4325	23823	699	2326	0.04109297177927421	0.02324963627467221	1.7674672968557468	126.32779246946228	213
HLA-A	HLA-A*01:01:01:01	3503	24167	355	1733	0.039684988710813524	0.026578388824478293	1.493129962575619	87.64509455042	181
HLA-B	HLA-B*07:02:01:01	4081	23813	709	2317	0.03718009230924746	0.020191334587104957	1.841388549570777	81.69239491034308	226
HLA-DRB1	HLA-DRB1*13:02:01:01	13941	23622	900	4534	0.0288165019054647	0.01510372996815401	1.9079063228900324	114.92181017695368	291
HLA-DPB1	HLA-DPB1*04:01:01:01	11526	23966	556	5744	0.016116529308527146	0.01030608447712804	1.56378781333435	72.21363598431111	1608
HLA-DQA1	HLA-DQA1*01:01:01:01	6492	24177	345	2252	0.013754129532585728	0.01947076906387024	0.7063988837558425	51.736236919386194	254
HLA-DQB1	HLA-DQB1*02:01:40	7480	24105	417	2722	0.013039264166531063	0.018340505849491585	0.7109544455063393	65.68566687409252	217
HLA-DPA1	HLA-DPA1*01:03:01:01	9775	23994	528	4076	0.01180418619944556	0.018701126021997614	0.6312018958409576	134.61277819454864	412
HLA-G	HLA-G*01:01:01:01	3138	23864	658	1634	0.004518638885907799	0.008658903407135116	0.5218488616219401	19.148172980221254	83
HLA-DRA	HLA-DRA*01:01:01:01	5711	23830	692	2977	0.0016946855210782585	0.006633250470966441	0.25548342075967906	22.488669744020143	154
HLA-E	HLA-E*01:01:01:01	3822	23673	849	2016	0.0011371660646469549	0.0003081499095240418	3.6903014717848985	1.3857136822540448	51
HLA-F	HLA-F*01:01:01:19	3552	23768	754	2089	0.0007546554664724675	0.008686708299031756	0.08687473326997563	16.039086166273982	96
