signature_id	gene	template_allele	signature_class	n_signature_class_disagree	n_events	n_snv	n_indel	n_homopolymer_indel	all_homopolymer	homopolymer_context_checked	region_class	n_region_class_disagree	n_events_intron	n_events_utr	n_events_cds	n_events_unannotated	events	event_regions	event_flank_runs	n_haplotypes	n_persons	n_persons_unrelated	n_haplotypes_unrelated	n_plus_strand	n_minus_strand	n_fallback_rows	n_partial_alignment	n_multi_record_chained	n_former_novel_ids	n_persons_pred_AFR	n_persons_pred_AMR	n_persons_pred_EAS	n_persons_pred_EUR	n_persons_pred_MID	n_persons_pred_SAS	n_persons_strict_AFR	n_persons_strict_AMR	n_persons_strict_EAS	n_persons_strict_EUR	n_persons_strict_MID	n_persons_strict_SAS
HLA-A_sig_69962ecc6c	HLA-A	HLA-A*02:01:01:167	no_difference	0	0	0	0	0	False	True	no_difference	0	0	0	0	0	NO_DIFF			21	21	21	21	<20	<20	0	21	0	1	<20	<20	<20	<20	<20	0	<20	<20	<20	<20	<20	0
HLA-B_sig_197f93d661	HLA-B	HLA-B*07:02:01:109	no_difference	0	0	0	0	0	False	True	no_difference	0	0	0	0	0	NO_DIFF			62	61	57	58	22	40	0	62	0	1	25	<20	<20	21	0	<20	20	<20	<20	<20	0	<20
HLA-B_sig_22bd9ea7a7	HLA-B	HLA-B*45:01:01:01	no_difference	0	0	0	0	0	False	True	no_difference	0	0	0	0	0	NO_DIFF			53	52	52	53	28	25	0	53	0	1	47	<20	0	0	0	0	42	<20	0	0	0	0
HLA-B_sig_632f1e5cc3	HLA-B	HLA-B*15:01:01:38	no_difference	0	0	0	0	0	False	True	no_difference	0	0	0	0	0	NO_DIFF			39	38	36	37	<20	24	0	39	0	1	<20	<20	<20	<20	<20	<20	<20	<20	<20	<20	0	<20
HLA-B_sig_6ea75c4b64	HLA-B	HLA-B*08:01:01:08	no_difference	0	0	0	0	0	False	True	no_difference	0	0	0	0	0	NO_DIFF			35	35	35	35	20	<20	0	35	0	1	<20	<20	0	<20	<20	0	<20	<20	0	<20	<20	0
HLA-B_sig_312443fe15	HLA-B	HLA-B*44:03:01:12	no_difference	0	0	0	0	0	False	True	no_difference	0	0	0	0	0	NO_DIFF			36	35	33	33	<20	20	0	36	0	1	<20	<20	0	<20	0	<20	<20	<20	0	<20	0	<20
HLA-B_sig_3f455c0826	HLA-B	HLA-B*40:01:02:61	no_difference	0	0	0	0	0	False	True	no_difference	0	0	0	0	0	NO_DIFF			35	33	32	33	<20	<20	0	35	0	1	<20	<20	26	<20	0	0	0	0	24	<20	0	0
HLA-B_sig_7323c382d6	HLA-B	HLA-B*44:02:01:14	no_difference	0	0	0	0	0	False	True	no_difference	0	0	0	0	0	NO_DIFF			35	34	31	32	<20	21	0	35	0	1	<20	<20	<20	<20	<20	0	<20	<20	0	<20	<20	0
HLA-B_sig_07097a8f77	HLA-B	HLA-B*18:01:01:52	no_difference	0	0	0	0	0	False	True	no_difference	0	0	0	0	0	NO_DIFF			26	26	26	26	<20	<20	0	26	0	1	20	<20	<20	<20	0	0	<20	<20	0	0	0	0
HLA-B_sig_cc74c6a422	HLA-B	HLA-B*39:05:01:01	snv_only	0	1	1	0	0	False	True	involves_utr	0	0	1	0	0	3338T>C	UTR3		28	28	25	25	<20	<20	0	0	0	1	<20	26	0	<20	0	0	0	23	0	0	0	0
HLA-B_sig_235466a342	HLA-B	HLA-B*39:180	snv_only	0	1	1	0	0	False	True	touches_cds	0	0	0	1	0	633T>C	exon2		24	24	24	24	<20	<20	0	0	0	1	21	<20	0	0	0	0	<20	<20	0	0	0	0
HLA-B_sig_5887617d9e	HLA-B	HLA-B*57:02:01:03	snv_only	0	1	1	0	0	False	True	involves_utr	0	0	1	0	0	3822T>C	UTR3		23	23	23	23	<20	<20	0	0	0	1	<20	<20	0	<20	<20	0	<20	0	0	<20	<20	0
HLA-B_sig_4d7074fa47	HLA-B	HLA-B*38:01:01:01	snv_only	0	1	1	0	0	False	True	involves_utr	0	0	1	0	0	3969A>G	UTR3		23	23	23	23	<20	<20	0	0	0	1	<20	<20	0	<20	<20	0	<20	<20	0	<20	<20	0
HLA-B_sig_9ab7db9dd3	HLA-B	HLA-B*55:01:01:17	no_difference	0	0	0	0	0	False	True	no_difference	0	0	0	0	0	NO_DIFF			22	22	22	22	<20	<20	0	22	0	1	<20	<20	<20	<20	<20	<20	0	<20	0	<20	<20	<20
HLA-C_sig_aa8d16b473	HLA-C	HLA-C*06:02:01:01	no_difference	0	0	0	0	0	False	True	no_difference	0	0	0	0	0	NO_DIFF			67	66	64	65	35	32	0	67	0	1	49	<20	<20	<20	0	<20	42	<20	<20	<20	0	<20
HLA-C_sig_0c7e0a3177	HLA-C	HLA-C*12:02:02:01	snv_only	0	1	1	0	0	False	True	involves_utr	0	0	1	0	0	4159G>A	UTR3		62	60	59	61	30	32	0	0	0	1	<20	0	38	<20	<20	<20	<20	0	37	0	<20	<20
HLA-C_sig_336d5084bc	HLA-C	HLA-C*08:04:02	snv_only	0	1	1	0	0	False	True	touches_cds	0	0	0	1	0	1408A>G	exon3		50	50	49	49	<20	31	0	0	0	1	41	<20	<20	<20	0	0	39	<20	0	0	0	0
HLA-C_sig_92add28de9	HLA-C	HLA-C*12:03:01:01	no_difference	0	0	0	0	0	False	True	no_difference	0	0	0	0	0	NO_DIFF			50	50	47	47	32	<20	0	50	0	1	<20	<20	<20	<20	0	29	<20	<20	<20	0	0	29
HLA-C_sig_d13b3633dc	HLA-C	HLA-C*04:01:01:79	no_difference	0	0	0	0	0	False	True	no_difference	0	0	0	0	0	NO_DIFF			24	24	24	24	<20	<20	0	24	0	1	<20	<20	0	<20	<20	0	<20	<20	0	<20	<20	0
HLA-C_sig_3849f45294	HLA-C	HLA-C*05:01:01:02	no_difference	0	0	0	0	0	False	True	no_difference	0	0	0	0	0	NO_DIFF			23	23	23	23	<20	<20	0	23	0	1	<20	<20	0	<20	0	<20	<20	<20	0	<20	0	<20
HLA-C_sig_81fa15db06	HLA-C	HLA-C*06:02:01:01	snv_only	0	1	1	0	0	False	True	involves_utr	0	0	1	0	0	4084T>G	UTR3		20	20	20	20	<20	<20	0	0	0	1	<20	<20	0	0	0	0	<20	<20	0	0	0	0
HLA-DPA1_sig_5c8cfe6739	HLA-DPA1	HLA-DPA1*01:03:01:73	no_difference	0	0	0	0	0	False	True	no_difference	0	0	0	0	0	NO_DIFF			147	143	138	142	75	72	0	147	0	1	38	31	<20	51	<20	<20	25	<20	<20	31	<20	<20
HLA-DPA1_sig_6387dd26bc	HLA-DPA1	HLA-DPA1*01:03:01:01	snv_only	0	1	1	0	0	False	True	involves_utr	0	0	1	0	0	9472T>C	UTR3		96	90	88	94	43	53	0	0	0	1	0	<20	<20	<20	<20	81	0	<20	<20	0	<20	80
HLA-DPA1_sig_7a50c5c007	HLA-DPA1	HLA-DPA1*02:01:01:06	snv_only	0	1	1	0	0	False	True	involves_utr	0	0	1	0	0	9122C>G	UTR3		69	68	66	67	30	39	0	0	0	1	47	<20	0	<20	<20	0	40	<20	0	0	<20	0
HLA-DPA1_sig_92795c7b5a	HLA-DPA1	HLA-DPA1*01:03:01:01	snv_only	0	1	1	0	0	False	True	involves_utr	0	0	1	0	0	9083G>A	UTR3		60	59	55	56	25	35	0	0	0	1	<20	<20	36	<20	0	<20	0	<20	34	0	0	<20
HLA-DPA1_sig_5e8cc3d6d5	HLA-DPA1	HLA-DPA1*01:03:01:15	snv_only	0	1	1	0	0	False	True	intron_only	0	1	0	0	0	2440C>T	intron1		57	55	50	52	20	37	0	0	0	1	<20	53	0	0	0	0	0	43	0	0	0	0
HLA-DPA1_sig_7cebf657b3	HLA-DPA1	HLA-DPA1*01:03:01:27	snv_only	0	1	1	0	0	False	True	intron_only	0	1	0	0	0	3450G>C	intron1		39	39	38	38	<20	20	0	<20	0	1	<20	<20	0	<20	<20	<20	<20	<20	0	<20	0	<20
HLA-DPA1_sig_4db634e4a8	HLA-DPA1	HLA-DPA1*01:03:01:15	snv_only	0	1	1	0	0	False	True	involves_utr	0	0	1	0	0	6463T>C	UTR3		38	38	37	37	<20	27	0	0	0	1	0	37	0	<20	0	0	0	34	0	0	0	0
HLA-DPA1_sig_f50893ef6d	HLA-DPA1	HLA-DPA1*01:03:01:19	snv_only	0	1	1	0	0	False	True	intron_only	0	1	0	0	0	3169T>A	intron1		35	35	35	35	23	<20	0	0	0	1	<20	<20	<20	<20	<20	<20	<20	<20	<20	<20	<20	<20
HLA-DPA1_sig_4c296d968f	HLA-DPA1	HLA-DPA1*02:02:02:01	snv_only	0	1	1	0	0	False	True	involves_utr	0	0	1	0	0	9327C>T	UTR3		33	32	30	31	<20	20	0	0	0	1	0	<20	30	0	0	0	0	0	28	0	0	0
HLA-DPA1_sig_5456c3d84f	HLA-DPA1	HLA-DPA1*01:03:45	snv_only	0	1	1	0	0	False	True	touches_cds	0	0	0	1	0	4572T>C	exon3		33	31	30	32	<20	<20	0	0	0	1	<20	<20	<20	<20	<20	0	<20	<20	<20	<20	<20	0
HLA-DPA1_sig_a0a9ca0a85	HLA-DPA1	HLA-DPA1*01:03:01:60	snv_only	0	1	1	0	0	False	True	intron_only	0	1	0	0	0	982G>A	intron1		28	27	27	28	<20	<20	0	0	0	1	<20	<20	<20	<20	0	<20	<20	<20	<20	<20	0	<20
HLA-DPA1_sig_4dc738afc4	HLA-DPA1	HLA-DPA1*01:03:01:21	snv_only	0	1	1	0	0	False	True	intron_only	0	1	0	0	0	1891T>C	intron1		25	25	24	24	<20	<20	0	0	0	1	<20	<20	<20	<20	0	<20	<20	<20	<20	<20	0	<20
HLA-DPA1_sig_133c912102	HLA-DPA1	HLA-DPA1*02:01:01:07	snv_only	0	1	1	0	0	False	True	intron_only	0	1	0	0	0	998T>C	intron1		22	22	22	22	<20	<20	0	0	0	1	<20	<20	<20	<20	<20	<20	<20	<20	<20	<20	<20	<20
HLA-DPA1_sig_05c7be10b1	HLA-DPA1	HLA-DPA1*02:02:02:01	snv_only	0	1	1	0	0	False	True	intron_only	0	1	0	0	0	1156G>A	intron1		22	22	22	22	<20	<20	0	0	0	1	0	0	21	<20	0	0	0	0	<20	0	0	0
HLA-DPA1_sig_faec039fd1	HLA-DPA1	HLA-DPA1*01:03:46	snv_only	0	1	1	0	0	False	True	touches_cds	0	0	0	1	0	5115A>C	exon4		21	21	21	21	<20	<20	0	0	0	1	<20	<20	0	<20	<20	<20	<20	<20	0	<20	<20	<20
HLA-DPA1_sig_8db1af35d5	HLA-DPA1	HLA-DPA1*02:06	snv_only	0	1	1	0	0	False	True	touches_cds	0	0	0	1	0	5078T>C	exon4		22	21	20	21	<20	<20	0	0	0	1	0	<20	<20	<20	0	<20	0	<20	<20	<20	0	<20
HLA-DPA1_sig_a27caa457e	HLA-DPA1	HLA-DPA1*02:125	snv_only	0	1	1	0	0	False	True	touches_cds	0	0	0	1	0	4748G>A	exon3		20	20	20	20	<20	<20	0	0	0	1	<20	<20	0	<20	<20	0	<20	0	0	0	<20	0
HLA-DPB1_sig_6761fc550a	HLA-DPB1	HLA-DPB1*04:01:01:41	indel_nonhomopolymer	0	1	0	1	0	False	True	intron_only	0	1	0	0	0	9181_9184delAAGG	intron2	8	114	111	111	114	66	48	0	0	0	1	<20	<20	<20	<20	<20	71	0	<20	<20	<20	<20	69
HLA-DPB1_sig_85c0f29cec	HLA-DPB1	HLA-DPB1*01:01:01:16	homopolymer_only	0	1	0	1	1	True	True	intron_only	0	1	0	0	0	7223_7224insC	intron2	5	60	60	57	57	30	30	0	0	0	1	46	<20	0	<20	<20	0	39	<20	0	<20	<20	0
HLA-DPB1_sig_fea1f8b740	HLA-DPB1	HLA-DPB1*135:01:01:02	snv_only	0	1	1	0	0	False	True	intron_only	0	1	0	0	0	2520A>G	intron1		51	51	50	50	25	26	0	0	0	1	<20	0	48	<20	0	<20	<20	0	43	0	0	0
HLA-DPB1_sig_09dc846a35	HLA-DPB1	HLA-DPB1*104:01:01:02	snv_only	0	1	1	0	0	False	True	intron_only	0	1	0	0	0	2288T>C	intron1		41	41	40	40	20	21	0	0	0	1	35	<20	0	<20	0	0	29	<20	0	0	0	0
HLA-DPB1_sig_3a2b066534	HLA-DPB1	HLA-DPB1*13:01:01:12	snv_only	0	8	8	0	0	False	True	intron_only	0	8	0	0	0	1701T>A;1709T>C;2054C>T;2112A>G;2377A>G;2389A>G;2392G>A;2393C>T	intron1,intron1,intron1,intron1,intron1,intron1,intron1,intron1	,,,,,,,	38	37	36	37	20	<20	0	0	0	1	0	0	20	0	0	<20	0	0	<20	0	0	<20
HLA-DPB1_sig_e2b9bb62f6	HLA-DPB1	HLA-DPB1*01:01:01:12	snv_only	0	2	2	0	0	False	True	intron_only	0	2	0	0	0	2377G>A;7237C>G	intron1,intron2	,	36	36	33	33	26	<20	0	0	0	1	34	<20	0	<20	0	0	26	0	0	0	0	0
HLA-DPB1_sig_5f1d583fa2	HLA-DPB1	HLA-DPB1*105:01:01:03	snv_only	0	1	1	0	0	False	True	intron_only	0	1	0	0	0	9234G>A	intron2		32	32	31	31	20	<20	0	0	0	1	27	<20	0	0	<20	0	23	<20	0	0	<20	0
HLA-DPB1_sig_0e4c905a3f	HLA-DPB1	HLA-DPB1*105:01:01:02	indel_nonhomopolymer	0	1	0	1	0	False	True	intron_only	0	1	0	0	0	9181_9184delAAGG	intron2	8	30	30	29	29	<20	<20	0	0	0	1	22	<20	0	<20	<20	0	<20	<20	0	0	<20	0
HLA-DPB1_sig_3478bfad77	HLA-DPB1	HLA-DPB1*13:01:01:04	snv_only	0	8	8	0	0	False	True	intron_only	0	8	0	0	0	538G>A;2112A>G;2213C>T;2253T>C;2377A>G;6723T>G;6777G>A;6786T>G	intron1,intron1,intron1,intron1,intron1,intron2,intron2,intron2	,,,,,,,	30	30	29	29	20	<20	0	0	0	1	<20	<20	0	<20	0	0	<20	<20	0	0	0	0
HLA-DPB1_sig_c331a178dd	HLA-DPB1	HLA-DPB1*04:01:01:75	indel_nonhomopolymer	0	1	0	1	0	False	True	intron_only	0	1	0	0	0	9181_9184delAAGG	intron2	8	26	25	25	26	<20	<20	0	0	0	1	0	0	<20	0	<20	23	0	0	<20	0	<20	22
HLA-DPB1_sig_e5b8c596f9	HLA-DPB1	HLA-DPB1*18:01:01:02	snv_only	0	1	1	0	0	False	True	intron_only	0	1	0	0	0	2054C>T	intron1		25	25	24	24	<20	<20	0	0	0	1	<20	<20	0	<20	0	0	<20	<20	0	0	0	0
HLA-DPB1_sig_4105bdee10	HLA-DPB1	HLA-DPB1*105:01:01:06	snv_only	0	1	1	0	0	False	True	intron_only	0	1	0	0	0	2869C>T	intron1		23	23	23	23	<20	<20	0	0	0	1	21	<20	0	0	0	0	<20	<20	0	0	0	0
HLA-DPB1_sig_4fd3a959a5	HLA-DPB1	HLA-DPB1*04:01:01:01	homopolymer_only	0	1	0	1	1	True	True	intron_only	0	1	0	0	0	9169delA	intron2	7	33	23	23	33	<20	<20	0	0	0	1	0	<20	<20	<20	<20	<20	0	<20	<20	<20	<20	<20
HLA-DPB1_sig_cff94ff6d6	HLA-DPB1	HLA-DPB1*05:01:01:01	snv_only	0	1	1	0	0	False	True	intron_only	0	1	0	0	0	4600G>A	intron1		22	21	21	22	<20	<20	0	0	0	1	0	<20	<20	<20	0	0	0	0	<20	0	0	0
HLA-DPB1_sig_b184e48387	HLA-DPB1	HLA-DPB1*01:01:01:09	snv_only	0	1	1	0	0	False	True	intron_only	0	1	0	0	0	2667A>T	intron1		20	20	20	20	<20	<20	0	0	0	1	<20	0	<20	0	0	0	<20	0	<20	0	0	0
HLA-DQA1_sig_042737ea7a	HLA-DQA1	HLA-DQA1*01:04:01:02	snv_only	0	1	1	0	0	False	True	touches_cds	0	0	0	1	0	5363A>C	exon3		163	160	158	161	80	83	0	<20	0	1	<20	<20	<20	<20	<20	135	<20	<20	<20	<20	<20	133
HLA-DQA1_sig_188ce30a09	HLA-DQA1	HLA-DQA1*01:02:01:03	homopolymer_only	0	1	0	1	1	True	True	intron_only	0	1	0	0	0	3842delA	intron1	13	179	158	155	176	95	84	0	0	0	1	<20	<20	132	<20	0	<20	<20	<20	113	0	0	0
HLA-DQA1_sig_96a721b6a5	HLA-DQA1	HLA-DQA1*05:05:01:30	indel_nonhomopolymer	0	1	0	1	0	False	True	intron_only	0	1	0	0	0	5231_5234delTTTC	intron3	3	111	109	101	103	60	51	0	0	0	1	75	33	0	<20	0	0	57	22	0	0	0	0
HLA-DQA1_sig_70013b409e	HLA-DQA1	HLA-DQA1*05:05:01:02	indel_nonhomopolymer	0	1	0	1	0	False	True	intron_only	0	1	0	0	0	5688_5689insTTTC	intron3	3	100	96	92	96	57	43	0	0	0	1	<20	<20	<20	45	<20	<20	<20	<20	<20	<20	<20	<20
HLA-DQA1_sig_b73dcbaa33	HLA-DQA1	HLA-DQA1*05:05:01:31	snv_only	0	1	1	0	0	False	True	involves_utr	0	0	1	0	0	140A>G	UTR5		43	43	42	42	24	<20	0	0	0	1	<20	<20	<20	<20	<20	<20	<20	<20	<20	<20	<20	<20
HLA-DQA1_sig_cef9204381	HLA-DQA1	HLA-DQA1*01:04:01:02	snv_only	0	1	1	0	0	False	True	intron_only	0	1	0	0	0	2269T>G	intron1		37	37	37	37	<20	<20	0	0	0	1	<20	<20	<20	<20	0	<20	<20	<20	<20	<20	0	<20
HLA-DQA1_sig_5af973a73b	HLA-DQA1	HLA-DQA1*01:03:01:10	snv_only	0	2	2	0	0	False	True	involves_utr	0	1	1	0	0	3552C>T;5942C>A	intron1,UTR3	,	37	37	34	34	<20	<20	0	0	0	1	35	<20	<20	0	0	0	32	0	0	0	0	0
HLA-DQA1_sig_04959dcacf	HLA-DQA1	HLA-DQA1*01:01:02:01	homopolymer_only	0	1	0	1	1	True	True	intron_only	0	1	0	0	0	4099delA	intron1	14	34	34	34	34	24	<20	0	0	0	1	<20	<20	0	<20	<20	0	<20	<20	0	<20	0	0
HLA-DQA1_sig_c3173a052d	HLA-DQA1	HLA-DQA1*01:02:02:01	snv_only	0	1	1	0	0	False	True	intron_only	0	1	0	0	0	662G>A	intron1		32	31	31	32	21	<20	0	0	0	1	24	<20	0	0	0	0	22	<20	0	0	0	0
HLA-DQA1_sig_636242366f	HLA-DQA1	HLA-DQA1*05:05:01:01	homopolymer_only	0	1	0	1	1	True	True	involves_utr	0	0	1	0	0	377delA	UTR5	17	32	31	29	30	<20	<20	0	0	0	1	<20	<20	<20	<20	<20	<20	<20	<20	<20	<20	<20	<20
HLA-DQA1_sig_6b84f8fc0e	HLA-DQA1	HLA-DQA1*01:05:01:01	homopolymer_only	0	1	0	1	1	True	True	intron_only	0	1	0	0	0	4095delA	intron1	16	28	27	26	27	<20	<20	0	0	0	1	<20	<20	<20	<20	<20	<20	<20	<20	<20	0	0	<20
HLA-DQA1_sig_a397090011	HLA-DQA1	HLA-DQA1*01:01:01:10	homopolymer_only	0	1	0	1	1	True	True	intron_only	0	1	0	0	0	3619_3623delAAAAA	intron1	16	26	25	23	24	<20	<20	0	0	0	1	0	0	<20	0	0	<20	0	0	<20	0	0	<20
HLA-DQA1_sig_295a6598c6	HLA-DQA1	HLA-DQA1*05:05:01:02	homopolymer_only	0	1	0	1	1	True	True	involves_utr	0	0	1	0	0	377delA	UTR5	17	22	22	22	22	<20	<20	0	0	0	1	<20	<20	<20	<20	<20	<20	0	<20	<20	<20	0	<20
HLA-DQA1_sig_d3c684ab5b	HLA-DQA1	HLA-DQA1*05:05:01:01	snv_only	0	1	1	0	0	False	True	touches_cds	0	0	0	1	0	812G>A	exon1		21	21	20	20	<20	<20	0	0	0	1	<20	<20	<20	<20	<20	<20	<20	0	<20	<20	<20	<20
HLA-DQA1_sig_253726564c	HLA-DQA1	HLA-DQA1*05:05:01:09	homopolymer_only	0	1	0	1	1	True	True	involves_utr	0	0	1	0	0	377delA	UTR5	17	20	20	20	20	<20	<20	0	0	0	1	0	<20	<20	<20	<20	<20	0	<20	<20	<20	<20	<20
HLA-DQB1_sig_4065a52260	HLA-DQB1	HLA-DQB1*02:02:01:01	homopolymer_only	0	1	0	1	1	True	True	intron_only	0	1	0	0	0	3249delT	intron2	17	125	123	120	122	57	68	0	0	0	1	29	27	<20	33	<20	<20	20	<20	<20	<20	<20	<20
HLA-DQB1_sig_39d9392eeb	HLA-DQB1	HLA-DQB1*02:01:01:01	homopolymer_only	0	1	0	1	1	True	True	intron_only	0	1	0	0	0	3254delT	intron2	15	91	89	89	91	44	47	0	0	0	1	<20	<20	<20	28	<20	<20	<20	<20	<20	<20	<20	<20
HLA-DQB1_sig_e9b79949da	HLA-DQB1	HLA-DQB1*03:01:01:22	snv_only	0	1	1	0	0	False	True	intron_only	0	1	0	0	0	3497G>A	intron2		79	76	74	77	41	38	0	0	0	1	0	<20	73	<20	0	<20	0	0	72	0	0	0
HLA-DQB1_sig_6ff1120b76	HLA-DQB1	HLA-DQB1*02:02:01:01	homopolymer_only	0	1	0	1	1	True	True	intron_only	0	1	0	0	0	3248_3249insT	intron2	18	26	25	24	25	<20	<20	0	0	0	1	<20	<20	<20	<20	0	<20	<20	<20	<20	<20	0	<20
HLA-DQB1_sig_1c1ed8e815	HLA-DQB1	HLA-DQB1*02:01:01:01	homopolymer_only	0	1	0	1	1	True	True	intron_only	0	1	0	0	0	3253_3254insT	intron2	16	23	21	21	23	<20	<20	0	<20	0	1	<20	<20	<20	<20	<20	<20	<20	<20	<20	<20	<20	<20
HLA-DRB1_sig_f08e1f9469	HLA-DRB1	HLA-DRB1*03:02:01:01	homopolymer_only	0	1	0	1	1	True	True	intron_only	0	1	0	0	0	2816_2817insT	intron1	13	375	363	354	363	172	203	0	0	0	1	288	63	0	<20	<20	<20	236	34	0	0	<20	0
HLA-DRB1_sig_6040eac584	HLA-DRB1	HLA-DRB1*09:01:02:03	homopolymer_only	0	1	0	1	1	True	True	intron_only	0	1	0	0	0	5188_5189insT	intron1	14	228	218	211	220	123	105	0	0	0	1	<20	<20	203	<20	0	<20	0	<20	191	0	0	<20
HLA-DRB1_sig_3898ee7ad5	HLA-DRB1	HLA-DRB1*07:01:01:26	snv_only	0	1	1	0	0	False	True	intron_only	0	1	0	0	0	4960A>G	intron1		182	181	173	174	84	98	0	0	0	1	<20	<20	37	<20	0	133	<20	<20	34	0	0	130
HLA-DRB1_sig_b4184eca89	HLA-DRB1	HLA-DRB1*04:02:01	indel_nonhomopolymer	0	3	0	3	2	False	True	intron_only	0	3	0	0	0	5394_5395insA;6607_6608insT;8819_8820insGT	intron1,intron1,intron2	13,18,1	164	157	153	160	86	78	0	0	0	1	<20	<20	0	128	<20	0	<20	<20	0	<20	<20	0
HLA-DRB1_sig_99039398d1	HLA-DRB1	HLA-DRB1*03:01:01:02	snv_only	0	1	1	0	0	False	True	intron_only	0	1	0	0	0	9008T>A	intron2		159	157	153	155	79	80	0	0	0	1	122	28	<20	<20	<20	0	95	<20	0	0	0	0
HLA-DRB1_sig_9c0177fca8	HLA-DRB1	HLA-DRB1*11:04:01:01	indel_nonhomopolymer	0	1	0	1	0	False	True	intron_only	0	1	0	0	0	9011_9012insGTGT	intron2	1	152	145	144	150	62	90	0	0	0	1	<20	20	<20	82	23	<20	<20	<20	0	<20	<20	<20
HLA-DRB1_sig_a2298fb4fd	HLA-DRB1	HLA-DRB1*04:01:01:04	indel_nonhomopolymer	0	1	0	1	0	False	True	intron_only	0	1	0	0	0	8822_8823insGT	intron2	1	140	138	132	134	66	74	0	0	0	1	34	26	<20	76	0	<20	22	<20	0	57	0	0
HLA-DRB1_sig_bbff695be2	HLA-DRB1	HLA-DRB1*09:01:02:07	snv_only	0	1	1	0	0	False	True	intron_only	0	1	0	0	0	10905T>A	intron2		119	117	114	116	55	64	0	<20	0	1	90	25	0	<20	0	0	73	<20	0	0	0	0
HLA-DRB1_sig_80c89bd410	HLA-DRB1	HLA-DRB1*11:02:01:05	snv_only	0	1	1	0	0	False	True	intron_only	0	1	0	0	0	4804G>A	intron1		113	108	105	110	53	60	0	0	0	1	76	25	<20	<20	<20	0	64	<20	0	0	<20	0
HLA-DRB1_sig_db0b07e9b3	HLA-DRB1	HLA-DRB1*15:02:01:04	homopolymer_only	0	1	0	1	1	True	True	intron_only	0	1	0	0	0	9758_9759insT	intron5	22	117	103	100	114	52	65	0	0	0	1	0	<20	92	<20	0	<20	0	<20	82	0	0	0
HLA-DRB1_sig_60b4684934	HLA-DRB1	HLA-DRB1*11:01:01:01	indel_nonhomopolymer	0	1	0	1	0	False	True	intron_only	0	1	0	0	0	9012_9015delGTGT	intron2	1	100	96	96	100	43	57	0	0	0	1	<20	<20	<20	28	<20	31	<20	<20	<20	<20	<20	31
HLA-DRB1_sig_c2f048befc	HLA-DRB1	HLA-DRB1*07:01:01:02	indel_nonhomopolymer	0	1	0	1	0	False	True	intron_only	0	1	0	0	0	15426_15427insGAAG	intron5	1	99	96	93	96	42	57	0	0	0	1	<20	<20	<20	46	0	<20	<20	<20	<20	28	0	<20
HLA-DRB1_sig_ebcd80e6c5	HLA-DRB1	HLA-DRB1*14:54:01:10	indel_nonhomopolymer	0	1	0	1	0	False	True	intron_only	0	1	0	0	0	8512_8515delGAGA	intron2	1	87	87	85	85	32	55	0	0	0	1	<20	<20	<20	42	<20	<20	<20	<20	<20	24	<20	<20
HLA-DRB1_sig_9925bed241	HLA-DRB1	HLA-DRB1*14:02:01:01	homopolymer_only	0	1	0	1	1	True	True	intron_only	0	1	0	0	0	3233_3234insT	intron1	13	89	87	81	83	30	59	0	0	0	1	<20	82	<20	0	0	0	0	68	<20	0	0	0
HLA-DRB1_sig_716c3392e6	HLA-DRB1	HLA-DRB1*11:01:01:01	indel_nonhomopolymer	0	1	0	1	0	False	True	intron_only	0	1	0	0	0	9012_9013delGT	intron2	1	82	80	78	80	46	36	0	0	0	1	<20	23	<20	37	<20	<20	<20	<20	<20	21	<20	<20
HLA-DRB1_sig_7090317349	HLA-DRB1	HLA-DRB1*08:04:01:05	indel_nonhomopolymer	0	1	0	1	0	False	True	intron_only	0	1	0	0	0	8559_8560delGT	intron2	1	80	80	78	78	33	47	0	0	0	1	47	25	<20	<20	<20	<20	38	<20	0	0	<20	0
HLA-DRB1_sig_0c72275cc0	HLA-DRB1	HLA-DRB1*15:02:01:02	homopolymer_only	0	1	0	1	1	True	True	intron_only	0	1	0	0	0	10190_10191insT	intron5	26	81	80	76	77	36	45	0	0	0	1	<20	<20	<20	<20	<20	27	0	<20	<20	<20	<20	26
HLA-DRB1_sig_e72ad82622	HLA-DRB1	HLA-DRB1*11:01:02:04	indel_nonhomopolymer	0	1	0	1	0	False	True	intron_only	0	1	0	0	0	8562_8563delGT	intron2	1	77	77	76	76	37	40	0	0	0	1	62	<20	0	<20	<20	0	54	<20	0	0	<20	0
HLA-DRB1_sig_57039fd288	HLA-DRB1	HLA-DRB1*11:01:02:03	indel_nonhomopolymer	0	1	0	1	0	False	True	intron_only	0	1	0	0	0	8979_8980delGT	intron2	1	76	75	75	76	30	46	0	0	0	1	61	<20	<20	<20	0	0	50	<20	0	0	0	0
HLA-DRB1_sig_8fa717ed05	HLA-DRB1	HLA-DRB1*07:01:01:07	indel_nonhomopolymer	0	1	0	1	0	False	True	intron_only	0	1	0	0	0	14966_14969delGAAG	intron5	1	75	74	69	70	34	41	0	0	0	1	63	<20	<20	<20	0	0	51	<20	0	0	0	0
HLA-DRB1_sig_d9ad221e80	HLA-DRB1	HLA-DRB1*15:02:01:03	homopolymer_only	0	1	0	1	1	True	True	intron_only	0	1	0	0	0	10213delT	intron5	27	68	67	67	68	26	42	0	0	0	1	0	0	<20	21	<20	31	0	0	<20	<20	0	31
HLA-DRB1_sig_a006398353	HLA-DRB1	HLA-DRB1*13:01:01:10	indel_nonhomopolymer	0	1	0	1	0	False	True	intron_only	0	1	0	0	0	8557_8558delGT	intron2	1	70	69	65	65	33	37	0	0	0	1	54	<20	0	<20	0	0	48	<20	0	0	0	0
HLA-DRB1_sig_4568e7bbf0	HLA-DRB1	HLA-DRB1*04:04:01:04	snv_only	0	1	1	0	0	False	True	intron_only	0	1	0	0	0	3057G>A	intron1		67	67	64	64	27	40	0	0	0	1	<20	22	<20	34	0	0	<20	<20	0	22	0	0
HLA-DRB1_sig_ff7524eea3	HLA-DRB1	HLA-DRB1*13:01:01:01	indel_nonhomopolymer	0	1	0	1	0	False	True	intron_only	0	1	0	0	0	9018_9019insGT	intron2	1	63	63	62	62	26	37	0	0	0	1	0	<20	<20	<20	0	39	0	<20	<20	<20	0	39
HLA-DRB1_sig_1fc2193fde	HLA-DRB1	HLA-DRB1*13:04	indel_nonhomopolymer	0	1	0	1	0	False	True	intron_only	0	1	0	0	0	8467_8468insGT	intron2	1	64	62	60	62	30	34	0	0	0	1	40	21	0	<20	0	0	29	<20	0	0	0	0
HLA-DRB1_sig_8b9b4b7442	HLA-DRB1	HLA-DRB1*13:02:01:07	indel_nonhomopolymer	0	1	0	1	0	False	True	intron_only	0	1	0	0	0	8559_8560insGT	intron2	1	60	60	60	60	32	28	0	0	0	1	21	21	0	<20	<20	0	<20	<20	0	<20	<20	0
HLA-DRB1_sig_556e9c46de	HLA-DRB1	HLA-DRB1*15:01:01:03	homopolymer_only	0	1	0	1	1	True	True	intron_only	0	1	0	0	0	9802delT	intron5	22	62	60	59	61	31	31	0	0	0	1	<20	<20	<20	20	<20	20	<20	<20	<20	<20	<20	<20
HLA-DRB1_sig_9613450877	HLA-DRB1	HLA-DRB1*13:01:01:01	snv_only	0	3	3	0	0	False	True	intron_only	0	3	0	0	0	768A>T;9022T>A;9126A>G	intron1,intron2,intron2	,,	60	60	59	59	33	27	0	0	0	1	49	<20	<20	0	0	0	42	<20	0	0	0	0
HLA-DRB1_sig_9fe72ee30c	HLA-DRB1	HLA-DRB1*11:01:01:03	indel_nonhomopolymer	0	1	0	1	0	False	True	intron_only	0	1	0	0	0	9003_9004delGT	intron2	1	61	59	57	59	28	33	0	0	0	1	<20	<20	<20	24	<20	<20	0	<20	<20	<20	<20	<20
HLA-DRB1_sig_bc67e047ee	HLA-DRB1	HLA-DRB1*15:02:01:06	snv_only	0	1	1	0	0	False	True	intron_only	0	1	0	0	0	7474T>C	intron2		58	56	54	56	27	31	0	0	0	1	<20	0	22	<20	<20	31	<20	0	20	0	0	29
HLA-DRB1_sig_c353634c22	HLA-DRB1	HLA-DRB1*04:07:01:02	homopolymer_only	0	2	0	2	2	True	True	intron_only	0	2	0	0	0	5844delA;7058_7059insT	intron1,intron1	14,18	59	56	52	54	25	34	0	0	0	1	<20	49	<20	<20	0	0	<20	41	<20	<20	0	0
HLA-DRB1_sig_aa9f9b32a0	HLA-DRB1	HLA-DRB1*04:05:01:07	snv_plus_indel	0	2	1	1	0	False	True	involves_utr	0	1	1	0	0	66A>G;8823_8826delGTGT	UTR5,intron2	,1	54	54	51	51	30	24	0	0	0	1	<20	24	<20	<20	<20	0	<20	<20	0	<20	<20	0
HLA-DRB1_sig_34d7ae9426	HLA-DRB1	HLA-DRB1*13:02:01:02	indel_nonhomopolymer	0	1	0	1	0	False	True	intron_only	0	1	0	0	0	9064_9065insGA	intron2	1	52	51	51	52	<20	34	0	0	0	1	<20	<20	0	26	<20	<20	0	<20	0	<20	<20	<20
HLA-DRB1_sig_a6f4838f8a	HLA-DRB1	HLA-DRB1*01:02:01:02	indel_nonhomopolymer	0	1	0	1	0	False	True	intron_only	0	1	0	0	0	5838_5839delGT	intron2	1	52	51	51	52	21	31	0	0	0	1	<20	<20	<20	40	0	0	0	<20	0	0	0	0
HLA-DRB1_sig_25cc4f1489	HLA-DRB1	HLA-DRB1*15:03:01:03	homopolymer_only	0	1	0	1	1	True	True	intron_only	0	1	0	0	0	9759delT	intron5	22	55	53	50	52	27	28	0	0	0	1	41	<20	0	<20	<20	<20	36	<20	0	0	<20	0
HLA-DRB1_sig_5ba8722b7e	HLA-DRB1	HLA-DRB1*04:03:01:03	snv_plus_indel	0	4	3	1	0	False	True	touches_cds	0	2	0	2	0	8744T>G;8745G>T;8821_8822delGT;11215T>A	exon2,exon2,intron2,intron2	,,1,	58	55	48	51	31	27	0	0	0	1	<20	53	0	0	0	0	0	49	0	0	0	0
HLA-DRB1_sig_55ab5343f6	HLA-DRB1	HLA-DRB1*13:03:01:03	indel_nonhomopolymer	0	2	0	2	1	False	True	intron_only	0	2	0	0	0	3241delT;8981_8982insGT	intron1,intron2	13,1	53	52	48	48	24	29	0	0	0	1	47	<20	0	<20	0	<20	43	<20	0	0	0	0
HLA-DRB1_sig_52af0d5ee5	HLA-DRB1	HLA-DRB1*13:03:01:01	indel_nonhomopolymer	0	1	0	1	0	False	True	intron_only	0	1	0	0	0	8970_8971delGT	intron2	1	49	49	48	48	25	24	0	0	0	1	<20	<20	0	<20	<20	0	<20	<20	0	<20	<20	0
HLA-DRB1_sig_d8bbdfaa37	HLA-DRB1	HLA-DRB1*15:02:01:03	indel_nonhomopolymer	0	2	0	2	1	False	True	intron_only	0	2	0	0	0	6278_6281delGTGT;10213delT	intron2,intron5	1,27	49	48	48	49	23	26	0	0	0	1	0	<20	<20	<20	<20	<20	0	<20	<20	0	<20	<20
HLA-DRB1_sig_1e546ed23e	HLA-DRB1	HLA-DRB1*11:04:01:01	indel_nonhomopolymer	0	1	0	1	0	False	True	intron_only	0	1	0	0	0	9012_9013delGT	intron2	1	52	48	48	52	24	28	0	0	0	1	<20	<20	0	20	<20	<20	<20	<20	0	<20	<20	<20
HLA-DRB1_sig_66c4a8f12d	HLA-DRB1	HLA-DRB1*15:01:01:05	indel_nonhomopolymer	0	1	0	1	0	False	True	intron_only	0	1	0	0	0	6308_6309insGA	intron2	1	51	49	47	49	27	24	0	0	0	1	0	<20	<20	<20	<20	42	0	<20	<20	<20	<20	38
HLA-DRB1_sig_c54f0254e4	HLA-DRB1	HLA-DRB1*11:02:01:02	homopolymer_only	0	1	0	1	1	True	True	intron_only	0	1	0	0	0	2821_2822insT	intron1	12	49	47	45	46	22	27	0	0	0	1	29	<20	0	<20	<20	<20	27	<20	0	<20	<20	0
HLA-DRB1_sig_3011933f51	HLA-DRB1	HLA-DRB1*13:02:01:07	snv_plus_indel	0	4	3	1	0	False	True	touches_cds	0	2	0	2	0	6062G>A;8483G>T;8484T>G;8559_8560insGT	intron1,exon2,exon2,intron2	,,,1	44	43	43	44	22	22	0	0	0	1	35	<20	0	0	0	0	28	<20	0	0	0	0
HLA-DRB1_sig_a0b05342dc	HLA-DRB1	HLA-DRB1*14:06:01	indel_nonhomopolymer	0	1	0	1	0	False	True	intron_only	0	1	0	0	0	8995_8996insGTGT	intron2	1	48	47	42	43	<20	30	0	0	0	1	<20	46	0	0	0	0	0	44	0	0	0	0
HLA-DRB1_sig_dddf891b4c	HLA-DRB1	HLA-DRB1*12:02:01:09	snv_plus_indel	0	2	1	1	1	False	True	intron_only	0	2	0	0	0	2808_2809insT;11564T>A	intron1,intron3	15,	46	44	42	44	24	22	0	0	0	1	0	0	34	<20	0	<20	0	0	34	0	0	<20
HLA-DRB1_sig_3bb5192911	HLA-DRB1	HLA-DRB1*04:03:01:03	snv_plus_indel	0	2	1	1	0	False	True	intron_only	0	2	0	0	0	8867_8868delGA;11215T>A	intron2,intron2	1,	42	42	42	42	<20	24	0	0	0	1	0	<20	<20	<20	<20	<20	0	<20	<20	0	<20	<20
HLA-DRB1_sig_c71bdcbaa3	HLA-DRB1	HLA-DRB1*13:03:01:01	indel_nonhomopolymer	0	1	0	1	0	False	True	intron_only	0	1	0	0	0	8969_8970insGT	intron2	1	43	43	41	41	<20	27	0	0	0	1	<20	<20	0	21	<20	<20	<20	<20	0	<20	<20	<20
HLA-DRB1_sig_4a0a9830f6	HLA-DRB1	HLA-DRB1*11:02:01:05	snv_plus_indel	0	2	1	1	0	False	True	intron_only	0	2	0	0	0	4804G>A;8978_8979insGT	intron1,intron2	,1	44	42	41	43	27	<20	0	0	0	1	25	<20	0	<20	<20	0	20	<20	0	<20	<20	0
HLA-DRB1_sig_add6e56b25	HLA-DRB1	HLA-DRB1*04:01:01:05	indel_nonhomopolymer	0	1	0	1	0	False	True	intron_only	0	1	0	0	0	8822_8823insGT	intron2	1	42	42	41	41	27	<20	0	0	0	1	<20	<20	0	20	<20	<20	<20	<20	0	<20	<20	<20
HLA-DRB1_sig_5022a7f0f5	HLA-DRB1	HLA-DRB1*07:01:01:02	snv_plus_indel	0	2	1	1	0	False	True	intron_only	0	2	0	0	0	8533A>G;15427_15430delGAAG	intron1,intron5	,1	46	44	40	42	20	26	0	0	0	1	38	<20	0	<20	0	0	30	<20	0	0	0	0
HLA-DRB1_sig_7660ea6219	HLA-DRB1	HLA-DRB1*14:54:12	snv_only	0	1	1	0	0	False	True	touches_cds	0	0	0	1	0	11117G>A	exon3		42	41	40	41	21	21	0	0	0	1	<20	<20	<20	<20	<20	<20	<20	<20	<20	<20	<20	<20
HLA-DRB1_sig_4840082c3c	HLA-DRB1	HLA-DRB1*15:01:01:25	indel_nonhomopolymer	0	1	0	1	0	False	True	intron_only	0	1	0	0	0	10185delG	intron5	0	40	40	40	40	22	<20	0	0	0	1	<20	<20	0	<20	0	<20	<20	<20	0	<20	0	<20
HLA-DRB1_sig_f9e1385828	HLA-DRB1	HLA-DRB1*14:04:01:02	homopolymer_only	0	1	0	1	1	True	True	intron_only	0	1	0	0	0	2808_2809insT	intron1	16	41	40	39	40	<20	25	0	<20	0	1	0	<20	0	<20	<20	36	0	<20	0	0	0	36
HLA-DRB1_sig_d550c885d0	HLA-DRB1	HLA-DRB1*10:01:01:03	snv_only	0	1	1	0	0	False	True	intron_only	0	1	0	0	0	9043T>A	intron2		39	39	39	39	<20	24	0	0	0	1	<20	<20	<20	<20	0	<20	0	<20	0	<20	0	<20
HLA-DRB1_sig_8909aae868	HLA-DRB1	HLA-DRB1*14:04:01:01	indel_nonhomopolymer	0	1	0	1	0	False	True	intron_only	0	1	0	0	0	9071_9074delGTGA	intron2	1	40	39	39	40	21	<20	0	0	0	1	0	<20	<20	<20	<20	32	0	<20	<20	<20	<20	31
HLA-DRB1_sig_c988d2278c	HLA-DRB1	HLA-DRB1*03:01:01:03	snv_only	0	1	1	0	0	False	True	intron_only	0	1	0	0	0	9726A>C	intron2		43	40	38	41	<20	27	0	0	0	1	26	<20	0	<20	<20	<20	21	<20	0	0	<20	<20
HLA-DRB1_sig_75797523ee	HLA-DRB1	HLA-DRB1*15:01:01:01	snv_only	0	1	1	0	0	False	True	touches_cds	0	0	0	1	0	5545T>C	exon2		41	38	37	40	<20	29	0	0	0	1	28	<20	0	<20	<20	<20	23	<20	0	0	<20	<20
HLA-DRB1_sig_48ecc9d47b	HLA-DRB1	HLA-DRB1*11:01:02:03	snv_plus_indel	0	2	1	1	0	False	True	intron_only	0	2	0	0	0	4376G>A;8978_8979insGTGT	intron1,intron2	,1	39	38	37	38	<20	22	0	0	0	1	35	<20	0	0	<20	0	32	<20	0	0	<20	0
HLA-DRB1_sig_e572c6b212	HLA-DRB1	HLA-DRB1*07:01:01:01	indel_nonhomopolymer	0	1	0	1	0	False	True	intron_only	0	1	0	0	0	15424_15425insGAAG	intron5	1	36	36	36	36	21	<20	0	0	0	1	<20	<20	<20	<20	<20	<20	<20	<20	<20	<20	<20	<20
HLA-DRB1_sig_9a6af3c95b	HLA-DRB1	HLA-DRB1*13:325	snv_plus_indel	0	2	1	1	0	False	True	touches_cds	0	1	0	1	0	8465_8466insGTGT;10897A>G	intron2,exon3	1,	37	36	36	37	<20	<20	0	0	0	1	<20	<20	<20	<20	0	<20	<20	0	0	<20	0	<20
HLA-DRB1_sig_2d581e2e65	HLA-DRB1	HLA-DRB1*07:01:01:01	indel_nonhomopolymer	0	1	0	1	0	False	True	intron_only	0	1	0	0	0	15425_15428delGAAG	intron5	1	38	36	36	38	21	<20	0	0	0	1	<20	<20	<20	<20	<20	0	<20	<20	<20	<20	<20	0
HLA-DRB1_sig_1906bb2d8e	HLA-DRB1	HLA-DRB1*12:01:01:03	indel_nonhomopolymer	0	1	0	1	0	False	True	intron_only	0	1	0	0	0	8990_8991delGT	intron2	1	38	38	35	35	<20	20	0	0	0	1	<20	<20	0	<20	<20	<20	<20	<20	0	<20	<20	<20
HLA-DRB1_sig_1bd056dacb	HLA-DRB1	HLA-DRB1*04:01:01:01	indel_nonhomopolymer	0	1	0	1	0	False	True	intron_only	0	1	0	0	0	9250_9251delGT	intron2	1	37	37	35	35	20	<20	0	0	0	1	<20	<20	0	26	0	0	<20	<20	0	24	0	0
HLA-DRB1_sig_3a8c302088	HLA-DRB1	HLA-DRB1*07:01:01:01	indel_nonhomopolymer	0	1	0	1	0	False	True	intron_only	0	1	0	0	0	1774_1775insCA	intron1	1	35	35	35	35	<20	26	0	0	0	1	25	<20	<20	<20	<20	<20	25	<20	<20	<20	<20	<20
HLA-DRB1_sig_7402014f95	HLA-DRB1	HLA-DRB1*13:325	snv_plus_indel	0	2	1	1	0	False	True	touches_cds	0	1	0	1	0	8465_8466insGT;10897A>G	intron2,exon3	1,	34	34	34	34	<20	20	0	0	0	1	<20	<20	0	20	0	0	<20	<20	0	<20	0	0
HLA-DRB1_sig_8980a669b7	HLA-DRB1	HLA-DRB1*11:01:02:03	indel_nonhomopolymer	0	1	0	1	0	False	True	intron_only	0	1	0	0	0	8978_8979insGT	intron2	1	34	34	34	34	<20	21	0	0	0	1	27	<20	0	<20	0	0	22	<20	0	0	0	0
HLA-DRB1_sig_122a8fc475	HLA-DRB1	HLA-DRB1*15:01:01:03	homopolymer_only	0	1	0	1	1	True	True	intron_only	0	1	0	0	0	9801_9802insT	intron5	23	35	35	33	33	<20	23	0	0	0	1	0	<20	<20	<20	0	<20	0	<20	<20	<20	0	<20
HLA-DRB1_sig_bbbf0787ee	HLA-DRB1	HLA-DRB1*15:02:01:05	homopolymer_only	0	1	0	1	1	True	True	intron_only	0	1	0	0	0	9747_9748insT	intron5	26	35	35	33	33	<20	20	0	0	0	1	<20	<20	26	<20	0	<20	<20	0	26	0	0	0
HLA-DRB1_sig_6d83a8cfc7	HLA-DRB1	HLA-DRB1*04:07:01:01	homopolymer_only	0	2	0	2	2	True	True	intron_only	0	2	0	0	0	3304_3305insT;10121_10122insC	intron1,intron2	11,6	34	34	33	33	<20	<20	0	0	0	1	<20	<20	<20	<20	0	0	<20	<20	0	<20	0	0
HLA-DRB1_sig_412410756e	HLA-DRB1	HLA-DRB1*12:02:01:11	snv_only	0	1	1	0	0	False	True	intron_only	0	1	0	0	0	6182C>T	intron1		36	34	33	35	<20	<20	0	0	0	1	0	<20	<20	<20	0	<20	0	0	<20	<20	0	<20
HLA-DRB1_sig_e6aba99b95	HLA-DRB1	HLA-DRB1*11:04:01:01	snv_only	0	1	1	0	0	False	True	intron_only	0	1	0	0	0	9061A>T	intron2		33	33	33	33	<20	20	0	0	0	1	<20	<20	0	30	0	<20	0	<20	0	<20	0	0
HLA-DRB1_sig_74dcb37379	HLA-DRB1	HLA-DRB1*04:03:01:04	snv_only	0	3	3	0	0	False	True	touches_cds	0	1	0	2	0	623A>G;8744T>G;8745G>T	intron1,exon2,exon2	,,	33	33	32	32	<20	<20	0	0	0	1	<20	30	0	<20	0	0	0	29	0	0	0	0
HLA-DRB1_sig_6b83bce992	HLA-DRB1	HLA-DRB1*14:06:01	indel_nonhomopolymer	0	1	0	1	0	False	True	intron_only	0	1	0	0	0	8995_8996insGTGTGTGT	intron2	1	32	32	32	32	<20	25	0	0	0	1	0	31	0	<20	0	0	0	28	0	0	0	0
HLA-DRB1_sig_05c4ed87f3	HLA-DRB1	HLA-DRB1*14:243	snv_plus_indel	0	2	1	1	0	False	True	touches_cds	0	1	0	1	0	406T>G;8821_8824delGTGA	exon1,intron2	,1	32	32	32	32	<20	<20	0	0	0	1	<20	<20	0	25	<20	<20	<20	<20	0	0	0	0
HLA-DRB1_sig_28f1872707	HLA-DRB1	HLA-DRB1*07:01:01:04	homopolymer_only	0	1	0	1	1	True	True	intron_only	0	1	0	0	0	14918_14919insA	intron5	12	33	32	32	33	<20	<20	0	0	0	1	<20	<20	0	<20	0	<20	<20	<20	0	0	0	<20
HLA-DRB1_sig_895e2cd911	HLA-DRB1	HLA-DRB1*12:02:01:03	indel_nonhomopolymer	0	2	0	2	1	False	True	intron_only	0	2	0	0	0	3261_3262insTT;9005_9006insGTGT	intron1,intron2	14,1	32	31	31	32	<20	<20	0	0	0	1	0	<20	26	<20	0	<20	0	0	26	0	0	<20
HLA-DRB1_sig_8456bdef0c	HLA-DRB1	HLA-DRB1*03:01:01:01	snv_plus_indel	0	4	3	1	0	False	True	intron_only	0	4	0	0	0	2124A>T;3466C>T;9013_9014insGT;9294C>G	intron1,intron1,intron2,intron2	,,1,	31	31	30	30	<20	20	0	0	0	1	22	<20	0	<20	<20	0	21	<20	0	0	<20	0
HLA-DRB1_sig_3d72e3628e	HLA-DRB1	HLA-DRB1*10:01:01:03	snv_only	0	1	1	0	0	False	True	intron_only	0	1	0	0	0	6615G>A	intron1		30	30	30	30	<20	<20	0	0	0	1	<20	<20	0	<20	<20	0	<20	<20	0	0	<20	0
HLA-DRB1_sig_8825d99502	HLA-DRB1	HLA-DRB1*01:01:01:01	indel_nonhomopolymer	0	1	0	1	0	False	True	intron_only	0	1	0	0	0	6262_6263insGT	intron2	1	30	30	30	30	<20	<20	0	0	0	1	<20	<20	<20	<20	0	0	<20	<20	0	<20	0	0
HLA-DRB1_sig_cec468e309	HLA-DRB1	HLA-DRB1*12:01:01:03	indel_nonhomopolymer	0	1	0	1	0	False	True	intron_only	0	1	0	0	0	9048_9049delGA	intron2	1	30	30	30	30	<20	<20	0	0	0	1	0	<20	0	28	0	<20	0	<20	0	0	0	<20
HLA-DRB1_sig_f50fac14a9	HLA-DRB1	HLA-DRB1*10:01:01:03	snv_only	0	1	1	0	0	False	True	intron_only	0	1	0	0	0	3325G>A	intron1		30	30	29	29	<20	<20	0	0	0	1	22	<20	0	0	<20	0	<20	<20	0	0	<20	0
HLA-DRB1_sig_a41dbb97b1	HLA-DRB1	HLA-DRB1*09:01:02:04	homopolymer_only	0	1	0	1	1	True	True	intron_only	0	1	0	0	0	5188_5189insT	intron1	14	31	30	29	30	<20	<20	0	0	0	1	<20	<20	<20	<20	0	<20	0	<20	<20	<20	0	<20
HLA-DRB1_sig_348b83a653	HLA-DRB1	HLA-DRB1*04:03:01:02	indel_nonhomopolymer	0	3	0	3	2	False	True	intron_only	0	3	0	0	0	5843_5844insAAA;9314_9317delGAGA;9998_9999insTT	intron1,intron2,intron2	11,1,9	29	29	29	29	<20	<20	0	0	0	1	<20	<20	<20	<20	0	<20	0	<20	<20	0	0	<20
HLA-DRB1_sig_e7518e5d09	HLA-DRB1	HLA-DRB1*13:02:01:03	snv_plus_indel	0	2	1	1	0	False	True	involves_utr	0	1	1	0	0	216G>C;9012_9013insGT	UTR5,intron2	,1	29	29	29	29	<20	<20	0	0	0	1	23	<20	0	<20	0	0	21	<20	0	<20	0	0
HLA-DRB1_sig_1e37a5825f	HLA-DRB1	HLA-DRB1*01:01:01:01	indel_nonhomopolymer	0	1	0	1	0	False	True	intron_only	0	1	0	0	0	6262_6263insGTGTGTGTGT	intron2	1	30	29	29	30	<20	<20	0	0	0	1	23	<20	<20	0	0	0	<20	0	0	0	0	0
HLA-DRB1_sig_f3abdbdc4b	HLA-DRB1	HLA-DRB1*13:02:01:07	indel_nonhomopolymer	0	1	0	1	0	False	True	intron_only	0	1	0	0	0	8560_8561delGT	intron2	1	30	30	28	28	<20	<20	0	0	0	1	23	<20	<20	<20	0	0	<20	<20	0	<20	0	0
HLA-DRB1_sig_a39d67a0c3	HLA-DRB1	HLA-DRB1*04:05:01:05	indel_nonhomopolymer	0	2	0	2	1	False	True	intron_only	0	2	0	0	0	6610delT;8823_8824insGT	intron1,intron2	19,1	29	29	28	28	<20	<20	0	0	0	1	<20	<20	0	<20	<20	0	<20	<20	0	<20	<20	0
HLA-DRB1_sig_384c548d55	HLA-DRB1	HLA-DRB1*13:02:01:02	indel_nonhomopolymer	0	1	0	1	0	False	True	intron_only	0	1	0	0	0	9012_9013insGT	intron2	1	29	29	28	28	<20	<20	0	0	0	1	<20	<20	<20	<20	<20	0	<20	<20	<20	<20	<20	0
HLA-DRB1_sig_4e0ce78d85	HLA-DRB1	HLA-DRB1*04:05:01:04	indel_nonhomopolymer	0	3	0	3	2	False	True	intron_only	0	3	0	0	0	5394_5395insA;6609_6610insT;8863_8864delGA	intron1,intron1,intron2	13,17,1	28	28	28	28	<20	<20	0	0	0	1	0	0	25	<20	0	<20	0	0	23	0	0	0
HLA-DRB1_sig_e710363cdd	HLA-DRB1	HLA-DRB1*15:03:01:03	homopolymer_only	0	1	0	1	1	True	True	intron_only	0	1	0	0	0	9758_9759insT	intron5	23	29	28	27	28	<20	<20	0	0	0	1	20	<20	0	0	0	0	<20	<20	0	0	0	0
HLA-DRB1_sig_fb1394eb67	HLA-DRB1	HLA-DRB1*14:01:01:01	indel_nonhomopolymer	0	2	0	2	1	False	True	intron_only	0	2	0	0	0	3270_3271insTTTT;9067_9070delGAGA	intron1,intron2	13,1	27	27	27	27	<20	<20	0	0	0	1	0	<20	0	<20	<20	<20	0	<20	0	<20	<20	<20
HLA-DRB1_sig_c95142993a	HLA-DRB1	HLA-DRB1*13:01:01:01	snv_plus_indel	0	2	1	1	0	False	True	intron_only	0	2	0	0	0	9019_9022delGTGT;9126A>G	intron2,intron2	1,	29	28	26	27	<20	<20	0	0	0	1	24	<20	0	0	<20	0	<20	<20	0	0	<20	0
HLA-DRB1_sig_297f8b9908	HLA-DRB1	HLA-DRB1*01:01:01:01	snv_only	0	1	1	0	0	False	True	involves_utr	0	0	1	0	0	10917T>C	UTR3		27	27	26	26	<20	<20	0	0	0	1	0	0	<20	<20	0	25	0	0	<20	0	0	25
HLA-DRB1_sig_35e6ba0eb8	HLA-DRB1	HLA-DRB1*15:02:20	snv_plus_indel	0	2	1	1	0	False	True	touches_cds	0	1	0	1	0	5739_5740delGT;8113T>C	intron2,exon3	1,	26	26	26	26	<20	<20	0	0	0	1	0	0	<20	<20	0	<20	0	0	<20	0	0	<20
HLA-DRB1_sig_bc19c293ec	HLA-DRB1	HLA-DRB1*04:11:01:02	indel_nonhomopolymer	0	2	0	2	1	False	True	intron_only	0	2	0	0	0	5299_5300insA;8769_8770insGTGA	intron1,intron2	13,1	26	26	25	25	<20	<20	0	0	0	1	0	24	0	<20	0	0	0	20	0	0	0	0
HLA-DRB1_sig_054ad4cca1	HLA-DRB1	HLA-DRB1*13:325	snv_only	0	1	1	0	0	False	True	touches_cds	0	0	0	1	0	10897A>G	exon3		26	26	25	25	<20	<20	0	0	0	1	<20	<20	0	<20	<20	0	<20	<20	0	<20	<20	0
HLA-DRB1_sig_cca61980f3	HLA-DRB1	HLA-DRB1*13:03:01:03	homopolymer_only	0	1	0	1	1	True	True	intron_only	0	1	0	0	0	3241delT	intron1	13	26	26	25	25	<20	<20	0	<20	0	1	24	<20	0	0	0	0	23	<20	0	0	0	0
HLA-DRB1_sig_fe91beffcc	HLA-DRB1	HLA-DRB1*09:01:02:03	snv_plus_indel	0	2	1	1	1	False	True	intron_only	0	2	0	0	0	5188_5189insT;10900T>A	intron1,intron2	14,	27	26	25	26	<20	<20	0	0	0	1	<20	0	<20	<20	<20	<20	<20	0	<20	<20	<20	<20
HLA-DRB1_sig_6ed4f01fba	HLA-DRB1	HLA-DRB1*04:01:01:01	indel_nonhomopolymer	0	1	0	1	0	False	True	intron_only	0	1	0	0	0	9249_9250insGT	intron2	1	28	27	24	25	<20	<20	0	0	0	1	0	<20	<20	<20	<20	<20	0	<20	<20	<20	<20	<20
HLA-DRB1_sig_a7b28ba856	HLA-DRB1	HLA-DRB1*04:03:01:03	snv_plus_indel	0	2	1	1	0	False	True	intron_only	0	2	0	0	0	8867_8870delGAGA;11215T>A	intron2,intron2	1,	25	25	24	24	<20	<20	0	0	0	1	0	<20	<20	<20	<20	<20	0	<20	<20	<20	<20	<20
HLA-DRB1_sig_ba956870a0	HLA-DRB1	HLA-DRB1*11:04:01:04	indel_nonhomopolymer	0	1	0	1	0	False	True	intron_only	0	1	0	0	0	8974_8975insGT	intron2	1	24	24	24	24	<20	<20	0	0	0	1	0	<20	0	<20	<20	0	0	<20	0	<20	<20	0
HLA-DRB1_sig_397872bcc3	HLA-DRB1	HLA-DRB1*08:02:01:01	indel_nonhomopolymer	0	1	0	1	0	False	True	intron_only	0	1	0	0	0	9022_9025delGTGT	intron2	1	24	23	23	24	<20	<20	0	0	0	1	0	<20	<20	0	0	<20	0	<20	<20	0	0	<20
HLA-DRB1_sig_b086502231	HLA-DRB1	HLA-DRB1*15:02:01:06	snv_plus_indel	0	2	1	1	0	False	True	intron_only	0	2	0	0	0	5833_5834delGT;7474T>C	intron2,intron2	1,	23	23	23	23	<20	<20	0	0	0	1	<20	0	<20	<20	0	<20	0	0	<20	<20	0	<20
HLA-DRB1_sig_1be9031135	HLA-DRB1	HLA-DRB1*04:02:01	homopolymer_only	0	2	0	2	2	True	True	intron_only	0	2	0	0	0	5394_5395insA;6607_6608insT	intron1,intron1	13,18	22	22	22	22	<20	<20	0	0	0	1	0	<20	0	<20	<20	0	0	<20	0	0	<20	0
HLA-DRB1_sig_dd1f989d3a	HLA-DRB1	HLA-DRB1*04:04:01:05	indel_nonhomopolymer	0	1	0	1	0	False	True	intron_only	0	1	0	0	0	8821_8824delGTGT	intron2	1	22	22	21	21	<20	<20	0	0	0	1	<20	20	0	<20	0	0	0	<20	0	<20	0	0
HLA-DRB1_sig_68087f2d15	HLA-DRB1	HLA-DRB1*13:01:01:01	indel_nonhomopolymer	0	1	0	1	0	False	True	intron_only	0	1	0	0	0	9064_9065insGA	intron2	1	21	21	21	21	<20	<20	0	0	0	1	<20	<20	<20	<20	0	<20	<20	<20	<20	<20	0	<20
HLA-DRB1_sig_d08b2fb89f	HLA-DRB1	HLA-DRB1*04:05:01:05	homopolymer_only	0	1	0	1	1	True	True	intron_only	0	1	0	0	0	6610delT	intron1	19	21	21	21	21	<20	<20	0	0	0	1	<20	<20	0	<20	<20	0	<20	<20	0	<20	<20	0
HLA-DRB1_sig_6b8230f08d	HLA-DRB1	HLA-DRB1*04:02:01	indel_nonhomopolymer	0	3	0	3	2	False	True	intron_only	0	3	0	0	0	5394_5395insA;6607_6608insT;8863_8864insGA	intron1,intron1,intron2	13,18,1	21	21	20	20	<20	<20	0	0	0	1	0	<20	0	<20	<20	<20	0	<20	0	0	<20	<20
HLA-DRB1_sig_8260212a62	HLA-DRB1	HLA-DRB1*11:01:01:01	indel_nonhomopolymer	0	1	0	1	0	False	True	intron_only	0	1	0	0	0	9011_9012insGT	intron2	1	23	21	20	22	<20	<20	0	0	0	1	0	<20	<20	<20	<20	<20	0	<20	0	<20	<20	<20
HLA-DRB1_sig_9eaa9ffd80	HLA-DRB1	HLA-DRB1*11:01:02:03	snv_plus_indel	0	2	1	1	0	False	True	intron_only	0	2	0	0	0	4376G>A;8978_8979insGT	intron1,intron2	,1	20	20	20	20	<20	<20	0	0	0	1	<20	<20	0	0	0	0	<20	<20	0	0	0	0
HLA-DRB1_sig_c8d49f0cd0	HLA-DRB1	HLA-DRB1*11:36	snv_only	0	1	1	0	0	False	True	touches_cds	0	0	0	1	0	8333C>A	exon2		20	20	20	20	<20	<20	0	0	0	1	<20	<20	0	<20	0	0	<20	<20	0	0	0	0
