gene	unrelated_only	carrier_haplotypes_bin	n_signatures
HLA-A	False	1	355
HLA-A	False	2	<20
HLA-A	False	3	<20
HLA-A	False	4	0
HLA-A	False	5	<20
HLA-A	False	6-10	0
HLA-A	False	11-20	0
HLA-A	False	21-50	0
HLA-A	False	51-100	0
HLA-A	False	101-1000	0
HLA-A	False	>1000	0
HLA-B	False	1	683
HLA-B	False	2	68
HLA-B	False	3	24
HLA-B	False	4	<20
HLA-B	False	5	<20
HLA-B	False	6-10	<20
HLA-B	False	11-20	<20
HLA-B	False	21-50	<20
HLA-B	False	51-100	0
HLA-B	False	101-1000	0
HLA-B	False	>1000	0
HLA-C	False	1	677
HLA-C	False	2	48
HLA-C	False	3	<20
HLA-C	False	4	<20
HLA-C	False	5	0
HLA-C	False	6-10	<20
HLA-C	False	11-20	<20
HLA-C	False	21-50	<20
HLA-C	False	51-100	<20
HLA-C	False	101-1000	0
HLA-C	False	>1000	0
HLA-DPA1	False	1	921
HLA-DPA1	False	2	76
HLA-DPA1	False	3	34
HLA-DPA1	False	4	<20
HLA-DPA1	False	5	<20
HLA-DPA1	False	6-10	21
HLA-DPA1	False	11-20	<20
HLA-DPA1	False	21-50	<20
HLA-DPA1	False	51-100	<20
HLA-DPA1	False	101-1000	0
HLA-DPA1	False	>1000	0
HLA-DPB1	False	1	1745
HLA-DPB1	False	2	162
HLA-DPB1	False	3	58
HLA-DPB1	False	4	28
HLA-DPB1	False	5	28
HLA-DPB1	False	6-10	44
HLA-DPB1	False	11-20	26
HLA-DPB1	False	21-50	<20
HLA-DPB1	False	51-100	<20
HLA-DPB1	False	101-1000	<20
HLA-DPB1	False	>1000	0
HLA-DQA1	False	1	974
HLA-DQA1	False	2	78
HLA-DQA1	False	3	<20
HLA-DQA1	False	4	<20
HLA-DQA1	False	5	<20
HLA-DQA1	False	6-10	22
HLA-DQA1	False	11-20	<20
HLA-DQA1	False	21-50	<20
HLA-DQA1	False	51-100	<20
HLA-DQA1	False	101-1000	<20
HLA-DQA1	False	>1000	0
HLA-DQB1	False	1	990
HLA-DQB1	False	2	56
HLA-DQB1	False	3	<20
HLA-DQB1	False	4	<20
HLA-DQB1	False	5	<20
HLA-DQB1	False	6-10	<20
HLA-DQB1	False	11-20	<20
HLA-DQB1	False	21-50	0
HLA-DQB1	False	51-100	<20
HLA-DQB1	False	101-1000	0
HLA-DQB1	False	>1000	0
HLA-DRB1	False	1	3256
HLA-DRB1	False	2	398
HLA-DRB1	False	3	161
HLA-DRB1	False	4	87
HLA-DRB1	False	5	69
HLA-DRB1	False	6-10	149
HLA-DRB1	False	11-20	68
HLA-DRB1	False	21-50	63
HLA-DRB1	False	51-100	23
HLA-DRB1	False	101-1000	<20
HLA-DRB1	False	>1000	0
ALL	False	1	9601
ALL	False	2	902
ALL	False	3	321
ALL	False	4	160
ALL	False	5	120
ALL	False	6-10	267
ALL	False	11-20	127
ALL	False	21-50	94
ALL	False	51-100	31
ALL	False	101-1000	<20
ALL	False	>1000	0
HLA-A	True	1	352
HLA-A	True	2	<20
HLA-A	True	3	<20
HLA-A	True	4	0
HLA-A	True	5	<20
HLA-A	True	6-10	0
HLA-A	True	11-20	0
HLA-A	True	21-50	0
HLA-A	True	51-100	0
HLA-A	True	101-1000	0
HLA-A	True	>1000	0
HLA-B	True	1	680
HLA-B	True	2	64
HLA-B	True	3	22
HLA-B	True	4	<20
HLA-B	True	5	<20
HLA-B	True	6-10	<20
HLA-B	True	11-20	<20
HLA-B	True	21-50	<20
HLA-B	True	51-100	0
HLA-B	True	101-1000	0
HLA-B	True	>1000	0
HLA-C	True	1	659
HLA-C	True	2	44
HLA-C	True	3	<20
HLA-C	True	4	<20
HLA-C	True	5	0
HLA-C	True	6-10	<20
HLA-C	True	11-20	<20
HLA-C	True	21-50	<20
HLA-C	True	51-100	<20
HLA-C	True	101-1000	0
HLA-C	True	>1000	0
HLA-DPA1	True	1	910
HLA-DPA1	True	2	74
HLA-DPA1	True	3	28
HLA-DPA1	True	4	<20
HLA-DPA1	True	5	<20
HLA-DPA1	True	6-10	<20
HLA-DPA1	True	11-20	<20
HLA-DPA1	True	21-50	<20
HLA-DPA1	True	51-100	<20
HLA-DPA1	True	101-1000	0
HLA-DPA1	True	>1000	0
HLA-DPB1	True	1	1734
HLA-DPB1	True	2	148
HLA-DPB1	True	3	56
HLA-DPB1	True	4	29
HLA-DPB1	True	5	26
HLA-DPB1	True	6-10	41
HLA-DPB1	True	11-20	26
HLA-DPB1	True	21-50	<20
HLA-DPB1	True	51-100	0
HLA-DPB1	True	101-1000	<20
HLA-DPB1	True	>1000	0
HLA-DQA1	True	1	956
HLA-DQA1	True	2	73
HLA-DQA1	True	3	<20
HLA-DQA1	True	4	<20
HLA-DQA1	True	5	<20
HLA-DQA1	True	6-10	22
HLA-DQA1	True	11-20	<20
HLA-DQA1	True	21-50	<20
HLA-DQA1	True	51-100	<20
HLA-DQA1	True	101-1000	<20
HLA-DQA1	True	>1000	0
HLA-DQB1	True	1	967
HLA-DQB1	True	2	56
HLA-DQB1	True	3	<20
HLA-DQB1	True	4	<20
HLA-DQB1	True	5	<20
HLA-DQB1	True	6-10	<20
HLA-DQB1	True	11-20	<20
HLA-DQB1	True	21-50	0
HLA-DQB1	True	51-100	<20
HLA-DQB1	True	101-1000	0
HLA-DQB1	True	>1000	0
HLA-DRB1	True	1	3202
HLA-DRB1	True	2	383
HLA-DRB1	True	3	149
HLA-DRB1	True	4	92
HLA-DRB1	True	5	65
HLA-DRB1	True	6-10	144
HLA-DRB1	True	11-20	69
HLA-DRB1	True	21-50	62
HLA-DRB1	True	51-100	21
HLA-DRB1	True	101-1000	<20
HLA-DRB1	True	>1000	0
ALL	True	1	9460
ALL	True	2	856
ALL	True	3	300
ALL	True	4	162
ALL	True	5	117
ALL	True	6-10	255
ALL	True	11-20	127
ALL	True	21-50	93
ALL	True	51-100	28
ALL	True	101-1000	<20
ALL	True	>1000	0
